instrument_key,isin,cusip,security_name,security_ticker,asset_cat,country,first_seen_date
US74989UAJ25,US74989UAJ25,74989UAJ2,RR Ltd,,ABS-CBDO,BM,2026-01
US78110TAQ22,US78110TAQ22,78110TAQ2,RR Ltd,,ABS-CBDO,BM,2026-01
US103228AN27,US103228AN27,103228AN2,BOYCE PARK CLO LLC 2022-1A,,ABS-CBDO,JE,2026-03
US056920AA98,US056920AA98,056920AA9,"Bain Capital Credit CLO, Limited",,ABS-CBDO,JE,2026-01
US09077RAL33,US09077RAL33,09077RAL3,Birch Grove CLO Ltd.,,ABS-CBDO,JE,2026-01
US09609QAA67,US09609QAA67,09609QAA6,Blueberry Park CLO,,ABS-CBDO,JE,2026-01
US14688HAA05,US14688HAA05,14688HAA0,Carval CLO LTD,,ABS-CBDO,JE,2026-01
US38178DAU19,US38178DAU19,38178DAU1,"Golub Capital Partners CLO, LTD",,ABS-CBDO,JE,2026-01
US38181AAA60,US38181AAA60,38181AAA6,"Golub Capital Partners CLO, LTD",,ABS-CBDO,JE,2026-01
US40638LAL36,US40638LAL36,40638LAL3,"HalseyPoint CLO I, Ltd.",,ABS-CBDO,JE,2026-01
US67570FAA30,US67570FAA30,67570FAA3,OCP CLO Ltd,,ABS-CBDO,JE,2026-01
US758970AA56,US758970AA56,758970AA5,Regatta XXVII Funding Ltd.,,ABS-CBDO,JE,2026-01
US82671XAQ60,US82671XAQ60,82671XAQ6,"Signal Peak CLO, LLC",,ABS-CBDO,JE,2026-01
US00038KBE01,US00038KBE01,00038KBE0,AB BSL CLO 1 Ltd,,ABS-CBDO,KY,2026-01
US00122JAA97,US00122JAA97,00122JAA9,AGL CLO Ltd.,,ABS-CBDO,KY,2026-01
US04018NAW11,US04018NAW11,04018NAW1,ARES CLO Ltd,,ABS-CBDO,KY,2026-01
US04942FAL31,US04942FAL31,04942FAL3,ATCLO-2021-17A,,ABS-CBDO,KY,2026-03
US00901JAA60,US00901JAA60,00901JAA6,Aimco,,ABS-CBDO,KY,2026-01
US016269AJ19,US016269AJ19,016269AJ1,Alinea CLO LTD,,ABS-CBDO,KY,2026-01
US03328TBS33,US03328TBS33,03328TBS3,Anchorage Capital CLO LTD,,ABS-CBDO,KY,2026-01
US09628VAW46,US09628VAW46,09628VAW4,BLUEMOUNTAIN CLO LTD 2016-3A,,ABS-CBDO,KY,2026-03
US09630AAN63,US09630AAN63,09630AAN6,BLUEMOUNTAIN CLO LTD 2018-3A,,ABS-CBDO,KY,2026-03
US05685AAQ13,US05685AAQ13,05685AAQ1,"Bain Capital Credit CLO, Limited",,ABS-CBDO,KY,2026-01
US07132ACN19,US07132ACN19,07132ACN1,Battalion CLO LTD,,ABS-CBDO,KY,2026-01
US07132EAS46,US07132EAS46,07132EAS4,Battalion CLO LTD,,ABS-CBDO,KY,2026-01
US09076VAQ41,US09076VAQ41,09076VAQ4,Birch Grove CLO Ltd.,,ABS-CBDO,KY,2026-01
US09090QAA22,US09090QAA22,09090QAA2,Birch Grove CLO Ltd.,,ABS-CBDO,KY,2026-01
US11766CAA27,US11766CAA27,11766CAA2,Bryant Park Funding Ltd,,ABS-CBDO,KY,2026-01
US12482JAA88,US12482JAA88,12482JAA8,CBAM CLO Management,,ABS-CBDO,KY,2026-01
US12551JAL08,US12551JAL08,12551JAL0,CIFC FUNDING LTD 2017-4A,,ABS-CBDO,KY,2026-03
US12547DAN66,US12547DAN66,12547DAN6,CIFC Funding Ltd,,ABS-CBDO,KY,2026-01
US12551MAL37,US12551MAL37,12551MAL3,CIFC Funding Ltd,,ABS-CBDO,KY,2026-01
US17180WAJ45,US17180WAJ45,17180WAJ4,CIFC Funding Ltd,,ABS-CBDO,KY,2026-01
US17181PAC32,US17181PAC32,17181PAC3,CIFC Funding Ltd,,ABS-CBDO,KY,2026-01
US12676EAE77,US12676EAE77,12676EAE7,CQS US CLO Ltd,,ABS-CBDO,KY,2026-01
US146918AA59,US146918AA59,146918AA5,Carval CLO LTD,,ABS-CBDO,KY,2026-01
US26244RAF82,US26244RAF82,26244RAF8,DRSLF-2017-54A,,ABS-CBDO,KY,2026-03
US26251LAC81,US26251LAC81,26251LAC8,DRYDEN CLO LTD 2018-64A,,ABS-CBDO,KY,2026-03
US26245CBQ50,US26245CBQ50,26245CBQ5,Dryden Senior Loan Fund,,ABS-CBDO,KY,2026-01
US29004CAA62,US29004CAA62,29004CAA6,Elmwood CLO 26 Ltd,,ABS-CBDO,KY,2026-01
US29001LBA89,US29001LBA89,29001LBA8,Elmwood CLO II Ltd.,,ABS-CBDO,KY,2026-01
US29002HAY53,US29002HAY53,29002HAY5,Elmwood CLO III Ltd,,ABS-CBDO,KY,2026-01
US29246AAL44,US29246AAL44,29246AAL4,Empower CLO Ltd.,,ABS-CBDO,KY,2026-01
US30343TAA79,US30343TAA79,30343TAA7,FS Rialto Issuer Ltd,,ABS-CBDO,KY,2026-01
US36361UAL44,US36361UAL44,36361UAL4,"GALLATIN FUNDING LTD, GALLATIN CLO VII LLC 2017-1A",,ABS-CBDO,KY,2026-03
US381733AJ31,US381733AJ31,381733AJ3,GOLUB CAPITAL PARTNERS CLO 60A LTD,,ABS-CBDO,KY,2026-03
US36320TBM45,US36320TBM45,36320TBM4,Galaxy CLO Ltd,,ABS-CBDO,KY,2026-01
US38136NAY22,US38136NAY22,38136NAY2,"GoldenTree Loan Management US CLO1, LTD",,ABS-CBDO,KY,2026-01
US38180QAA22,US38180QAA22,38180QAA2,"Golub Capital Partners CLO, LTD",,ABS-CBDO,KY,2026-01
US40639GAN97,US40639GAN97,40639GAN9,"HalseyPoint CLO I, Ltd.",,ABS-CBDO,KY,2026-01
US48252KAA79,US48252KAA79,48252KAA7,KKR Financial CLO Ltd,,ABS-CBDO,KY,2026-01
US48253YBL11,US48253YBL11,48253YBL1,KKR Financial CLO Ltd,,ABS-CBDO,KY,2026-01
US48254LAN55,US48254LAN55,48254LAN5,KKR Financial CLO Ltd,,ABS-CBDO,KY,2026-01
US50201MAQ69,US50201MAQ69,50201MAQ6,LCM 29 LTD,,ABS-CBDO,KY,2026-03
US62432FAV67,US62432FAV67,62432FAV6,MOUNTAIN VIEW CLO 2016-1 LLC,,ABS-CBDO,KY,2026-03
US55821TAQ04,US55821TAQ04,55821TAQ0,Madison Park Funding Ltd,,ABS-CBDO,KY,2026-01
US55822GAQ73,US55822GAQ73,55822GAQ7,Madison Park Funding Ltd,,ABS-CBDO,KY,2026-01
US647550AQ51,US647550AQ51,647550AQ5,New Mountain CLO Ltd,,ABS-CBDO,KY,2026-01
US67110UBA60,US67110UBA60,67110UBA6,OHA Loan Funding Ltd,,ABS-CBDO,KY,2026-01
US67112RBC79,US67112RBC79,67112RBC7,Oak Hill Credit Partners,,ABS-CBDO,KY,2026-01
US67402FAU30,US67402FAU30,67402FAU3,Oaktree CLO Ltd,,ABS-CBDO,KY,2026-01
US67402PAA57,US67402PAA57,67402PAA5,Oaktree CLO Ltd,,ABS-CBDO,KY,2026-01
US696918AA95,US696918AA95,696918AA9,PALMER SQUARE LOAN FUNDING 2025-3 LTD 2025-3A,,ABS-CBDO,KY,2026-03
US69703NAJ37,US69703NAJ37,69703NAJ3,PALMER SQUARE LOAN FUNDING LTD 2024-1A,,ABS-CBDO,KY,2026-03
US73742FAJ57,US73742FAJ57,73742FAJ5,POST CLO 2021-1 LTD,,ABS-CBDO,KY,2026-03
US696924AN92,US696924AN92,696924AN9,Palmer Square CLO Ltd,,ABS-CBDO,KY,2026-01
US69690EAC30,US69690EAC30,69690EAC3,Palmer Square Loan Funding Ltd,,ABS-CBDO,KY,2026-01
US70019AAN90,US70019AAN90,70019AAN9,Park Blue CLO Ltd,,ABS-CBDO,KY,2026-01
US70019HAA23,US70019HAA23,70019HAA2,Park Blue CLO Ltd,,ABS-CBDO,KY,2026-01
US72132EAA73,US72132EAA73,72132EAA7,Pikes Peak CLO,,ABS-CBDO,KY,2026-01
US73743EAA64,US73743EAA64,73743EAA6,Post CLO LTD,,ABS-CBDO,KY,2026-01
US74989AAA51,US74989AAA51,74989AAA5,RR 36 LTD,,ABS-CBDO,KY,2026-01
US75903UAA16,US75903UAA16,75903UAA1,Regatta 30 Funding Ltd.,,ABS-CBDO,KY,2026-01
US75888KAL89,US75888KAL89,75888KAL8,Regatta VIII Funding Ltd,,ABS-CBDO,KY,2026-01
US75884YAK47,US75884YAK47,75884YAK4,Regatta XX Funding Ltd,,ABS-CBDO,KY,2026-01
US83611JAA34,US83611JAA34,83611JAA3,SOUND POINT CLO LTD 2018-2A,,ABS-CBDO,KY,2026-03
US83609YAC03,US83609YAC03,83609YAC0,SOUNDS POINT CLO IV-R LTD 2013-3RA,,ABS-CBDO,KY,2026-03
US78485KAA34,US78485KAA34,78485KAA3,STWD 2022-FL3 LTD,,ABS-CBDO,KY,2026-03
US82672NAA28,US82672NAA28,82672NAA2,"Signal Peak CLO, LLC",,ABS-CBDO,KY,2026-01
US87232BAF94,US87232BAF94,87232BAF9,TCI-Symphony CLO,,ABS-CBDO,KY,2026-01
US87248TAW53,US87248TAW53,87248TAW5,TICP CLO Ltd,,ABS-CBDO,KY,2026-01
US87249QAL41,US87249QAL41,87249QAL4,TICP CLO Ltd,,ABS-CBDO,KY,2026-01
US89641GAY89,US89641GAY89,89641GAY8,Trinitas CLO Ltd,,ABS-CBDO,KY,2026-01
US33883DAQ79,US33883DAQ79,33883DAQ7,Flatiron CLO Ltd,,ABS-CBDO,US,2026-01
US45339NAA46,US45339NAA46,45339NAA4,INCREF LLC,,ABS-CBDO,US,2026-01
US55287NAA54,US55287NAA54,55287NAA5,MF1 Multifamily Housing Mortgage Loan Trust,,ABS-CBDO,US,2026-01
AU3FN0091799,AU3FN0091799,000000000,FirstMac Mortgage Funding Trust,,ABS-MBS,AU,2026-01
AU3FN0095089,AU3FN0095089,000000000,Liberty Funding Pty Limited,,ABS-MBS,AU,2026-01
AU3FN0096822,AU3FN0096822,000000000,Sapphire Trust,,ABS-MBS,AU,2026-01
AU3FN0105516,AU3FN0105516,000000000,Westpac Securitisation Trust,,ABS-MBS,AU,2026-01
XS2819819942,XS2819819942,000000000,Atlas Funding,,ABS-MBS,GB,2026-01
XS2819820015,XS2819820015,000000000,Atlas Funding,,ABS-MBS,GB,2026-01
XS2819820106,XS2819820106,000000000,Atlas Funding,,ABS-MBS,GB,2026-01
XS2819820288,XS2819820288,000000000,Atlas Funding,,ABS-MBS,GB,2026-01
XS2813764979,XS2813764979,000000000,Auburn Securities PLC,,ABS-MBS,GB,2026-01
XS2913060989,XS2913060989,000000000,CITADEL PLC,,ABS-MBS,GB,2026-01
XS2913061797,XS2913061797,000000000,CITADEL PLC,,ABS-MBS,GB,2026-01
XS2913061870,XS2913061870,000000000,CITADEL PLC,,ABS-MBS,GB,2026-01
XS2913062092,XS2913062092,000000000,CITADEL PLC,,ABS-MBS,GB,2026-01
XS2790098359,XS2790098359,000000000,East One,,ABS-MBS,GB,2026-01
XS2790098433,XS2790098433,000000000,East One,,ABS-MBS,GB,2026-01
XS2790098607,XS2790098607,000000000,East One,,ABS-MBS,GB,2026-01
XS2843264586,XS2843264586,000000000,Edenbrook Mortgage Funding Plc,,ABS-MBS,GB,2026-01
XS2843264743,XS2843264743,000000000,Edenbrook Mortgage Funding Plc,,ABS-MBS,GB,2026-01
XS2742528479,XS2742528479,000000000,Elstree Funding,,ABS-MBS,GB,2026-01
XS2811064901,XS2811064901,000000000,Exmoor Funding PLC,,ABS-MBS,GB,2026-01
XS2811065460,XS2811065460,000000000,Exmoor Funding PLC,,ABS-MBS,GB,2026-01
XS2811065544,XS2811065544,000000000,Exmoor Funding PLC,,ABS-MBS,GB,2026-01
XS2802115167,XS2802115167,000000000,Hops Hill,,ABS-MBS,GB,2026-01
XS2802116561,XS2802116561,000000000,Hops Hill,,ABS-MBS,GB,2026-01
XS2802116645,XS2802116645,000000000,Hops Hill,,ABS-MBS,GB,2026-01
XS2802116991,XS2802116991,000000000,Hops Hill,,ABS-MBS,GB,2026-01
XS2737622212,XS2737622212,000000000,Jupiter Mortgages No.1,,ABS-MBS,GB,2026-01
XS2737622303,XS2737622303,000000000,Jupiter Mortgages No.1,,ABS-MBS,GB,2026-01
XS2737622485,XS2737622485,000000000,Jupiter Mortgages No.1,,ABS-MBS,GB,2026-01
XS2739632946,XS2739632946,000000000,Lanark Master Issuer plc,,ABS-MBS,GB,2026-01
XS2994502792,XS2994502792,000000000,Lanark Master Issuer plc,,ABS-MBS,GB,2026-01
XS2658278028,XS2658278028,000000000,Lanebrook Mortgage Transaction,,ABS-MBS,GB,2026-01
XS2810268446,XS2810268446,000000000,Lanebrook Mortgage Transaction,,ABS-MBS,GB,2026-01
XS2793365268,XS2793365268,000000000,MOLOSSUS BTL,,ABS-MBS,GB,2026-01
XS2920412330,XS2920412330,000000000,Mortimer BTL Plc,,ABS-MBS,GB,2026-01
XS2920412504,XS2920412504,000000000,Mortimer BTL Plc,,ABS-MBS,GB,2026-01
XS2920413494,XS2920413494,000000000,Mortimer BTL Plc,,ABS-MBS,GB,2026-01
XS2920414039,XS2920414039,000000000,Mortimer BTL Plc,,ABS-MBS,GB,2026-01
XS3278745271,XS3278745271,000000000,Pierpont BTL,,ABS-MBS,GB,2026-01
XS2777470902,XS2777470902,000000000,Stratton Mortgage Funding PLC,,ABS-MBS,GB,2026-01
XS2777471207,XS2777471207,000000000,Stratton Mortgage Funding PLC,,ABS-MBS,GB,2026-01
XS2819830592,XS2819830592,000000000,Stratton Mortgage Funding PLC,,ABS-MBS,GB,2026-01
XS2819830758,XS2819830758,000000000,Stratton Mortgage Funding PLC,,ABS-MBS,GB,2026-01
XS2742450005,XS2742450005,000000000,Together Asset Backed Securitisation,,ABS-MBS,GB,2026-01
XS2742450260,XS2742450260,000000000,Together Asset Backed Securitisation,,ABS-MBS,GB,2026-01
XS2795573448,XS2795573448,000000000,Together Asset Backed Securitisation,,ABS-MBS,GB,2026-01
XS2974981859,XS2974981859,000000000,Together Asset Backed Securitisation,,ABS-MBS,GB,2026-01
XS2974982311,XS2974982311,000000000,Together Asset Backed Securitisation,,ABS-MBS,GB,2026-01
XS2974982584,XS2974982584,000000000,Together Asset Backed Securitisation,,ABS-MBS,GB,2026-01
XS2974984523,XS2974984523,000000000,Together Asset Backed Securitisation,,ABS-MBS,GB,2026-01
XS3017277552,XS3017277552,000000000,Together Asset Backed Securitisation,,ABS-MBS,GB,2026-01
XS3017344410,XS3017344410,000000000,Together Asset Backed Securitisation,,ABS-MBS,GB,2026-01
XS2799470880,XS2799470880,000000000,Tower Bridge Funding,,ABS-MBS,GB,2026-01
XS2799471003,XS2799471003,000000000,Tower Bridge Funding,,ABS-MBS,GB,2026-01
XS2799471268,XS2799471268,000000000,Tower Bridge Funding,,ABS-MBS,GB,2026-01
XS2885224134,XS2885224134,000000000,Tower Bridge Funding,,ABS-MBS,GB,2026-01
XS2885224308,XS2885224308,000000000,Tower Bridge Funding,,ABS-MBS,GB,2026-01
XS2783077196,XS2783077196,000000000,Trinity Square,,ABS-MBS,GB,2026-01
XS2945692353,XS2945692353,000000000,UK Logisitics,,ABS-MBS,GB,2026-01
XS3028549478,XS3028549478,000000000,UK Logisitics,,ABS-MBS,GB,2026-01
XS2871780347,XS2871780347,000000000,Winchester PLC,,ABS-MBS,GB,2026-01
XS2871780420,XS2871780420,000000000,Winchester PLC,,ABS-MBS,GB,2026-01
XS2871780693,XS2871780693,000000000,Winchester PLC,,ABS-MBS,GB,2026-01
XS2871780776,XS2871780776,000000000,Winchester PLC,,ABS-MBS,GB,2026-01
XS2813212425,XS2813212425,000000000,Dilosk RMBS,,ABS-MBS,IE,2026-01
XS2320420792,XS2320420792,000000000,Last Mile Securities,,ABS-MBS,IE,2026-01
XS3269461847,XS3269461847,000000000,Sirius Logistics,,ABS-MBS,IE,2026-01
XS3025430110,XS3025430110,000000000,Taurus CMBS,,ABS-MBS,IE,2026-01
XS3025430466,XS3025430466,000000000,Taurus CMBS,,ABS-MBS,IE,2026-01
XS2896261745,XS2896261745,000000000,Thunder Logistics,,ABS-MBS,IE,2026-01
XS2896262552,XS2896262552,000000000,Thunder Logistics,,ABS-MBS,IE,2026-01
XS2809140457,XS2809140457,000000000,UK Logisitics,,ABS-MBS,IE,2026-01
XS2453861507,XS2453861507,000000000,Vita Scientia,,ABS-MBS,IE,2026-01
US04002VAA98,US04002VAA98,04002VAA9,AREIT TRUST 2022-CRE6,,ABS-MBS,KY,2026-03
XS2587123741,XS2587123741,000000000,Domi,,ABS-MBS,NL,2026-01
XS3041224471,XS3041224471,000000000,Domi,,ABS-MBS,NL,2026-01
XS2384171638,XS2384171638,000000000,Dutch Property Finance,,ABS-MBS,NL,2026-01
XS2458323891,XS2458323891,000000000,Dutch Property Finance,,ABS-MBS,NL,2026-01
XS2570115696,XS2570115696,000000000,Dutch Property Finance,,ABS-MBS,NL,2026-01
US68271CAA09,US68271CAA09,68271CAA0,1345 Trust,,ABS-MBS,US,2026-01
US68271CAC64,US68271CAC64,68271CAC6,1345 Trust,,ABS-MBS,US,2026-01
US90205FAA84,US90205FAA84,90205FAA8,280 Park Avenue Mortgage Trust,,ABS-MBS,US,2026-01
US00039GAA76,US00039GAA76,00039GAA7,A&D Mortgage Trust,,ABS-MBS,US,2026-01
US00040DAC74,US00040DAC74,00040DAC7,A&D Mortgage Trust,,ABS-MBS,US,2026-01
US00112EAA29,US00112EAA29,00112EAA2,ACRA Trust 2024-NQM1,,ABS-MBS,US,2026-01
US009920AA71,US009920AA71,009920AA7,ALA Trust,,ABS-MBS,US,2026-01
US009920AC38,US009920AC38,009920AC3,ALA Trust,,ABS-MBS,US,2026-01
US039955AA76,US039955AA76,039955AA7,ARES Commercial Mortgage Trust,,ABS-MBS,US,2026-01
US042853AA99,US042853AA99,042853AA9,ARROYO MORTGAGE TRUST 2021-1R,,ABS-MBS,US,2026-03
US04410RAA41,US04410RAA41,04410RAA4,ASHFORD HOSPITALITY TRUST 2018-ASHF,,ABS-MBS,US,2026-03
US03465XAA72,US03465XAA72,03465XAA7,Angel Oak Mortgage Trust,,ABS-MBS,US,2026-01
US03466FAC14,US03466FAC14,03466FAC1,Angel Oak Mortgage Trust,,ABS-MBS,US,2026-01
US03466QAA13,US03466QAA13,03466QAA1,Angel Oak Mortgage Trust,,ABS-MBS,US,2026-01
US034942AA08,US034942AA08,034942AA0,Angel Oak Mortgage Trust,,ABS-MBS,US,2026-01
US07384MWG31,US07384MWG31,07384MWG3,BEAR STEARNS ADJ RATE MTGE TR 2003-5,,ABS-MBS,US,2026-03
US08163XAY94,US08163XAY94,08163XAY9,BENCHMARK Mortgage Trust,,ABS-MBS,US,2026-01
US08164EAE41,US08164EAE41,08164EAE4,BENCHMARK Mortgage Trust,,ABS-MBS,US,2026-01
US081915AB68,US081915AB68,081915AB6,BENCHMARK Mortgage Trust,,ABS-MBS,US,2026-01
US05555HAA86,US05555HAA86,05555HAA8,BFLD Trust,,ABS-MBS,US,2026-01
US05556HAA77,US05556HAA77,05556HAA7,BFLD Trust,,ABS-MBS,US,2026-01
US05556HAC34,US05556HAC34,05556HAC3,BFLD Trust,,ABS-MBS,US,2026-01
US05556QAC33,US05556QAC33,05556QAC3,BFLD Trust,,ABS-MBS,US,2026-01
US08861RAA95,US08861RAA95,08861RAA9,BFLD Trust,,ABS-MBS,US,2026-01
US08861RAC51,US08861RAC51,08861RAC5,BFLD Trust,,ABS-MBS,US,2026-01
US088921AD30,US088921AD30,088921AD3,BFLD Trust,,ABS-MBS,US,2026-01
US05593QAC87,US05593QAC87,05593QAC8,BMO Mortgage Trust,,ABS-MBS,US,2026-01
US05610QAC78,US05610QAC78,05610QAC7,BMO Mortgage Trust,,ABS-MBS,US,2026-01
US05613XAC92,US05613XAC92,05613XAC9,BMO Mortgage Trust,,ABS-MBS,US,2026-01
US05613XAD75,US05613XAD75,05613XAD7,BMO Mortgage Trust,,ABS-MBS,US,2026-01
US09660QAT13,US09660QAT13,09660QAT1,BMO Mortgage Trust,,ABS-MBS,US,2026-01
US09663VAC46,US09663VAC46,09663VAC4,BMO Mortgage Trust,,ABS-MBS,US,2026-01
US096933AG10,US096933AG10,096933AG1,BMO Mortgage Trust,,ABS-MBS,US,2026-01
US05619DAA19,US05619DAA19,05619DAA1,BPR Trust,,ABS-MBS,US,2026-01
US10567MAA36,US10567MAA36,10567MAA3,BRAVO Residential Funding Trust,,ABS-MBS,US,2026-01
US10569KAA51,US10569KAA51,10569KAA5,BRAVO Residential Funding Trust,,ABS-MBS,US,2026-01
US10569NAC56,US10569NAC56,10569NAC5,BRAVO Residential Funding Trust,,ABS-MBS,US,2026-01
US10570BAC81,US10570BAC81,10570BAC8,BRAVO Residential Funding Trust,,ABS-MBS,US,2026-01
US10570QAE17,US10570QAE17,10570QAE1,BRAVO Residential Funding Trust,,ABS-MBS,US,2026-01
US105927AC11,US105927AC11,105927AC1,BRAVO Residential Funding Trust,,ABS-MBS,US,2026-01
US10635AAL35,US10635AAL35,10635AAL3,BRCK Trust,,ABS-MBS,US,2026-01
US10635AAN90,US10635AAN90,10635AAN9,BRCK Trust,,ABS-MBS,US,2026-01
US05594GAA31,US05594GAA31,05594GAA3,BSTN Commercial Mortgage Trust,,ABS-MBS,US,2026-01
US05615EAA38,US05615EAA38,05615EAA3,BSTN Commercial Mortgage Trust,,ABS-MBS,US,2026-01
US05604FAL94,US05604FAL94,05604FAL9,BWAY Mortgage Trust,,ABS-MBS,US,2026-01
US05593VAA17,US05593VAA17,05593VAA1,BX Trust,,ABS-MBS,US,2026-01
US05611VAA98,US05611VAA98,05611VAA9,BX Trust,,ABS-MBS,US,2026-01
US05612FAA30,US05612FAA30,05612FAA3,BX Trust,,ABS-MBS,US,2026-01
US05612FAC95,US05612FAC95,05612FAC9,BX Trust,,ABS-MBS,US,2026-01
US05612TAA34,US05612TAA34,05612TAA3,BX Trust,,ABS-MBS,US,2026-01
US05613NAA54,US05613NAA54,05613NAA5,BX Trust,,ABS-MBS,US,2026-01
US05616HAA59,US05616HAA59,05616HAA5,BX Trust,,ABS-MBS,US,2026-01
US123910AA98,US123910AA98,123910AA9,BX Trust,,ABS-MBS,US,2026-01
US123912AA54,US123912AA54,123912AA5,BX Trust,,ABS-MBS,US,2026-01
US12433CAA36,US12433CAA36,12433CAA3,BX Trust,,ABS-MBS,US,2026-01
US12433CAC91,US12433CAC91,12433CAC9,BX Trust,,ABS-MBS,US,2026-01
US06211EAF88,US06211EAF88,06211EAF8,Bank5,,ABS-MBS,US,2026-01
US065923AY07,US065923AY07,065923AY0,Bank5,,ABS-MBS,US,2026-01
US06604AAF12,US06604AAF12,06604AAF1,Bank5,,ABS-MBS,US,2026-01
US06644WBD92,US06644WBD92,06644WBD9,Bank5,,ABS-MBS,US,2026-01
US05548WAA53,US05548WAA53,05548WAA5,Barclays Commercial Mortgage Securities LLC,,ABS-MBS,US,2026-01
US05553RAZ38,US05553RAZ38,05553RAZ3,Barclays Commercial Mortgage Securities LLC,,ABS-MBS,US,2026-01
US05555PAC68,US05555PAC68,05555PAC6,Barclays Commercial Mortgage Securities LLC,,ABS-MBS,US,2026-01
US072924AD56,US072924AD56,072924AD5,Barclays Commercial Mortgage Securities LLC,,ABS-MBS,US,2026-01
US07336YAC93,US07336YAC93,07336YAC9,Barclays Commercial Mortgage Securities LLC,,ABS-MBS,US,2026-01
US072925AA82,US072925AA82,072925AA8,Bay View Federal Savings And Loan Assoc.,,ABS-MBS,US,2026-01
US20682AAA88,US20682AAA88,20682AAA8,CART,,ABS-MBS,US,2026-01
US12524AAA79,US12524AAA79,12524AAA7,CEDR TRUST,,ABS-MBS,US,2026-01
US12532BAD91,US12532BAD91,12532BAD9,CFCRE Commercial Mortgage Trust,,ABS-MBS,US,2026-01
US12577HAG56,US12577HAG56,12577HAG5,CHI Commercial Mortgage Trust,,ABS-MBS,US,2026-01
US19688GAA13,US19688GAA13,19688GAA1,COLT 2021-4 MORTGAGE LOAN TRUST,,ABS-MBS,US,2026-03
US12598UAA43,US12598UAA43,12598UAA4,COLT Funding LLC,,ABS-MBS,US,2026-01
US12674HAA05,US12674HAA05,12674HAA0,COLT Funding LLC,,ABS-MBS,US,2026-01
US19688TAA34,US19688TAA34,19688TAA3,COLT Funding LLC,,ABS-MBS,US,2026-01
US126395AA04,US126395AA04,126395AA0,CSMC 2020-FACT TRUST,,ABS-MBS,US,2026-03
US228920AG97,US228920AG97,228920AG9,Castle Hill INGOTS Ltd,,ABS-MBS,US,2026-01
US228920AJ37,US228920AJ37,228920AJ3,Castle Hill INGOTS Ltd,,ABS-MBS,US,2026-01
US16159GAL32,US16159GAL32,16159GAL3,Chase Mortgage Finance Corporation,,ABS-MBS,US,2026-01
US16160MAX11,US16160MAX11,16160MAX1,Chase Mortgage Finance Corporation,,ABS-MBS,US,2026-01
US16162QBD34,US16162QBD34,16162QBD3,Chase Mortgage Finance Corporation,,ABS-MBS,US,2026-01
US16162UBA07,US16162UBA07,16162UBA0,Chase Mortgage Finance Corporation,,ABS-MBS,US,2026-01
US161935BA80,US161935BA80,161935BA8,Chase Mortgage Finance Corporation,,ABS-MBS,US,2026-01
US12649XAQ25,US12649XAQ25,12649XAQ2,Credit Suisse Mortgage Trust,,ABS-MBS,US,2026-01
US12654PAE88,US12654PAE88,12654PAE8,Credit Suisse Mortgage Trust,,ABS-MBS,US,2026-01
US12659PAA12,US12659PAA12,12659PAA1,Credit Suisse Mortgage Trust,,ABS-MBS,US,2026-01
US22757AAA43,US22757AAA43,22757AAA4,Cross Mortgage Trust,,ABS-MBS,US,2026-01
US22757CAA09,US22757CAA09,22757CAA0,Cross Mortgage Trust,,ABS-MBS,US,2026-01
US22757EAB48,US22757EAB48,22757EAB4,Cross Mortgage Trust,,ABS-MBS,US,2026-01
US22757XAB29,US22757XAB29,22757XAB2,Cross Mortgage Trust,,ABS-MBS,US,2026-01
US22758PAA03,US22758PAA03,22758PAA0,Cross Mortgage Trust,,ABS-MBS,US,2026-01
US23306HAE53,US23306HAE53,23306HAE5,DBC 2025-DBC Mortgage Trust,,ABS-MBS,US,2026-01
US23306HAG02,US23306HAG02,23306HAG0,DBC 2025-DBC Mortgage Trust,,ABS-MBS,US,2026-01
US29439DAA90,US29439DAA90,29439DAA9,EQT Trust 2024-EXTR,,ABS-MBS,US,2026-01
US26846YAC21,US26846YAC21,26846YAC2,Ellington Financial Mortgage Trust,,ABS-MBS,US,2026-01
US281914AA90,US281914AA90,281914AA9,Ellington Financial Mortgage Trust,,ABS-MBS,US,2026-01
US28225KAC99,US28225KAC99,28225KAC9,Ellington Financial Mortgage Trust,,ABS-MBS,US,2026-01
US26860XAA90,US26860XAA90,26860XAA9,Elm CLO Ltd,,ABS-MBS,US,2026-01
US26860XAU54,US26860XAU54,26860XAU5,Elm CLO Ltd,,ABS-MBS,US,2026-01
US30227TAA88,US30227TAA88,30227TAA8,Extended Stay America Trust,,ABS-MBS,US,2026-01
US31300MNY56,US31300MNY56,31300MNY5,FHLMC PASS THRU POOLS,,ABS-MBS,US,2026-03
US3138ENEW53,US3138ENEW53,3138ENEW5,FNMA PASS THRU POOLS,,ABS-MBS,US,2026-03
US3138EP6V16,US3138EP6V16,3138EP6V1,FNMA PASS THRU POOLS,,ABS-MBS,US,2026-03
US3137A96V32,US3137A96V32,3137A96V3,FREDDIE MAC 3850,,ABS-MBS,US,2026-03
US3137ADYR20,US3137ADYR20,3137ADYR2,FREDDIE MAC 3898,,ABS-MBS,US,2026-03
US3137BRYG42,US3137BRYG42,3137BRYG4,FREDDIE MAC 4615,,ABS-MBS,US,2026-03
US3137BAJK93,US3137BAJK93,3137BAJK9,FREDDIE MAC REMICS 4344,,ABS-MBS,US,2026-03
US3137BCL482,US3137BCL482,3137BCL48,FREDDIE MAC REMICS 4367,,ABS-MBS,US,2026-03
US3137BLN539,US3137BLN539,3137BLN53,FREDDIE MAC REMICS 4521,,ABS-MBS,US,2026-03
US3137BQX776,US3137BQX776,3137BQX77,FREDDIE MAC REMICS 4600,,ABS-MBS,US,2026-03
US3137BWWX87,US3137BWWX87,3137BWWX8,FREDDIE MAC REMICS 4678,,ABS-MBS,US,2026-03
US3137FAWH71,US3137FAWH71,3137FAWH7,FREDDIE MAC REMICS 4722,,ABS-MBS,US,2026-03
US3137FCHA59,US3137FCHA59,3137FCHA5,FREDDIE MAC REMICS 4736,,ABS-MBS,US,2026-03
US3137F5MJ50,US3137F5MJ50,3137F5MJ5,FREDDIE MAC REMICS 4794,,ABS-MBS,US,2026-03
US3137FJG520,US3137FJG520,3137FJG52,FREDDIE MAC REMICS 4842,,ABS-MBS,US,2026-03
US3137FLA875,US3137FLA875,3137FLA87,FREDDIE MAC REMICS 4875,,ABS-MBS,US,2026-03
US3137FN4L14,US3137FN4L14,3137FN4L1,FREDDIE MAC REMICS 4903,,ABS-MBS,US,2026-03
US3137FNJC52,US3137FNJC52,3137FNJC5,FREDDIE MAC REMICS 4913,,ABS-MBS,US,2026-03
US3137FYYN08,US3137FYYN08,3137FYYN0,FREDDIE MAC REMICS 5104,,ABS-MBS,US,2026-03
US3137HCUC41,US3137HCUC41,3137HCUC4,FREDDIE MAC REMICS 5410,,ABS-MBS,US,2026-03
US3128HWDU88,US3128HWDU88,3128HWDU8,FREDDIE MAC STRIPS 242,,ABS-MBS,US,2026-03
US31351DC901,US31351DC901,31351DC90,FREDDIE MAC STRIPS 328,,ABS-MBS,US,2026-03
US31351DDT54,US31351DDT54,31351DDT5,FREDDIE MAC STRIPS 330,,ABS-MBS,US,2026-03
US31397FB505,US31397FB505,31397FB50,FREDDIE MAC-3279,,ABS-MBS,US,2026-03
US3140HXV728,US3140HXV728,3140HXV72,Fannie Mae,,ABS-MBS,US,2026-01
US3140NVJY44,US3140NVJY44,3140NVJY4,Fannie Mae,,ABS-MBS,US,2026-01
US3140XLDH82,US3140XLDH82,3140XLDH8,Fannie Mae,,ABS-MBS,US,2026-01
US31418AAV08,US31418AAV08,31418AAV0,Fannie Mae,,ABS-MBS,US,2026-01
US31418ACN63,US31418ACN63,31418ACN6,Fannie Mae,,ABS-MBS,US,2026-01
US31418ARX80,US31418ARX80,31418ARX8,Fannie Mae,,ABS-MBS,US,2026-01
US3132J4RB73,US3132J4RB73,3132J4RB7,Freddie Mac,,ABS-MBS,US,2026-01
US3137H0A408,US3137H0A408,3137H0A40,Freddie Mac,,ABS-MBS,US,2026-01
US3137H5ZQ37,US3137H5ZQ37,3137H5ZQ3,Freddie Mac,,ABS-MBS,US,2026-01
US30309HAB33,US30309HAB33,30309HAB3,Freddie Mac Multifamily,,ABS-MBS,US,2026-02
US36168VAC72,US36168VAC72,36168VAC7,GCAT,,ABS-MBS,US,2026-01
US36831QAC50,US36831QAC50,36831QAC5,GCAT,,ABS-MBS,US,2026-01
US36168XAA72,US36168XAA72,36168XAA7,GCAT 2022-HX1 TRUST,,ABS-MBS,US,2026-03
US36167CAA45,US36167CAA45,36167CAA4,GCAT LLC 2019-RPL1,,ABS-MBS,US,2026-03
US36200QWP52,US36200QWP52,36200QWP5,GNMA PASS THRU POOLS,,ABS-MBS,US,2026-03
US36200SR281,US36200SR281,36200SR28,GNMA PASS THRU POOLS,,ABS-MBS,US,2026-03
US36201QY313,US36201QY313,36201QY31,GNMA PASS THRU POOLS,,ABS-MBS,US,2026-03
US36207ENF78,US36207ENF78,36207ENF7,GNMA PASS THRU POOLS,,ABS-MBS,US,2026-03
US36208MX673,US36208MX673,36208MX67,GNMA PASS THRU POOLS,,ABS-MBS,US,2026-03
US36208VYH22,US36208VYH22,36208VYH2,GNMA PASS THRU POOLS,,ABS-MBS,US,2026-03
US36208WCA99,US36208WCA99,36208WCA9,GNMA PASS THRU POOLS,,ABS-MBS,US,2026-03
US36209YW462,US36209YW462,36209YW46,GNMA PASS THRU POOLS,,ABS-MBS,US,2026-03
US36211B2D52,US36211B2D52,36211B2D5,GNMA PASS THRU POOLS,,ABS-MBS,US,2026-03
US36211FT547,US36211FT547,36211FT54,GNMA PASS THRU POOLS,,ABS-MBS,US,2026-03
US36212UFH95,US36212UFH95,36212UFH9,GNMA PASS THRU POOLS,,ABS-MBS,US,2026-03
US36212WMK08,US36212WMK08,36212WMK0,GNMA PASS THRU POOLS,,ABS-MBS,US,2026-03
US36213DX458,US36213DX458,36213DX45,GNMA PASS THRU POOLS,,ABS-MBS,US,2026-03
US36213YBR27,US36213YBR27,36213YBR2,GNMA PASS THRU POOLS,,ABS-MBS,US,2026-03
US36225B2X58,US36225B2X58,36225B2X5,GNMA PASS THRU POOLS,,ABS-MBS,US,2026-03
US36290YWM64,US36290YWM64,36290YWM6,GNMA PASS THRU POOLS,,ABS-MBS,US,2026-03
US36291AVV87,US36291AVV87,36291AVV8,GNMA PASS THRU POOLS,,ABS-MBS,US,2026-03
US36291HDM34,US36291HDM34,36291HDM3,GNMA PASS THRU POOLS,,ABS-MBS,US,2026-03
US36267CAC91,US36267CAC91,36267CAC9,GS Mortgage Securities Trust,,ABS-MBS,US,2026-01
US36272JAA16,US36272JAA16,36272JAA1,GS Mortgage Securities Trust,,ABS-MBS,US,2026-01
US36273XAA90,US36273XAA90,36273XAA9,GS Mortgage Securities Trust,,ABS-MBS,US,2026-01
US36272UAA60,US36272UAA60,36272UAA6,GS Mortgage-Backed Securities Trust,,ABS-MBS,US,2026-01
US36273GAA67,US36273GAA67,36273GAA6,GS Mortgage-Backed Securities Trust,,ABS-MBS,US,2026-01
US36273MBA27,US36273MBA27,36273MBA2,GS Mortgage-Backed Securities Trust,,ABS-MBS,US,2026-01
US36275JAC45,US36275JAC45,36275JAC4,GS Mortgage-Backed Securities Trust,,ABS-MBS,US,2026-01
US23292LAA08,US23292LAA08,23292LAA0,Guaranteed Funding (DK) Limited,,ABS-MBS,US,2026-01
US40390MAA36,US40390MAA36,40390MAA3,HONO Mortgage Trust,,ABS-MBS,US,2026-01
US44216XAA37,US44216XAA37,44216XAA3,HOUSTON GALLERIA MALL TRUST,,ABS-MBS,US,2026-01
US403966AA22,US403966AA22,403966AA2,Home Owner Mortgage Enhanced Securuties Limited,,ABS-MBS,US,2026-01
US43761CAA09,US43761CAA09,43761CAA0,Home Owner Mortgage Enhanced Securuties Limited,,ABS-MBS,US,2026-01
US44855PAA66,US44855PAA66,44855PAA6,Hudson Yards,,ABS-MBS,US,2026-01
US44989YAA64,US44989YAA64,44989YAA6,INT Commercial Mortgage Trust 2025-PLAZA,,ABS-MBS,US,2026-01
US46117WAA09,US46117WAA09,46117WAA0,INTOWN Mortgage Trust,,ABS-MBS,US,2026-01
US45000DAA46,US45000DAA46,45000DAA4,INV 2024-IND Mortgage Trust,,ABS-MBS,US,2026-01
US46591JAA43,US46591JAA43,46591JAA4,JP Morgan Chase Commercial Mortgage Sec Trust,,ABS-MBS,US,2026-01
US46593KAA97,US46593KAA97,46593KAA9,JP Morgan Chase Commercial Mortgage Sec Trust,,ABS-MBS,US,2026-01
US46646GAA58,US46646GAA58,46646GAA5,JP Morgan Chase Commercial Mortgage Sec Trust,,ABS-MBS,US,2026-01
US46653QAF28,US46653QAF28,46653QAF2,JP Morgan Mortgage Trust,,ABS-MBS,US,2026-01
US46654TAF57,US46654TAF57,46654TAF5,JP Morgan Mortgage Trust,,ABS-MBS,US,2026-01
US46655DAE22,US46655DAE22,46655DAE2,JP Morgan Mortgage Trust,,ABS-MBS,US,2026-01
US46659RAC16,US46659RAC16,46659RAC1,JP Morgan Mortgage Trust,,ABS-MBS,US,2026-01
US46660HAD89,US46660HAD89,46660HAD8,JP Morgan Mortgage Trust,,ABS-MBS,US,2026-01
US52109XAA63,US52109XAA63,52109XAA6,LBA Trust,,ABS-MBS,US,2026-01
US52474JAA43,US52474JAA43,52474JAA4,LEGACY MORTGAGE ASSET TRUST 2021-GS1,,ABS-MBS,US,2026-03
US50216WAJ36,US50216WAJ36,50216WAJ3,LQR Trust,,ABS-MBS,US,2026-01
US56036BAA35,US56036BAA35,56036BAA3,MAIN Trust,,ABS-MBS,US,2026-01
US56036BAJ44,US56036BAJ44,56036BAJ4,MAIN Trust,,ABS-MBS,US,2026-01
US56036BAL99,US56036BAL99,56036BAL9,MAIN Trust,,ABS-MBS,US,2026-01
US55287FAA21,US55287FAA21,55287FAA2,MCR Mortgage Trust,,ABS-MBS,US,2026-01
US585525FC72,US585525FC72,585525FC7,MELLON RESIDENTIAL FUNDING CO 2001-TBC1,,ABS-MBS,US,2026-03
US55284DAA00,US55284DAA00,55284DAA0,MF1 MULTIFAMILY HOUSING MORTGAGE LOAN TRUST 2021-W10,,ABS-MBS,US,2026-03
US55287MAA71,US55287MAA71,55287MAA7,MFRA Trust,,ABS-MBS,US,2026-01
US59981BAC81,US59981BAC81,59981BAC8,MILL CITY MORTGAGE LOAN TRUST 2019-GS1,,ABS-MBS,US,2026-03
US55361AAU88,US55361AAU88,55361AAU8,MSWF Commercial Mortgage Trust,,ABS-MBS,US,2026-01
US563136AA85,US563136AA85,563136AA8,Manhattan West,,ABS-MBS,US,2026-01
US59981HAC51,US59981HAC51,59981HAC5,Mill City Mortgage Trust,,ABS-MBS,US,2026-01
US61690BAA08,US61690BAA08,61690BAA0,Morgan Stanley Capital I Trust,,ABS-MBS,US,2026-01
US61768FAA84,US61768FAA84,61768FAA8,Morgan Stanley Capital I Trust,,ABS-MBS,US,2026-01
US61778XAA72,US61778XAA72,61778XAA7,Morgan Stanley Residential Mortgage Loan Trust,,ABS-MBS,US,2026-01
US61779KAA43,US61779KAA43,61779KAA4,Morgan Stanley Residential Mortgage Loan Trust,,ABS-MBS,US,2026-01
US61780XAC92,US61780XAC92,61780XAC9,Morgan Stanley Residential Mortgage Loan Trust,,ABS-MBS,US,2026-01
US61790VAA52,US61790VAA52,61790VAA5,Morgan Stanley Residential Mortgage Loan Trust,,ABS-MBS,US,2026-01
US617942AA59,US617942AA59,617942AA5,Morgan Stanley Residential Mortgage Loan Trust,,ABS-MBS,US,2026-01
US63607WAQ78,US63607WAQ78,63607WAQ7,NATIONAL FIN AUTH NH MUNI CTFS,,ABS-MBS,US,2026-01
US63874AAA60,US63874AAA60,63874AAA6,NATIXIS COMMERCIAL MORTGAGE SECURITIES TRUST 2021-APPL,,ABS-MBS,US,2026-03
US62887TAA25,US62887TAA25,62887TAA2,NCMF Trust,,ABS-MBS,US,2026-01
US62887TAC80,US62887TAC80,62887TAC8,NCMF Trust,,ABS-MBS,US,2026-01
US62887TAJ34,US62887TAJ34,62887TAJ3,NCMF Trust,,ABS-MBS,US,2026-01
US669985AA17,US669985AA17,669985AA1,NRTH PARK Mortgage Trust,,ABS-MBS,US,2026-01
US62957FAA75,US62957FAA75,62957FAA7,NY Commercial Mortgage Trust,,ABS-MBS,US,2026-01
US67120UAA51,US67120UAA51,67120UAA5,NYC Commercial Mortgage Trust 2021-909,,ABS-MBS,US,2026-01
US67122NAA90,US67122NAA90,67122NAA9,NYC Commercial Mortgage Trust 2021-909,,ABS-MBS,US,2026-01
US63607WAP95,US63607WAP95,63607WAP9,National Finance Authority,,ABS-MBS,US,2026-02
US64831XAC20,US64831XAC20,64831XAC2,New Residential Mortgage Loan Trust,,ABS-MBS,US,2026-01
US64832GAC87,US64832GAC87,64832GAC8,New Residential Mortgage Loan Trust,,ABS-MBS,US,2026-01
US67448DAL47,US67448DAL47,67448DAL4,OBX 2022-NQM2 TRUST,,ABS-MBS,US,2026-03
US67117VAA89,US67117VAA89,67117VAA8,Onslow Bay Financial LLC,,ABS-MBS,US,2026-01
US67120QAA40,US67120QAA40,67120QAA4,Onslow Bay Financial LLC,,ABS-MBS,US,2026-01
US67448UAA07,US67448UAA07,67448UAA0,Onslow Bay Financial LLC,,ABS-MBS,US,2026-01
US67448YAC84,US67448YAC84,67448YAC8,Onslow Bay Financial LLC,,ABS-MBS,US,2026-01
US69382VAA26,US69382VAA26,69382VAA2,PENN Commercial Mortgage Trust,,ABS-MBS,US,2026-01
US69382FAA75,US69382FAA75,69382FAA7,PRKCM Trust,,ABS-MBS,US,2026-01
US693984AA42,US693984AA42,693984AA4,PRKCM Trust,,ABS-MBS,US,2026-01
US693980AA20,US693980AA20,693980AA2,PRM5 Trust,,ABS-MBS,US,2026-01
US693650AA11,US693650AA11,693650AA1,PSMC Trust,,ABS-MBS,US,2026-01
US693581AA80,US693581AA80,693581AA8,Preston Ridge Partners Mortgage Trust,,ABS-MBS,US,2026-01
US74390KAK43,US74390KAK43,74390KAK4,Preston Ridge Partners Mortgage Trust,,ABS-MBS,US,2026-01
US74391EAA91,US74391EAA91,74391EAA9,Preston Ridge Partners Mortgage Trust,,ABS-MBS,US,2026-01
US74448PAA75,US74448PAA75,74448PAA7,Preston Ridge Partners Mortgage Trust,,ABS-MBS,US,2026-01
US69392LAA26,US69392LAA26,69392LAA2,Pretium Mortgage Credit Partners LLC,,ABS-MBS,US,2026-01
US74388MAC29,US74388MAC29,74388MAC2,Provident Funding Mortgage Trust,,ABS-MBS,US,2026-01
US76119NAD93,US76119NAD93,76119NAD9,Residential Mortgage Loan Trust,,ABS-MBS,US,2026-01
US78398EAC93,US78398EAC93,78398EAC9,SCG Hotel Issuer Inc,,ABS-MBS,US,2026-01
US82556AAA16,US82556AAA16,82556AAA1,SHRN Trust,,ABS-MBS,US,2026-01
US78451CAA18,US78451CAA18,78451CAA1,SLG Trust,,ABS-MBS,US,2026-01
US85573EAA55,US85573EAA55,85573EAA5,STARWOOD MORTGAGE RESIDENTIAL TRUST 2020-INV1,,ABS-MBS,US,2026-03
US78486EAA64,US78486EAA64,78486EAA6,STARWOOD PROPERTY MORTGAGE TRUST 2021-LIH,,ABS-MBS,US,2026-03
US80262CAA62,US80262CAA62,80262CAA6,Santander Mortgage Asset Receivable Trust,,ABS-MBS,US,2026-01
US802931AC90,US802931AC90,802931AC9,Santander Mortgage Asset Receivable Trust,,ABS-MBS,US,2026-01
US81747KAA16,US81747KAA16,81747KAA1,Sequoia Mortgage Trust,,ABS-MBS,US,2026-01
US81749EAA38,US81749EAA38,81749EAA3,Sequoia Mortgage Trust,,ABS-MBS,US,2026-01
US81750CBB00,US81750CBB00,81750CBB0,Sequoia Mortgage Trust,,ABS-MBS,US,2026-01
US88231WAA36,US88231WAA36,88231WAA3,TEXAS Commercial Mortgage Trust,,ABS-MBS,US,2026-01
US87256GAA04,US87256GAA04,87256GAA0,THE 2023-MIC Trust,,ABS-MBS,US,2026-01
US89178BAA26,US89178BAA26,89178BAA2,TOWD POINT MORTGAGE TRUST 2019-4,,ABS-MBS,US,2026-03
US89177XAA54,US89177XAA54,89177XAA5,TOWD POINT MORTGAGE TRUST 2019-HY3,,ABS-MBS,US,2026-03
US89177BAA35,US89177BAA35,89177BAA3,TPMT-2019-1,,ABS-MBS,US,2026-03
US87332PAA84,US87332PAA84,87332PAA8,TYSN 2023-CRNR Mortgage Trust,,ABS-MBS,US,2026-01
US05493XAE04,US05493XAE04,05493XAE0,The BAHA Trust,,ABS-MBS,US,2026-01
US89170VAA61,US89170VAA61,89170VAA6,Towd Point Mortgage Trust,,ABS-MBS,US,2026-01
US89172PAC32,US89172PAC32,89172PAC3,Towd Point Mortgage Trust,,ABS-MBS,US,2026-01
US89173UAA51,US89173UAA51,89173UAA5,Towd Point Mortgage Trust,,ABS-MBS,US,2026-01
US89179JAA43,US89179JAA43,89179JAA4,Towd Point Mortgage Trust,,ABS-MBS,US,2026-01
US92538BAA17,US92538BAA17,92538BAA1,VERUS SECURITIZATION TRUST 2021-R1,,ABS-MBS,US,2026-03
US91835XAC11,US91835XAC11,91835XAC1,VRTX Trust,,ABS-MBS,US,2026-01
US92490EAA10,US92490EAA10,92490EAA1,Verus Securitization Trust,,ABS-MBS,US,2026-01
US924928AA24,US924928AA24,924928AA2,Verus Securitization Trust,,ABS-MBS,US,2026-01
US924935AL30,US924935AL30,924935AL3,Verus Securitization Trust,,ABS-MBS,US,2026-01
US92541JAF84,US92541JAF84,92541JAF8,Verus Securitization Trust,,ABS-MBS,US,2026-01
US92541JAL52,US92541JAL52,92541JAL5,Verus Securitization Trust,,ABS-MBS,US,2026-01
US93978T4M89,US93978T4M89,93978T4M8,WASHINGTON ST HSG FIN COMMISSI,,ABS-MBS,US,2026-01
US92987LAE74,US92987LAE74,92987LAE7,WHARF Commercial Mortgage Trust,,ABS-MBS,US,2026-01
US94990GAA76,US94990GAA76,94990GAA7,Wells Fargo Commercial Mortgage Trust,,ABS-MBS,US,2026-01
US95001CAA09,US95001CAA09,95001CAA0,Wells Fargo Commercial Mortgage Trust,,ABS-MBS,US,2026-01
US95003UAD28,US95003UAD28,95003UAD2,Wells Fargo Commercial Mortgage Trust,,ABS-MBS,US,2026-01
US955909AA47,US955909AA47,955909AA4,Westways Funding Ltd,,ABS-MBS,US,2026-01
US74936RAE45,US74936RAE45,74936RAE4,Woodward Capital Management,,ABS-MBS,US,2026-01
US749424AA57,US749424AA57,749424AA5,Woodward Capital Management,,ABS-MBS,US,2026-01
AU3FN0090536,AU3FN0090536,000000000,METRO Finance Trust,,ABS-O,AU,2026-01
AU3FN0096616,AU3FN0096616,000000000,METRO Finance Trust,,ABS-O,AU,2026-01
AU3FN0096624,AU3FN0096624,000000000,METRO Finance Trust,,ABS-O,AU,2026-01
AU3FN0095642,AU3FN0095642,000000000,Panorama Auto Trust,,ABS-O,AU,2026-01
AU3FN0095659,AU3FN0095659,000000000,Panorama Auto Trust,,ABS-O,AU,2026-01
XS3035235616,XS3035235616,000000000,SC GERMANY CONSUMER,,ABS-O,DE,2026-01
XS3035235707,XS3035235707,000000000,SC GERMANY CONSUMER,,ABS-O,DE,2026-01
XS2856123497,XS2856123497,000000000,Asimi Funding Holdings Limited,,ABS-O,GB,2026-01
XS2856123570,XS2856123570,000000000,Asimi Funding Holdings Limited,,ABS-O,GB,2026-01
XS3043425795,XS3043425795,000000000,Asimi Funding Holdings Limited,,ABS-O,GB,2026-01
XS3043425878,XS3043425878,000000000,Asimi Funding Holdings Limited,,ABS-O,GB,2026-01
XS2866378339,XS2866378339,000000000,Cardiff Automobile Receivables Securitisation,,ABS-O,GB,2026-01
XS2866378412,XS2866378412,000000000,Cardiff Automobile Receivables Securitisation,,ABS-O,GB,2026-01
XS2866378503,XS2866378503,000000000,Cardiff Automobile Receivables Securitisation,,ABS-O,GB,2026-01
XS2607547341,XS2607547341,000000000,DELAMARE CARDS,,ABS-O,GB,2026-01
XS2919891957,XS2919891957,000000000,Dowson,,ABS-O,GB,2026-01
XS2919892096,XS2919892096,000000000,Dowson,,ABS-O,GB,2026-01
XS2847616856,XS2847616856,000000000,Hermitage Plc,,ABS-O,GB,2026-01
XS2847616930,XS2847616930,000000000,Hermitage Plc,,ABS-O,GB,2026-01
XS2778917869,XS2778917869,000000000,London Cards Plc,,ABS-O,GB,2026-01
XS2778919303,XS2778919303,000000000,London Cards Plc,,ABS-O,GB,2026-01
XS2778920905,XS2778920905,000000000,London Cards Plc,,ABS-O,GB,2026-01
XS2715923459,XS2715923459,000000000,NEWDAY FUNDING,,ABS-O,GB,2026-01
XS2768182524,XS2768182524,000000000,NEWDAY FUNDING,,ABS-O,GB,2026-01
XS2768182870,XS2768182870,000000000,NEWDAY FUNDING,,ABS-O,GB,2026-01
XS2834467271,XS2834467271,000000000,NEWDAY FUNDING,,ABS-O,GB,2026-01
XS2834467602,XS2834467602,000000000,NEWDAY FUNDING,,ABS-O,GB,2026-01
XS2834468162,XS2834468162,000000000,NEWDAY FUNDING,,ABS-O,GB,2026-01
XS2909752474,XS2909752474,000000000,NEWDAY FUNDING,,ABS-O,GB,2026-01
XS3031494571,XS3031494571,000000000,NEWDAY FUNDING,,ABS-O,GB,2026-01
XS3031495115,XS3031495115,000000000,NEWDAY FUNDING,,ABS-O,GB,2026-01
XS2608634288,XS2608634288,000000000,PCL Funding II,,ABS-O,GB,2026-01
XS2608634445,XS2608634445,000000000,PCL Funding II,,ABS-O,GB,2026-01
XS2809168201,XS2809168201,000000000,PCL Funding II,,ABS-O,GB,2026-01
XS2809169357,XS2809169357,000000000,PCL Funding II,,ABS-O,GB,2026-01
XS3185376236,XS3185376236,000000000,Pavillion Consumer PLC,,ABS-O,GB,2026-01
XS3185376319,XS3185376319,000000000,Pavillion Consumer PLC,,ABS-O,GB,2026-01
XS2801109658,XS2801109658,000000000,Satus PLC,,ABS-O,GB,2026-01
XS2801109732,XS2801109732,000000000,Satus PLC,,ABS-O,GB,2026-01
XS2801109815,XS2801109815,000000000,Satus PLC,,ABS-O,GB,2026-01
XS3249732655,XS3249732655,000000000,Tower Bridge Funding,,ABS-O,GB,2026-01
XS3022670734,XS3022670734,000000000,Finance Ireland Auto Receivables DAC,,ABS-O,IE,2026-01
XS3022670817,XS3022670817,000000000,Finance Ireland Auto Receivables DAC,,ABS-O,IE,2026-01
XS2746464465,XS2746464465,000000000,Fortuna Consumer Loan ABS,,ABS-O,IE,2026-01
XS2746465272,XS2746465272,000000000,Fortuna Consumer Loan ABS,,ABS-O,IE,2026-01
XS2887887664,XS2887887664,000000000,Fortuna Consumer Loan ABS,,ABS-O,IE,2026-01
XS2887887748,XS2887887748,000000000,Fortuna Consumer Loan ABS,,ABS-O,IE,2026-01
XS3030349354,XS3030349354,000000000,Fortuna Consumer Loan ABS,,ABS-O,IE,2026-01
XS3030349511,XS3030349511,000000000,Fortuna Consumer Loan ABS,,ABS-O,IE,2026-01
XS3030350527,XS3030350527,000000000,Fortuna Consumer Loan ABS,,ABS-O,IE,2026-01
US742855AA76,US742855AA76,742855AA7,Prodigy Finance Designated Activity Co,,ABS-O,IE,2026-01
XS2808281815,XS2808281815,000000000,Vantage Data Centers Jersey Borrower SPV Limited,,ABS-O,JE,2026-01
XS2913150467,XS2913150467,000000000,Asset-Backed European Securitisation Transaction,,ABS-O,LU,2026-01
XS2913183989,XS2913183989,000000000,Asset-Backed European Securitisation Transaction,,ABS-O,LU,2026-01
XS2913204900,XS2913204900,000000000,Asset-Backed European Securitisation Transaction,,ABS-O,LU,2026-01
XS2758919836,XS2758919836,000000000,BL Consumer Issuance Platform II,,ABS-O,LU,2026-01
XS2758921220,XS2758921220,000000000,BL Consumer Issuance Platform II,,ABS-O,LU,2026-01
XS2915434307,XS2915434307,000000000,Golden Ray S.A.,,ABS-O,LU,2026-01
XS2915434646,XS2915434646,000000000,Golden Ray S.A.,,ABS-O,LU,2026-01
XS2915434992,XS2915434992,000000000,Golden Ray S.A.,,ABS-O,LU,2026-01
XS2845211296,XS2845211296,000000000,Pony,,ABS-O,LU,2026-01
XS2798860206,XS2798860206,000000000,SC GERMANY CONSUMER,,ABS-O,LU,2026-01
XS2798860388,XS2798860388,000000000,SC GERMANY CONSUMER,,ABS-O,LU,2026-01
XS2903303860,XS2903303860,000000000,SC GERMANY CONSUMER,,ABS-O,LU,2026-01
XS2903303944,XS2903303944,000000000,SC GERMANY CONSUMER,,ABS-O,LU,2026-01
XS2744968434,XS2744968434,000000000,HILL FL,,ABS-O,NL,2026-01
XS2744968517,XS2744968517,000000000,HILL FL,,ABS-O,NL,2026-01
XS2905556044,XS2905556044,000000000,HILL FL,,ABS-O,NL,2026-01
XS2905556556,XS2905556556,000000000,HILL FL,,ABS-O,NL,2026-01
US02007NAC20,US02007NAC20,02007NAC2,ALLY AUTO RECEIVABLES TRUST 2024-2,,ABS-O,US,2026-03
US04033HAB15,US04033HAB15,04033HAB1,ARI FLEET LEASE TRUST 2024-B,,ABS-O,US,2026-03
US00193GAB77,US00193GAB77,00193GAB7,ARI FLEET LEASE TRUST 2025-B,,ABS-O,US,2026-03
US00193GAC50,US00193GAC50,00193GAC5,ARI Fleet Lease Trust,,ABS-O,US,2026-01
US00834MAA18,US00834MAA18,00834MAA1,Affirm Inc,,ABS-O,US,2026-01
US00835DAA00,US00835DAA00,00835DAA0,Affirm Inc,,ABS-O,US,2026-01
US00833BAN82,US00833BAN82,00833BAN8,Affirm Master Trust,,ABS-O,US,2026-01
US00833BAU26,US00833BAU26,00833BAU2,Affirm Master Trust,,ABS-O,US,2026-01
US06428AAC27,US06428AAC27,06428AAC2,BANK OF AMERICA AUTO TRUST 2023-1A,,ABS-O,US,2026-03
US06428AAD00,US06428AAD00,06428AAD0,BANK OF AMERICA AUTO TRUST 2023-1A,,ABS-O,US,2026-03
US09709AAC62,US09709AAC62,09709AAC6,BANK OF AMERICA AUTO TRUST 2024-1A,,ABS-O,US,2026-03
US05594BAB27,US05594BAB27,05594BAB2,BANK OF AMERICA AUTO TRUST 2025-1A,,ABS-O,US,2026-03
US05594BAC00,US05594BAC00,05594BAC0,BANK OF AMERICA AUTO TRUST 2025-1A,,ABS-O,US,2026-03
US05594BAD82,US05594BAD82,05594BAD8,BANK OF AMERICA AUTO TRUST 2025-1A,,ABS-O,US,2026-03
US05613MAC38,US05613MAC38,05613MAC3,BMW VEHICLE LEASE TRUST 2024-2,,ABS-O,US,2026-03
US05592XAD21,US05592XAD21,05592XAD2,BMW VEHICLE OWNER TRUST 2023-A,,ABS-O,US,2026-03
US096919AD78,US096919AD78,096919AD7,BMW VEHICLE OWNER TRUST 2024-A,,ABS-O,US,2026-03
US05601DAE31,US05601DAE31,05601DAE3,Brex Inc,,ABS-O,US,2026-01
US14044EAD04,US14044EAD04,14044EAD0,CAPITAL ONE PRIME AUTO RECEIVABLES TRUST 2023-2,,ABS-O,US,2026-03
US14318UAD37,US14318UAD37,14318UAD3,CARMAX AUTO OWNER TRUST 2022-4,,ABS-O,US,2026-03
US14318DAC39,US14318DAC39,14318DAC3,CARMAX AUTO OWNER TRUST 2023-1,,ABS-O,US,2026-03
US142921AD76,US142921AD76,142921AD7,CARMAX AUTO OWNER TRUST 2023-2,,ABS-O,US,2026-03
US14319BAC63,US14319BAC63,14319BAC6,CARMAX AUTO OWNER TRUST 2023-3,,ABS-O,US,2026-03
US14318XAC92,US14318XAC92,14318XAC9,CARMAX AUTO OWNER TRUST 2023-4,,ABS-O,US,2026-03
US14318WAD92,US14318WAD92,14318WAD9,CARMAX AUTO OWNER TRUST 2024-1,,ABS-O,US,2026-03
US14319EAE68,US14319EAE68,14319EAE6,CARMAX AUTO OWNER TRUST 2024-2,,ABS-O,US,2026-03
US14319GAC50,US14319GAC50,14319GAC5,CARMAX AUTO OWNER TRUST 2024-3,,ABS-O,US,2026-03
US14290DAH44,US14290DAH44,14290DAH4,CARMAX AUTO OWNER TRUST 2024-4,,ABS-O,US,2026-03
US14320AAC53,US14320AAC53,14320AAC5,CARMAX AUTO OWNER TRUST 2025-2,,ABS-O,US,2026-03
US14290FAB22,US14290FAB22,14290FAB2,CARMAX AUTO OWNER TRUST 2025-3,,ABS-O,US,2026-03
US14290FAC05,US14290FAC05,14290FAC0,CARMAX AUTO OWNER TRUST 2025-3,,ABS-O,US,2026-03
US14320HAC07,US14320HAC07,14320HAC0,CARMAX AUTO OWNER TRUST 2025-4,,ABS-O,US,2026-03
US14320XAC56,US14320XAC56,14320XAC5,CARMAX AUTO OWNER TRUST 2026-1,,ABS-O,US,2026-03
US14319WAC01,US14319WAC01,14319WAC0,CARMX 2025-1,,ABS-O,US,2026-03
US14686GAB23,US14686GAB23,14686GAB2,CARVANA AUTO RECEIVABLES TRUST 2022-N1,,ABS-O,US,2026-03
US14686MAC73,US14686MAC73,14686MAC7,CARVANA AUTO RECEIVABLES TRUST 2022-P3,,ABS-O,US,2026-03
US14687NAC48,US14687NAC48,14687NAC4,CARVANA AUTO RECEIVABLES TRUST 2023-P4,,ABS-O,US,2026-03
US14687RAC51,US14687RAC51,14687RAC5,CARVANA AUTO RECEIVABLES TRUST 2023-P5,,ABS-O,US,2026-03
US14688NAC39,US14688NAC39,14688NAC3,CARVANA AUTO RECEIVABLES TRUST 2024-P1,,ABS-O,US,2026-03
US14688PAC86,US14688PAC86,14688PAC8,CARVANA AUTO RECEIVABLES TRUST 2024-P2,,ABS-O,US,2026-03
US146919AC98,US146919AC98,146919AC9,CARVANA AUTO RECEIVABLES TRUST 2024-P3,,ABS-O,US,2026-03
US14076LAC72,US14076LAC72,14076LAC7,CARVANA AUTO RECEIVABLES TRUST 2024-P4,,ABS-O,US,2026-03
US14689MAB63,US14689MAB63,14689MAB6,CARVANA AUTO RECEIVABLES TRUST 2025-P1,,ABS-O,US,2026-03
US14688YAB11,US14688YAB11,14688YAB1,CARVANA AUTO RECEIVABLES TRUST 2025-P2,,ABS-O,US,2026-03
US14688AAB35,US14688AAB35,14688AAB3,CARVANA AUTO RECEIVABLES TRUST 2025-P3,,ABS-O,US,2026-03
US14689AAB26,US14689AAB26,14689AAB2,CARVANA AUTO RECEIVABLES TRUST 2025-P4,,ABS-O,US,2026-03
US14689FAA30,US14689FAA30,14689FAA3,CARVANA AUTO RECEIVABLES TRUST 2026-P1,,ABS-O,US,2026-03
US16144KAC27,US16144KAC27,16144KAC2,CHASE AUTO OWNER TRUST 2023-AA,,ABS-O,US,2026-03
US16144YAC21,US16144YAC21,16144YAC2,CHASE AUTO OWNER TRUST 2024-4A,,ABS-O,US,2026-03
US16144QAC96,US16144QAC96,16144QAC9,CHASE AUTO OWNER TRUST 2024-5A,,ABS-O,US,2026-03
US17331KAD19,US17331KAD19,17331KAD1,CITIZENS AUTO RECEIVABLES TRUST 2023-1,,ABS-O,US,2026-03
US17331KAE91,US17331KAE91,17331KAE9,CITIZENS AUTO RECEIVABLES TRUST 2023-1,,ABS-O,US,2026-03
US17295FAD69,US17295FAD69,17295FAD6,CITIZENS AUTO RECEIVABLES TRUST 2023-2,,ABS-O,US,2026-03
US17331QAD88,US17331QAD88,17331QAD8,CITIZENS AUTO RECEIVABLES TRUST 2024-1,,ABS-O,US,2026-03
US17331XAD30,US17331XAD30,17331XAD3,CITIZENS AUTO RECEIVABLES TRUST 2024-2,,ABS-O,US,2026-03
US18978FAC05,US18978FAC05,18978FAC0,CNH Equipment Trust,,ABS-O,US,2026-01
US22767VAB45,US22767VAB45,22767VAB4,CROSSROADS ASSET TRUST 2025-A,,ABS-O,US,2026-03
US19424KAA16,US19424KAA16,19424KAA1,College Ave Student Loans,,ABS-O,US,2026-01
US20469CAE57,US20469CAE57,20469CAE5,"Compass Datacenters Issuer II, LLC",,ABS-O,US,2026-01
US315961AC62,US315961AC62,315961AC6,"Consolidated Communications LLC, Fidium Fiber Finance Holdco LLC",,ABS-O,US,2026-01
US24703UAC71,US24703UAC71,24703UAC7,DELL EQUIPMENT FINANCE TRUST 2025-1,,ABS-O,US,2026-03
US233249AB70,US233249AB70,233249AB7,DLLAA LLC 2025-1A,,ABS-O,US,2026-03
US28628BAA61,US28628BAA61,28628BAA6,ELFI GRADUATE LOAN PROGRAM 2021-A LLC,,ABS-O,US,2026-03
US29375RAB24,US29375RAB24,29375RAB2,ENTERPRISE FLEET FINANCING 2024-2 LLC,,ABS-O,US,2026-03
US29375QAB41,US29375QAB41,29375QAB4,ENTERPRISE FLEET FINANCING 2024-3 LLC,,ABS-O,US,2026-03
US29374MAB46,US29374MAB46,29374MAB4,ENTERPRISE FLEET FINANCING 2024-4 LLC,,ABS-O,US,2026-03
US29390HAB50,US29390HAB50,29390HAB5,ENTERPRISE FLEET FINANCING 2025-1 LLC,,ABS-O,US,2026-03
US29375TAB89,US29375TAB89,29375TAB8,ENTERPRISE FLEET FINANCING 2025-2 LLC,,ABS-O,US,2026-03
US29375UAB52,US29375UAB52,29375UAB5,ENTERPRISE FLEET FINANCING 2025-3 LLC,,ABS-O,US,2026-03
US29376JAA16,US29376JAA16,29376JAA1,ENTERPRISE FLEET FINANCING 2026-1 LLC 2026-1,,ABS-O,US,2026-03
US29376JAB98,US29376JAB98,29376JAB9,ENTERPRISE FLEET FINANCING 2026-1 LLC 2026-1,,ABS-O,US,2026-03
US29374MAC29,US29374MAC29,29374MAC2,Enterprise Fleet Financing LLC,,ABS-O,US,2026-01
US29374MAD02,US29374MAD02,29374MAD0,Enterprise Fleet Financing LLC,,ABS-O,US,2026-01
US29375CAC38,US29375CAC38,29375CAC3,Enterprise Fleet Financing LLC,,ABS-O,US,2026-01
US29375PAB67,US29375PAB67,29375PAB6,Enterprise Fleet Financing LLC,,ABS-O,US,2026-01
US29375PAC41,US29375PAC41,29375PAC4,Enterprise Fleet Financing LLC,,ABS-O,US,2026-01
US29375QAC24,US29375QAC24,29375QAC2,Enterprise Fleet Financing LLC,,ABS-O,US,2026-01
US29375QAD07,US29375QAD07,29375QAD0,Enterprise Fleet Financing LLC,,ABS-O,US,2026-01
US345282AC12,US345282AC12,345282AC1,FORD CREDIT AUTO LEASE TRUST 2025-A,,ABS-O,US,2026-03
US344928AD89,US344928AD89,344928AD8,FORD CREDIT AUTO OWNER TRUST 2023-A,,ABS-O,US,2026-03
US344928AE62,US344928AE62,344928AE6,FORD CREDIT AUTO OWNER TRUST 2023-A,,ABS-O,US,2026-03
US344930AD44,US344930AD44,344930AD4,FORD CREDIT AUTO OWNER TRUST 2023-B,,ABS-O,US,2026-03
US34532UAB52,US34532UAB52,34532UAB5,FORD CREDIT AUTO OWNER TRUST 2024-C,,ABS-O,US,2026-03
US34532BAC54,US34532BAC54,34532BAC5,FORD CREDIT AUTO OWNER TRUST 2025-B,,ABS-O,US,2026-03
US34532WAC91,US34532WAC91,34532WAC9,FORD CREDIT AUTO OWNER TRUST 2026-A,,ABS-O,US,2026-03
US344940AD34,US344940AD34,344940AD3,Ford Credit Auto Owner Trust,,ABS-O,US,2026-01
US349941AA27,US349941AA27,349941AA2,Foundation Finance Trust,,ABS-O,US,2026-01
US35040WAA53,US35040WAA53,35040WAA5,Foundation Finance Trust,,ABS-O,US,2026-01
US35042TAA07,US35042TAA07,35042TAA0,Foundation Finance Trust,,ABS-O,US,2026-01
US35042TAB89,US35042TAB89,35042TAB8,Foundation Finance Trust,,ABS-O,US,2026-01
US36271VAB36,US36271VAB36,36271VAB3,GM FINANCIAL AUTOMOBILE LEASING TRUST 2025-1,,ABS-O,US,2026-03
US36271VAC19,US36271VAC19,36271VAC1,GM FINANCIAL AUTOMOBILE LEASING TRUST 2025-1,,ABS-O,US,2026-03
US362962AC63,US362962AC63,362962AC6,GM FINANCIAL AUTOMOBILE LEASING TRUST 2025-2,,ABS-O,US,2026-03
US379965AC07,US379965AC07,379965AC0,GM FINANCIAL AUTOMOBILE LEASING TRUST 2025-3,,ABS-O,US,2026-03
US38013JAD54,US38013JAD54,38013JAD5,GM FINANCIAL CONSUMER AUTOMOBILE RECEIVABLES TRUST 2023-1,,ABS-O,US,2026-03
US36267KAD90,US36267KAD90,36267KAD9,GM FINANCIAL CONSUMER AUTOMOBILE RECEIVABLES TRUST 2023-3,,ABS-O,US,2026-03
US379931AD07,US379931AD07,379931AD0,GM FINANCIAL CONSUMER AUTOMOBILE RECEIVABLES TRUST 2024-2,,ABS-O,US,2026-03
US38013KAD28,US38013KAD28,38013KAD2,GM FINANCIAL CONSUMER AUTOMOBILE RECEIVABLES TRUST 2024-3,,ABS-O,US,2026-03
US38014AAC53,US38014AAC53,38014AAC5,GM FINANCIAL CONSUMER AUTOMOBILE RECEIVABLES TRUST 2024-4,,ABS-O,US,2026-03
US39154GAB23,US39154GAB23,39154GAB2,GREAT AMERICA LEASING RECEIVABLES,,ABS-O,US,2026-01
US38237FAA93,US38237FAA93,38237FAA9,GoodLeap Home Improvement Solutions Trust,,ABS-O,US,2026-01
US39571VAD01,US39571VAD01,39571VAD0,Greensky Home Improvement Issuer Trust,,ABS-O,US,2026-01
US41284XAC20,US41284XAC20,41284XAC2,HARLEY-DAVIDSON MOTORCYCLE TRUST 2025-A,,ABS-O,US,2026-03
US43816DAB10,US43816DAB10,43816DAB1,HONDA AUTO RECEIVABLES OWNER TRUST 2024-4,,ABS-O,US,2026-03
US437918AC92,US437918AC92,437918AC9,HONDA AUTO RECEIVABLES-2024-1 OWNER TRUST,,ABS-O,US,2026-03
US442927AA77,US442927AA77,442927AA7,HPEFS EQUIPMENT TRUST 2025-2A,,ABS-O,US,2026-03
US442927AB50,US442927AB50,442927AB5,HPEFS EQUIPMENT TRUST 2025-2A,,ABS-O,US,2026-03
US448984AC80,US448984AC80,448984AC8,HYUNDAI AUTO LEASE SECURITIZATION TRUST 2024-C,,ABS-O,US,2026-03
US44935WAC10,US44935WAC10,44935WAC1,HYUNDAI AUTO LEASE SECURITIZATION TRUST 2025-A,,ABS-O,US,2026-03
US44935DAC39,US44935DAC39,44935DAC3,HYUNDAI AUTO LEASE SECURITIZATION TRUST 2025-B,,ABS-O,US,2026-03
US44935GAC69,US44935GAC69,44935GAC6,HYUNDAI AUTO LEASE SECURITIZATION TRUST 2025-C,,ABS-O,US,2026-03
US44918CAD48,US44918CAD48,44918CAD4,HYUNDAI AUTO RECEIVABLES TRUST 2023-C,,ABS-O,US,2026-03
US448976AC49,US448976AC49,448976AC4,HYUNDAI AUTO RECEIVABLES TRUST 2024-C,,ABS-O,US,2026-03
US448976AD22,US448976AD22,448976AD2,HYUNDAI AUTO RECEIVABLES TRUST 2024-C,,ABS-O,US,2026-03
US44935JAC09,US44935JAC09,44935JAC0,HYUNDAI AUTO RECEIVABLES TRUST 2025-C,,ABS-O,US,2026-03
US44933XAD93,US44933XAD93,44933XAD9,Hyundai Auto Receivables Trust,,ABS-O,US,2026-01
US47800RAD52,US47800RAD52,47800RAD5,John Deere Owner Trust,,ABS-O,US,2026-01
US50117DAB29,US50117DAB29,50117DAB2,KUBOTA CREDIT OWNER TRUST 2024-2A,,ABS-O,US,2026-03
US505708AA50,US505708AA50,505708AA5,LAD AUTO RECEIVABLES 2026-1A,,ABS-O,US,2026-03
US525950AA95,US525950AA95,525950AA9,LendingClub Structured Loan Certificate Issuer Trust,,ABS-O,US,2026-01
US52603GAA40,US52603GAA40,52603GAA4,Lendmark Funding Trust,,ABS-O,US,2026-01
US552339AD56,US552339AD56,552339AD5,Lyra MUSIC Assets (Delaware) LP,,ABS-O,US,2026-01
US55286TAC99,US55286TAC99,55286TAC9,M&T BANK AUTO RECEIVABLES TRUST 2024-1A,,ABS-O,US,2026-03
US55287XAC92,US55287XAC92,55287XAC9,M&T BANK AUTO RECEIVABLES TRUST 2025-1A,,ABS-O,US,2026-03
US55287XAD75,US55287XAD75,55287XAD7,M&T BANK AUTO RECEIVABLES TRUST 2025-1A,,ABS-O,US,2026-03
US55340QAB14,US55340QAB14,55340QAB1,M&T EQUIPMENT 2025-LEAF1 LLC,,ABS-O,US,2026-03
US587918AD51,US587918AD51,587918AD5,MERCEDES-BENZ AUTO RECEIVABLES TRUST 2024-1,,ABS-O,US,2026-03
US55318CAB00,US55318CAB00,55318CAB0,MMAF EQUIPMENT FINANCE LLC 2024-A,,ABS-O,US,2026-03
US55318CAC82,US55318CAC82,55318CAC8,MMAF Equipment Finance LLC,,ABS-O,US,2026-01
US63941HAA05,US63941HAA05,63941HAA0,NAVIENT PRIVATE EDUCATION REFI LOAN TRUST 2020-DA,,ABS-O,US,2026-03
US63935BAA17,US63935BAA17,63935BAA1,NAVIENT PRIVATE EDUCATION REFI LOAN TRUST 2020-HA,,ABS-O,US,2026-03
US63942BAA26,US63942BAA26,63942BAA2,NAVIENT PRIVATE EDUCATION REFI LOAN TRUST 2021-A,,ABS-O,US,2026-03
US63942KAA25,US63942KAA25,63942KAA2,NAVIENT PRIVATE EDUCATION REFI LOAN TRUST 2021-G,,ABS-O,US,2026-03
US63942MAA80,US63942MAA80,63942MAA8,NAVIENT PRIVATE EDUCATION REFI LOAN TRUST 2022-A,,ABS-O,US,2026-03
US638973AA57,US638973AA57,638973AA5,NAVIENT REFINANCE LOAN TRUST 2025-C,,ABS-O,US,2026-03
US63940CAA27,US63940CAA27,63940CAA2,NAVIENT STUDENT LOAN TRUST 2017-5A,,ABS-O,US,2026-03
US63940UAB08,US63940UAB08,63940UAB0,NAVIENT STUDENT LOAN TRUST 2018-DA,,ABS-O,US,2026-03
US63940YAB20,US63940YAB20,63940YAB2,NAVIENT STUDENT LOAN TRUST 2019-CA,,ABS-O,US,2026-03
US63942AAB26,US63942AAB26,63942AAB2,NAVIENT STUDENT LOAN TRUST 2020-IA,,ABS-O,US,2026-03
US64031QCD16,US64031QCD16,64031QCD1,NELNET STUDENT LOAN TRUST 2005-3,,ABS-O,US,2026-03
US64033UAA88,US64033UAA88,64033UAA8,NELNET STUDENT LOAN TRUST 2016-1A,,ABS-O,US,2026-03
US64032KAA16,US64032KAA16,64032KAA1,NELNET STUDENT LOAN TRUST 2017-3A,,ABS-O,US,2026-03
US64031DAA81,US64031DAA81,64031DAA8,NELNET STUDENT LOAN TRUST 2019-3A,,ABS-O,US,2026-03
US64032UAA97,US64032UAA97,64032UAA9,NELNET STUDENT LOAN TRUST 2026-A,,ABS-O,US,2026-03
US64032UAB70,US64032UAB70,64032UAB7,NELNET STUDENT LOAN TRUST 2026-A,,ABS-O,US,2026-03
US65481DAC65,US65481DAC65,65481DAC6,NISSAN AUTO LEASE TRUST 2024-B,,ABS-O,US,2026-03
US65479XAB82,US65479XAB82,65479XAB8,NISSAN AUTO LEASE TRUST 2025-A,,ABS-O,US,2026-03
US65479XAC65,US65479XAC65,65479XAC6,NISSAN AUTO LEASE TRUST 2025-A,,ABS-O,US,2026-03
US65481HAC79,US65481HAC79,65481HAC7,NISSAN AUTO LEASE TRUST 26-A,,ABS-O,US,2026-03
US65479WAC82,US65479WAC82,65479WAC8,NISSAN AUTO RECEIVABLES OWNER TRUST 2024-B,,ABS-O,US,2026-03
US65479WAD65,US65479WAD65,65479WAD6,NISSAN AUTO RECEIVABLES OWNER TRUST 2024-B,,ABS-O,US,2026-03
US64034QAB41,US64034QAB41,64034QAB4,NSLT-2021-BA,,ABS-O,US,2026-03
US63940QAC78,US63940QAC78,63940QAC7,Navient Student Loan Trust,,ABS-O,US,2026-01
US63942CAA09,US63942CAA09,63942CAA0,Navient Student Loan Trust,,ABS-O,US,2026-01
US63942LAA08,US63942LAA08,63942LAA0,Navient Student Loan Trust,,ABS-O,US,2026-01
US63942TAB17,US63942TAB17,63942TAB1,Navient Student Loan Trust,,ABS-O,US,2026-01
US64032BAB99,US64032BAB99,64032BAB9,Nelnet Student Loan Trust,,ABS-O,US,2026-01
US64033XAE40,US64033XAE40,64033XAE4,Nelnet Student Loan Trust,,ABS-O,US,2026-01
US64034QAA67,US64034QAA67,64034QAA6,Nelnet Student Loan Trust,,ABS-O,US,2026-01
US64034UAB52,US64034UAB52,64034UAB5,Nelnet Student Loan Trust,,ABS-O,US,2026-01
US64034YAA91,US64034YAA91,64034YAA9,Nelnet Student Loan Trust,,ABS-O,US,2026-01
US64035DAA46,US64035DAA46,64035DAA4,Nelnet Student Loan Trust,,ABS-O,US,2026-01
US64035EAA29,US64035EAA29,64035EAA2,Nelnet Student Loan Trust,,ABS-O,US,2026-01
US64035GAA76,US64035GAA76,64035GAA7,Nelnet Student Loan Trust,,ABS-O,US,2026-01
US64035UAB44,US64035UAB44,64035UAB4,Nelnet Student Loan Trust,,ABS-O,US,2026-01
US68784BAC81,US68784BAC81,68784BAC8,OSCAR US FUNDING XVII LLC 2024-2A,,ABS-O,US,2026-03
US68269DAB01,US68269DAB01,68269DAB0,OneMain Direct Auto Receivables Trust,,ABS-O,US,2026-01
US68269HAE53,US68269HAE53,68269HAE5,OneMain Financial Issuance Trust,,ABS-O,US,2026-01
US69392HAB96,US69392HAB96,69392HAB9,PEAC SOLUTIONS RECEIVABLES 2025-1A LLC,,ABS-O,US,2026-03
US706916AB93,US706916AB93,706916AB9,PENFED AUTO RECEIVABLES OWNER TRUST 2025-A,,ABS-O,US,2026-03
US69335PFE07,US69335PFE07,69335PFE0,PFS Financing Corp.,,ABS-O,US,2026-01
US69335PFU49,US69335PFU49,69335PFU4,PFS Financing Corp.,,ABS-O,US,2026-01
US69335PFY60,US69335PFY60,69335PFY6,PFS Financing Corp.,,ABS-O,US,2026-01
US69343VAA08,US69343VAA08,69343VAA0,PHEAA STUDENT LOAN TRUST 2016-2A,,ABS-O,US,2026-03
US73052AAC53,US73052AAC53,73052AAC5,Point Broadband Funding LLC,,ABS-O,US,2026-01
US732916AD30,US732916AD30,732916AD3,Porsche Financial Auto Securitization Trust,,ABS-O,US,2026-01
US74690FAA49,US74690FAA49,74690FAA4,QTS ISSUER ABS II LLC,,ABS-O,US,2026-01
US74690FAQ90,US74690FAQ90,74690FAQ9,QTS ISSUER ABS II LLC,,ABS-O,US,2026-01
US74690FAS56,US74690FAS56,74690FAS5,QTS ISSUER ABS II LLC,,ABS-O,US,2026-01
US758983AA85,US758983AA85,758983AA8,Regional Management Issuance Trust,,ABS-O,US,2026-01
US75907AAA16,US75907AAA16,75907AAA1,Regional Management Issuance Trust,,ABS-O,US,2026-01
US78437VAE02,US78437VAE02,78437VAE0,SBNA AUTO LEASE TRUST 2024-B,,ABS-O,US,2026-03
US78437KAB08,US78437KAB08,78437KAB0,SBNA AUTO LEASE TRUST 2025-A,,ABS-O,US,2026-03
US80620BAB36,US80620BAB36,80620BAB3,SCCU AUTO RECEIVABLES TRUST 2025-1 2025-1A,,ABS-O,US,2026-03
US78398AAD54,US78398AAD54,78398AAD5,SFS AUTO RECEIVABLES SECURITIZATION TRUST 2023-1A,,ABS-O,US,2026-03
US78435VAC63,US78435VAC63,78435VAC6,SFS AUTO RECEIVABLES SECURITIZATION TRUST 2024-1A,,ABS-O,US,2026-03
US78397XAC83,US78397XAC83,78397XAC8,SFS AUTO RECEIVABLES SECURITIZATION TRUST 2024-2A,,ABS-O,US,2026-03
US78436XAB38,US78436XAB38,78436XAB3,SFS AUTO RECEIVABLES SECURITIZATION TRUST 2024-3A,,ABS-O,US,2026-03
US81885BAC90,US81885BAC90,81885BAC9,SFS AUTO RECEIVABLES SECURITIZATION TRUST 2025-1A,,ABS-O,US,2026-03
US81885FAC05,US81885FAC05,81885FAC0,SFS AUTO RECEIVABLES SECURITIZATION TRUST 2026-1A,,ABS-O,US,2026-03
US78443CBV54,US78443CBV54,78443CBV5,SLM STUDENT LOAN TRUST 2005-A,,ABS-O,US,2026-03
US78446YAA10,US78446YAA10,78446YAA1,SLM STUDENT LOAN TRUST 2012-2,,ABS-O,US,2026-03
US78447AAA25,US78447AAA25,78447AAA2,SLM STUDENT LOAN TRUST 2012-3,,ABS-O,US,2026-03
US78443CBH60,US78443CBH60,78443CBH6,SLM Student Loan Trust,,ABS-O,US,2026-01
US78443CCB81,US78443CCB81,78443CCB8,SLM Student Loan Trust,,ABS-O,US,2026-01
US78443CCL63,US78443CCL63,78443CCL6,SLM Student Loan Trust,,ABS-O,US,2026-01
US78443CCU62,US78443CCU62,78443CCU6,SLM Student Loan Trust,,ABS-O,US,2026-01
US78449XAA00,US78449XAA00,78449XAA0,SMB PRIVATE EDUCATION LOAN TRUST 2020-B,,ABS-O,US,2026-03
US78449XAB82,US78449XAB82,78449XAB8,SMB PRIVATE EDUCATION LOAN TRUST 2020-B,,ABS-O,US,2026-03
US78449MAB28,US78449MAB28,78449MAB2,SMB PRIVATE EDUCATION LOAN TRUST 2021-D,,ABS-O,US,2026-03
US78451PAB04,US78451PAB04,78451PAB0,SMB PRIVATE EDUCATION LOAN TRUST 2026-B,,ABS-O,US,2026-03
US78449CAB46,US78449CAB46,78449CAB4,SMB Private Education Loan Trust,,ABS-O,US,2026-01
US78449HAB33,US78449HAB33,78449HAB3,SMB Private Education Loan Trust,,ABS-O,US,2026-01
US78454XAB01,US78454XAB01,78454XAB0,SMB Private Education Loan Trust,,ABS-O,US,2026-01
US83192CAC10,US83192CAC10,83192CAC1,SMB Private Education Loan Trust,,ABS-O,US,2026-01
US83206NAB38,US83206NAB38,83206NAB3,SMB Private Education Loan Trust,,ABS-O,US,2026-01
US83207DAB47,US83207DAB47,83207DAB4,SMB Private Education Loan Trust,,ABS-O,US,2026-01
US83390JAA07,US83390JAA07,83390JAA0,SOFI CONSUMER LOAN PROGRAM 2025-3 TRUST,,ABS-O,US,2026-03
US83406YAA91,US83406YAA91,83406YAA9,SOFI CONSUMER LOAN PROGRAM TRUST,,ABS-O,US,2026-01
US83407HAA59,US83407HAA59,83407HAA5,SOFI CONSUMER LOAN PROGRAM TRUST,,ABS-O,US,2026-01
US83390UAF49,US83390UAF49,83390UAF4,SOFI PROFESSIONAL LOAN PROGRAM LLC 2020-C,,ABS-O,US,2026-03
US858928AB07,US858928AB07,858928AB0,STELLANTIS FINANCIAL UNDERWRITTEN ENHANCED LEASE TRUST 2025-AA,,ABS-O,US,2026-03
US858933AB00,US858933AB00,858933AB0,STELLANTIS FINANCIAL UNDERWRITTEN ENHANCED LEASE TRUST 2025-BA,,ABS-O,US,2026-03
US83407RAA32,US83407RAA32,83407RAA3,SoFi Personal Loan Trust,,ABS-O,US,2026-01
US78490DAB01,US78490DAB01,78490DAB0,Social Professional Loan Program LLC,,ABS-O,US,2026-01
US86613XAN57,US86613XAN57,86613XAN5,"Summer Issuer, LLC",,ABS-O,US,2026-01
US88162VAB62,US88162VAB62,88162VAB6,TESLA LEASE ELECTRIC VEHICLE SECURITIZATION 2025-A LLC,,ABS-O,US,2026-03
US89231CAD92,US89231CAD92,89231CAD9,TOYOTA AUTO RECEIVABLES 2022-C OWNER TRUST,,ABS-O,US,2026-03
US89239HAD08,US89239HAD08,89239HAD0,TOYOTA AUTO RECEIVABLES 2022-D OWNER TRUST,,ABS-O,US,2026-03
US891940AC27,US891940AC27,891940AC2,TOYOTA AUTO RECEIVABLES 2023-A OWNER TRUST,,ABS-O,US,2026-03
US89237NAD93,US89237NAD93,89237NAD9,TOYOTA AUTO RECEIVABLES 2024-B OWNER TRUST,,ABS-O,US,2026-03
US89239TAC62,US89239TAC62,89239TAC6,TOYOTA AUTO RECEIVABLES 2024-D OWNER TRUST,,ABS-O,US,2026-03
US89231HAC07,US89231HAC07,89231HAC0,TOYOTA AUTO RECEIVABLES 2025-B OWNER TRUST,,ABS-O,US,2026-03
US89239NAC92,US89239NAC92,89239NAC9,TOYOTA LEASE OWNER TRUST 2025-A,,ABS-O,US,2026-03
US89240NAC65,US89240NAC65,89240NAC6,TOYOTA LEASE OWNER TRUST 2025-B,,ABS-O,US,2026-03
US89240MAC82,US89240MAC82,89240MAC8,TOYOTA LEASE OWNER TRUST 2026-A,,ABS-O,US,2026-03
US89239FAD42,US89239FAD42,89239FAD4,Toyota Auto Receivables Owner Trust,,ABS-O,US,2026-01
US90321EAA01,US90321EAA01,90321EAA0,UPG HI Issuer Trust,,ABS-O,US,2026-01
US91531AAB08,US91531AAB08,91531AAB0,UPGRADE AUTO RECEIVABLES TRUST 25-1A,,ABS-O,US,2026-03
US90291VAC46,US90291VAC46,90291VAC4,USAA AUTO OWNER TRUST 2023-A,,ABS-O,US,2026-03
US90327VAC28,US90327VAC28,90327VAC2,USAA AUTO OWNER TRUST 2024-A,,ABS-O,US,2026-03
US90367VAB53,US90367VAB53,90367VAB5,USB AUTO OWNER TRUST 2025-1A,,ABS-O,US,2026-03
US91533QAA58,US91533QAA58,91533QAA5,Upgrade Master Pass-Thru Trust,,ABS-O,US,2026-01
US91533RAA32,US91533RAA32,91533RAA3,Upgrade Master Pass-Thru Trust,,ABS-O,US,2026-01
US91533RAB15,US91533RAB15,91533RAB1,Upgrade Master Pass-Thru Trust,,ABS-O,US,2026-01
US91535UAD81,US91535UAD81,91535UAD8,Upgrade Master Pass-Thru Trust,,ABS-O,US,2026-01
US92348KDF75,US92348KDF75,92348KDF7,VERIZON MASTER TRUST 2024-6,,ABS-O,US,2026-03
US92868BAC72,US92868BAC72,92868BAC7,VOLKSWAGEN AUTO LEASE TRUST 2025-B,,ABS-O,US,2026-03
US92867WAD02,US92867WAD02,92867WAD0,VOLKSWAGEN AUTO LOAN ENHANCED TRUST 2023-1,,ABS-O,US,2026-03
US92212KAJ51,US92212KAJ51,92212KAJ5,Vantage Data Centers LLC,,ABS-O,US,2026-01
US92867YAD67,US92867YAD67,92867YAD6,Volkswagen Auto Loan Enhanced Trust,,ABS-O,US,2026-01
US96043AAA25,US96043AAA25,96043AAA2,WESTLAKE AUTOMOBILE RECEIVABLES TRUST 2026-P1,,ABS-O,US,2026-03
US98163VAD01,US98163VAD01,98163VAD0,WORLD OMNI AUTO RECEIVABLES TRUST 2022-D,,ABS-O,US,2026-03
US98163VAE83,US98163VAE83,98163VAE8,WORLD OMNI AUTO RECEIVABLES TRUST 2022-D,,ABS-O,US,2026-03
US98164QAD07,US98164QAD07,98164QAD0,WORLD OMNI AUTO RECEIVABLES TRUST 2023-B,,ABS-O,US,2026-03
US98164RAD89,US98164RAD89,98164RAD8,WORLD OMNI AUTO RECEIVABLES TRUST 2024-A,,ABS-O,US,2026-03
US98164NAB10,US98164NAB10,98164NAB1,WORLD OMNI AUTO RECEIVABLES TRUST 2024-C,,ABS-O,US,2026-03
US98164NAC92,US98164NAC92,98164NAC9,WORLD OMNI AUTO RECEIVABLES TRUST 2024-C,,ABS-O,US,2026-03
US98164NAD75,US98164NAD75,98164NAD7,WORLD OMNI AUTO RECEIVABLES TRUST 2024-C,,ABS-O,US,2026-03
US98164PAC41,US98164PAC41,98164PAC4,WORLD OMNI AUTOMOBILE LEASE SECURITIZATION TRUST 2025-A,,ABS-O,US,2026-03
US96041AAG13,US96041AAG13,96041AAG1,Westlake Automobile Receivables Trust,,ABS-O,US,2026-01
US96043LAC46,US96043LAC46,96043LAC4,Westlake Automobile Receivables Trust,,ABS-O,US,2026-01
US02220AAA51,US02220AAA51,02220AAA5,ALUMINA PTY LTD,,DBT,AU,2026-01
US02220AAB35,US02220AAB35,02220AAB3,ALUMINA PTY LTD,,DBT,AU,2026-02
US05252ADK43,US05252ADK43,05252ADK4,AUST & NZ BANKING GROUP,,DBT,AU,2026-01
US055451AY40,US055451AY40,055451AY4,BHP BILLITON FIN USA LTD,,DBT,AU,2026-01
US20271RAR12,US20271RAR12,20271RAR1,COMMONWEALTH BK AUSTR NY,,DBT,AU,2026-01
US63253QAB05,US63253QAB05,63253QAB0,NATIONAL AUSTRALIA BK/NY,,DBT,AU,2026-01
US63253QAE44,US63253QAE44,63253QAE4,NATIONAL AUSTRALIA BK/NY,,DBT,AU,2026-01
US63253QAG91,US63253QAG91,63253QAG9,NATIONAL AUSTRALIA BK/NY,,DBT,AU,2026-01
US63253QAJ31,US63253QAJ31,63253QAJ3,NATIONAL AUSTRALIA BK/NY,,DBT,AU,2026-01
US63253QAL86,US63253QAL86,63253QAL8,NATIONAL AUSTRALIA BK/NY,,DBT,AU,2026-01
US62878V2A72,US62878V2A72,62878V2A7,NBN CO LIMITED,,DBT,AU,2026-03
US67052NAB10,US67052NAB10,67052NAB1,NUFARM AUSTRALIA/AMERICA,,DBT,AU,2026-01
XS1457527015,XS1457527015,BD9FJKII6,SGSP (AUSTRALIA) ASSETS PTY LTD,,DBT,AU,2026-03
US87124VAF67,US87124VAF67,87124VAF6,SYDNEY AIRPORT FINANCE COMPANY PTY LIMITED,,DBT,AU,2026-03
USQ8809VAH26,USQ8809VAH26,Q8809VAH2,SYDNEY AIRPORT FINANCE COMPANY PTY LIMITED,,DBT,AU,2026-03
US44962LAJ61,US44962LAJ61,44962LAJ6,IHS MARKIT LTD,,DBT,BM,2026-03
US62888HAA77,US62888HAA77,62888HAA7,NCL FINANCE LTD,,DBT,BM,2026-01
US78669QAA85,US78669QAA85,78669QAA8,SAGICOR FINANCIAL CO,,DBT,BM,2026-03
US81172QAA22,US81172QAA22,81172QAA2,SEADRILL FINANCE LTD,,DBT,BM,2026-03
US893814AA10,US893814AA10,893814AA1,TRANSOCEAN INTERNTNL LTD,,DBT,BM,2026-01
US92682RAA05,US92682RAA05,92682RAA0,VIKING OCEAN CRUISES SHI,,DBT,BM,2026-01
US91832VAA26,US91832VAA26,91832VAA2,VOC ESCROW LTD,,DBT,BM,2026-01
US68245XAH26,US68245XAH26,68245XAH2,1011778 BC / NEW RED FIN,,DBT,CA,2026-01
US68245XAJ81,US68245XAJ81,68245XAJ8,1011778 BC / NEW RED FIN,,DBT,CA,2026-01
US68245XAM11,US68245XAM11,68245XAM1,1011778 BC / NEW RED FIN,,DBT,CA,2026-01
US68245XAP42,US68245XAP42,68245XAP4,1011778 BC / NEW RED FIN,,DBT,CA,2026-01
US68245XAR08,US68245XAR08,68245XAR0,1011778 BC / NEW RED FIN,,DBT,CA,2026-01
US68245XAT63,US68245XAT63,68245XAT6,1011778 BC / NEW RED FIN,,DBT,CA,2026-01
US68288AAA51,US68288AAA51,68288AAA5,1261229 BC LTD,,DBT,CA,2026-01
US056623AA98,US056623AA98,056623AA9,BAFFINLAND IRON CORP/LP,,DBT,CA,2026-01
US071705AA56,US071705AA56,071705AA5,BAUSCH + LOMB CORP,,DBT,CA,2026-01
US11283YAB65,US11283YAB65,11283YAB6,BROOKFIELD RESID PROPERT,,DBT,CA,2026-01
US11283YAD22,US11283YAD22,11283YAD2,BROOKFIELD RESID PROPERT,,DBT,CA,2026-01
US11283YAG52,US11283YAG52,11283YAG5,BROOKFIELD RESID PROPERT,,DBT,CA,2026-01
US136375CJ97,US136375CJ97,136375CJ9,CANADIAN NATL RAILWAY,,DBT,CA,2026-01
US15853BAA98,US15853BAA98,15853BAA9,CHAMPION IRON CANADA INC,,DBT,CA,2026-03
US125491AN04,US125491AN04,125491AN0,CI FINANCIAL CORP,,DBT,CA,2026-01
US2442GAAA00,US2442GAAA00,2442GAAA0,DEERE FUNDING CANADA COR,,DBT,CA,2026-01
US267486AA63,US267486AA63,267486AA6,DYE & DURHAM LIMITED,,DBT,CA,2026-01
US48020RAB15,US48020RAB15,48020RAB1,JONES DESLAURIERS INSURA,,DBT,CA,2026-01
US48020RAE53,US48020RAE53,48020RAE5,JONES DESLAURIERS INSURA,,DBT,CA,2026-02
US68306MAA71,US68306MAA71,68306MAA7,ONT GAMING GTA/OTG CO-IS,,DBT,CA,2026-01
US836720AG73,US836720AG73,836720AG7,SOUTH BOW CAN INFRA HOLD,,DBT,CA,2026-02
US836720AH56,US836720AH56,836720AH5,SOUTH BOW CAN INFRA HOLD,,DBT,CA,2026-03
US836720AJ13,US836720AJ13,836720AJ1,SOUTH BOW CAN INFRA HOLD,,DBT,CA,2026-02
US86828LAC63,US86828LAC63,86828LAC6,SUPERIOR PLUS/GEN PRTNR,,DBT,CA,2026-01
US87952VAR78,US87952VAR78,87952VAR7,TELESAT CANADA/TELESAT L,,DBT,CA,2026-03
US902674ZW39,US902674ZW39,902674ZW3,UBS AG LONDON,,DBT,CH,2026-01
US902674ZZ69,US902674ZZ69,902674ZZ6,UBS AG LONDON,,DBT,CH,2026-01
US22550L2G55,US22550L2G55,22550L2G5,UBS AG STAMFORD CT,,DBT,CH,2026-01
US22550L2M24,US22550L2M24,22550L2M2,UBS AG STAMFORD CT,,DBT,CH,2026-01
CUSIP:22000DGE9,,22000DGE9,BANCO ITAU CHILE/NEW YORK,,DBT,CL,2026-03
CUSIP:22000DGF6,,22000DGF6,BANCO ITAU CHILE/NEW YORK,,DBT,CL,2026-03
US29274FAF18,US29274FAF18,29274FAF1,ENEL AMERICAS SA (AKA: ENERSIS SA),,DBT,CL,2026-03
US15679GAC69,US15679GAC69,15679GAC6,CERDIA FINANZ GMBH,,DBT,DE,2026-03
US37230JAA07,US37230JAA07,37230JAA0,GENMAB A/S/GENMAB FIN,,DBT,DK,2026-02
US37230JAB89,US37230JAB89,37230JAB8,GENMAB A/S/GENMAB FIN,,DBT,DK,2026-01
XS1978209937,XS1978209937,000000000,ABENGOA ABENEWCO TWO,,DBT,ES,2026-03
XS1978210943,XS1978210943,000000000,ABENGOA ABENEWCO TWO,,DBT,ES,2026-03
US29280LAA17,US29280LAA17,29280LAA1,ENFRAGEN ENERGIA SUR SA,,DBT,ES,2026-01
US29281MAA80,US29281MAA80,29281MAA8,ENFRAGEN ENERGIA SUR SAU,,DBT,ES,2026-02
US39843UAA07,US39843UAA07,39843UAA0,GRIFOLS SA,,DBT,ES,2026-01
US87938WAT09,US87938WAT09,87938WAT0,TELEFONICA EMISIONES SA,,DBT,ES,2026-03
USF0803NAF99,USF0803NAF99,F0803NAF9,BANQUE FEDERATIVE DU CREDIT MUTUEL (BFCM),,DBT,FR,2026-03
USF0803NAG72,USF0803NAG72,F0803NAG7,BANQUE FEDERATIVE DU CREDIT MUTUEL (BFCM),,DBT,FR,2026-03
USF0803NAK84,USF0803NAK84,F0803NAK8,BANQUE FEDERATIVE DU CREDIT MUTUEL (BFCM),,DBT,FR,2026-03
US28504KAA51,US28504KAA51,28504KAA5,ELECTRICITE DE FRANCE SA,,DBT,FR,2026-02
US449691AC82,US449691AC82,449691AC8,ILIAD HOLDING SAS,,DBT,FR,2026-01
US449691AF14,US449691AF14,449691AF1,ILIAD HOLDING SAS,,DBT,FR,2026-01
US449691AG96,US449691AG96,449691AG9,ILIAD HOLDING SAS,,DBT,FR,2026-02
US784944AA89,US784944AA89,784944AA8,SNF GROUP SACA,,DBT,FR,2026-03
US89152UAH59,US89152UAH59,89152UAH5,TOTALENERGIES CAPITAL SA,,DBT,FR,2026-01
US02007VAA89,US02007VAA89,02007VAA8,ALLWYN ENTERTAINMENT FIN,,DBT,GB,2026-01
US02344BAA44,US02344BAA44,02344BAA4,AMCOR GROUP FINANCE,,DBT,GB,2026-01
US05369YAA73,US05369YAA73,05369YAA7,AVIANCA MIDCO 2 PLC,,DBT,GB,2026-03
US05369YAC30,US05369YAC30,05369YAC3,AVIANCA MIDCO 2 PLC,,DBT,GB,2026-03
US05369YAD13,US05369YAD13,05369YAD1,AVIANCA MIDCO 2 PLC,,DBT,GB,2026-03
US05464HAC43,US05464HAC43,05464HAC4,AXIS SPECIALTY FINAN PLC,,DBT,GB,2026-03
US05530QAN07,US05530QAN07,05530QAN0,BAT INTL FINANCE PLC,,DBT,GB,2026-01
US108922AA38,US108922AA38,108922AA3,BRIGHTSTAR LOT/BRIGHSTAR,,DBT,GB,2026-02
US13005HAA86,US13005HAA86,13005HAA8,CALIFORNIA BUYER/ATLANTI,,DBT,GB,2026-02
US00033GAA31,US00033GAA31,00033GAA3,GLOBAL AUTO HO/AAG FH UK,,DBT,GB,2026-01
US00033GAB14,US00033GAB14,00033GAB1,GLOBAL AUTO HO/AAG FH UK,,DBT,GB,2026-02
US00033YAA47,US00033YAA47,00033YAA4,GLOBAL AUTO HO/AAG FH UK,,DBT,GB,2026-01
US44287DAA19,US44287DAA19,44287DAA1,HOWDEN UK REFINANCE / US,,DBT,GB,2026-02
US44287GAA40,US44287GAA40,44287GAA4,HOWDEN UK REFINANCE / US,,DBT,GB,2026-01
US50220PAB94,US50220PAB94,50220PAB9,LSEG FINANCE PLC,,DBT,GB,2026-03
US67585LAA35,US67585LAA35,67585LAA3,ODEON FINCO PLC,,DBT,GB,2026-01
US744330AA93,US744330AA93,744330AA9,PRUDENTIAL FUNDING ASIA,,DBT,GB,2026-01
US89616MAB63,US89616MAB63,89616MAB6,TRIDENT ENERGY FINANCE,,DBT,GB,2026-03
XS2818827169,XS2818827169,000000000,TRIDENT ENERGY FINANCE,,DBT,GB,2026-03
US89641UAC53,US89641UAC53,89641UAC5,TRINITY ACQUISITION PLC,,DBT,GB,2026-01
US98927UAA51,US98927UAA51,98927UAA5,ZEGONA FINANCE PLC,,DBT,GB,2026-01
US00774MAB19,US00774MAB19,00774MAB1,AERCAP IRELAND CAP/GLOBA,,DBT,IE,2026-01
US00774MAE57,US00774MAE57,00774MAE5,AERCAP IRELAND CAP/GLOBA,,DBT,IE,2026-01
US00774MAL90,US00774MAL90,00774MAL9,AERCAP IRELAND CAP/GLOBA,,DBT,IE,2026-01
US00774MAR60,US00774MAR60,00774MAR6,AERCAP IRELAND CAP/GLOBA,,DBT,IE,2026-01
US00774MAV72,US00774MAV72,00774MAV7,AERCAP IRELAND CAP/GLOBA,,DBT,IE,2026-01
US00774MAW55,US00774MAW55,00774MAW5,AERCAP IRELAND CAP/GLOBA,,DBT,IE,2026-01
US00774MBC82,US00774MBC82,00774MBC8,AERCAP IRELAND CAP/GLOBA,,DBT,IE,2026-01
US00774MBD65,US00774MBD65,00774MBD6,AERCAP IRELAND CAP/GLOBA,,DBT,IE,2026-01
US00774MBE49,US00774MBE49,00774MBE4,AERCAP IRELAND CAP/GLOBA,,DBT,IE,2026-01
US00774MBG96,US00774MBG96,00774MBG9,AERCAP IRELAND CAP/GLOBA,,DBT,IE,2026-01
US00774MBJ36,US00774MBJ36,00774MBJ3,AERCAP IRELAND CAP/GLOBA,,DBT,IE,2026-01
US00774MBL81,US00774MBL81,00774MBL8,AERCAP IRELAND CAP/GLOBA,,DBT,IE,2026-01
US00774MBN48,US00774MBN48,00774MBN4,AERCAP IRELAND CAP/GLOBA,,DBT,IE,2026-01
US00774MBR51,US00774MBR51,00774MBR5,AERCAP IRELAND CAP/GLOBA,,DBT,IE,2026-01
US00774MBT18,US00774MBT18,00774MBT1,AERCAP IRELAND CAP/GLOBA,,DBT,IE,2026-01
US12704PAA66,US12704PAA66,12704PAA6,CRH SMW FINANCE DAC,,DBT,IE,2026-01
US12704PAB40,US12704PAB40,12704PAB4,CRH SMW FINANCE DAC,,DBT,IE,2026-01
US27806HAA95,US27806HAA95,27806HAA9,EATON CAPITAL ULC,,DBT,IE,2026-01
US344045AB55,US344045AB55,344045AB5,FLUTTER TREASURY DAC,,DBT,IE,2026-01
US45115AAA25,US45115AAA25,45115AAA2,ICON INVESTMENTS SIX DAC,,DBT,IE,2026-01
US45115AAB08,US45115AAB08,45115AAB0,ICON INVESTMENTS SIX DAC,,DBT,IE,2026-01
US477921AA87,US477921AA87,477921AA8,JOHNSON CONTROLS/TYCO FI,,DBT,IE,2026-01
US47837RAA86,US47837RAA86,47837RAA8,JOHNSON CONTROLS/TYCO FI,,DBT,IE,2026-01
US71910DAA90,US71910DAA90,71910DAA9,PHOENIX AVIATION CAPITAL,,DBT,IE,2026-01
US78448TAG76,US78448TAG76,78448TAG7,SMBC AVIATION CAPITAL FINANCE DESIGNATED ACTIVITY COMPANY,,DBT,IE,2026-03
USG82296AF48,USG82296AF48,G82296AF4,SMBC AVIATION CAPITAL FINANCE DESIGNATED ACTIVITY COMPANY,,DBT,IE,2026-03
US83272GAD34,US83272GAD34,83272GAD3,SMURFIT KAPPA TREASURY,,DBT,IE,2026-01
US89785GAA67,US89785GAA67,89785GAA6,TRUENOORD CAPITAL DAC,,DBT,IE,2026-01
US92769UAA97,US92769UAA97,92769UAA9,VIRGIN MEDI O2 VI DAC,,DBT,IE,2026-02
US92770QAA58,US92770QAA58,92770QAA5,VIRGIN MEDIA VEND FIN IV,,DBT,IE,2026-01
IL0011736738,IL0011736738,000000000,ENERGEAN ISRAEL FINANCE,,DBT,IL,2026-01
IL0011736811,IL0011736811,000000000,ENERGEAN ISRAEL FINANCE,,DBT,IL,2026-02
IL0011971442,IL0011971442,000000000,ENERGEAN ISRAEL FINANCE,,DBT,IL,2026-02
IL0011677825,IL0011677825,000000000,LEVIATHAN BOND LTD,,DBT,IL,2026-01
IL0011677908,IL0011677908,000000000,LEVIATHAN BOND LTD,,DBT,IL,2026-01
US28201XAB10,US28201XAB10,28201XAB1,EFESTO BIDCO SPA/US LLC,,DBT,IT,2026-01
US683879AB65,US683879AB65,683879AB6,FIBERCOP SPA,,DBT,IT,2026-02
US683879AD22,US683879AD22,683879AD2,FIBERCOP SPA,,DBT,IT,2026-01
US683879AF79,US683879AF79,683879AF7,FIBERCOP SPA,,DBT,IT,2026-02
US683879AH36,US683879AH36,683879AH3,FIBERCOP SPA,,DBT,IT,2026-02
US49272YAB92,US49272YAB92,49272YAB9,KEDRION SPA,,DBT,IT,2026-01
US03837AAA88,US03837AAA88,03837AAA8,APTIV SWISS HOLDINGS LTD,,DBT,JE,2026-01
US03837AAD28,US03837AAD28,03837AAD2,APTIV SWISS HOLDINGS LTD,,DBT,JE,2026-02
US039853AA46,US039853AA46,039853AA4,ARDONAGH FINCO LTD,,DBT,JE,2026-01
US039956AA59,US039956AA59,039956AA5,ARDONAGH GROUP FINANCE,,DBT,JE,2026-02
XS2670471460,XS2670471460,ACI2JJCB2,AOZORA BANK LTD,,DBT,JP,2026-03
XS2382296858,XS2382296858,ACI2079J5,CHIBA BANK LTD,,DBT,JP,2026-03
US49726JAA60,US49726JAA60,49726JAA6,KIOXIA HOLDINGS CORP,,DBT,JP,2026-01
US49726JAB44,US49726JAB44,49726JAB4,KIOXIA HOLDINGS CORP,,DBT,JP,2026-02
US606822AD62,US606822AD62,606822AD6,MITSUBISHI UFJ FIN GRP,,DBT,JP,2026-01
US606822AJ33,US606822AJ33,606822AJ3,MITSUBISHI UFJ FIN GRP,,DBT,JP,2026-01
US606822AN45,US606822AN45,606822AN4,MITSUBISHI UFJ FIN GRP,,DBT,JP,2026-01
US606822AR58,US606822AR58,606822AR5,MITSUBISHI UFJ FIN GRP,,DBT,JP,2026-01
US606822AV60,US606822AV60,606822AV6,MITSUBISHI UFJ FIN GRP,,DBT,JP,2026-01
US606822BC70,US606822BC70,606822BC7,MITSUBISHI UFJ FIN GRP,,DBT,JP,2026-01
US606822BH67,US606822BH67,606822BH6,MITSUBISHI UFJ FIN GRP,,DBT,JP,2026-01
US606822BM52,US606822BM52,606822BM5,MITSUBISHI UFJ FIN GRP,,DBT,JP,2026-01
US606822BR40,US606822BR40,606822BR4,MITSUBISHI UFJ FIN GRP,,DBT,JP,2026-01
US606822BU78,US606822BU78,606822BU7,MITSUBISHI UFJ FIN GRP,,DBT,JP,2026-01
US606822BY90,US606822BY90,606822BY9,MITSUBISHI UFJ FIN GRP,,DBT,JP,2026-01
US606822BZ65,US606822BZ65,606822BZ6,MITSUBISHI UFJ FIN GRP,,DBT,JP,2026-01
US606822CC61,US606822CC61,606822CC6,MITSUBISHI UFJ FIN GRP,,DBT,JP,2026-01
US606822CE28,US606822CE28,606822CE2,MITSUBISHI UFJ FIN GRP,,DBT,JP,2026-01
US606822CL60,US606822CL60,606822CL6,MITSUBISHI UFJ FIN GRP,,DBT,JP,2026-01
US606822CN27,US606822CN27,606822CN2,MITSUBISHI UFJ FIN GRP,,DBT,JP,2026-01
US606822CS14,US606822CS14,606822CS1,MITSUBISHI UFJ FIN GRP,,DBT,JP,2026-01
US606822CY81,US606822CY81,606822CY8,MITSUBISHI UFJ FIN GRP,,DBT,JP,2026-01
US606822DE19,US606822DE19,606822DE1,MITSUBISHI UFJ FIN GRP,,DBT,JP,2026-01
US606822DG66,US606822DG66,606822DG6,MITSUBISHI UFJ FIN GRP,,DBT,JP,2026-01
US654744AC50,US654744AC50,654744AC5,NISSAN MOTOR CO,,DBT,JP,2026-01
US654744AD34,US654744AD34,654744AD3,NISSAN MOTOR CO,,DBT,JP,2026-01
US654922AB97,US654922AB97,654922AB9,NISSAN MOTOR CO,,DBT,JP,2026-01
US654922AC70,US654922AC70,654922AC7,NISSAN MOTOR CO,,DBT,JP,2026-01
US654922AD53,US654922AD53,654922AD5,NISSAN MOTOR CO,,DBT,JP,2026-01
USJ5S39RAC82,USJ5S39RAC82,J5S39RAC8,NTT FINANCE CORPORATION,,DBT,JP,2026-03
USJ7771YSN87,USJ7771YSN87,J7771YSN8,SUMITOMO MITSUI TRUST BANK LIMITED,,DBT,JP,2026-03
USJ7771YTP27,USJ7771YTP27,J7771YTP2,SUMITOMO MITSUI TRUST BANK LIMITED,,DBT,JP,2026-03
US892331AM12,US892331AM12,892331AM1,TOYOTA MOTOR CORP,,DBT,JP,2026-01
US00218QAA85,US00218QAA85,00218QAA8,AS MILEAGE PLAN IP LTD,,DBT,KY,2026-01
US05480AAA34,US05480AAA34,05480AAA3,AZORRA FINANCE,,DBT,KY,2026-01
US05480AAB17,US05480AAB17,05480AAB1,AZORRA FINANCE,,DBT,KY,2026-01
US05480AAC99,US05480AAC99,05480AAC9,AZORRA FINANCE,,DBT,KY,2026-02
US12550EAA64,US12550EAA64,12550EAA6,CHC GROUP LLC,,DBT,KY,2026-01
US25260WAD39,US25260WAD39,25260WAD3,DIAMOND FRGN/DIAMOND FIN,,DBT,KY,2026-01
US36170JAA43,US36170JAA43,36170JAA4,GGAM FINANCE LTD,,DBT,KY,2026-01
US36170JAC09,US36170JAC09,36170JAC0,GGAM FINANCE LTD,,DBT,KY,2026-01
US36170JAD81,US36170JAD81,36170JAD8,GGAM FINANCE LTD,,DBT,KY,2026-01
US36170JAE64,US36170JAE64,36170JAE6,GGAM FINANCE LTD,,DBT,KY,2026-01
US37960JAC27,US37960JAC27,37960JAC2,GLOBAL AIR LEASE CO LTD,,DBT,KY,2026-01
US58547DAC39,US58547DAC39,58547DAC3,MELCO RESORTS FINANCE,,DBT,KY,2026-01
US58547DAD12,US58547DAD12,58547DAD1,MELCO RESORTS FINANCE,,DBT,KY,2026-01
US58547DAE94,US58547DAE94,58547DAE9,MELCO RESORTS FINANCE,,DBT,KY,2026-01
US58547DAH26,US58547DAH26,58547DAH2,MELCO RESORTS FINANCE,,DBT,KY,2026-02
US58547DAJ81,US58547DAJ81,58547DAJ8,MELCO RESORTS FINANCE,,DBT,KY,2026-02
USG5975LAD85,USG5975LAD85,000000000,MELCO RESORTS FINANCE,,DBT,KY,2026-03
US55300RAB78,US55300RAB78,55300RAB7,MGM CHINA HOLDINGS LTD,,DBT,KY,2026-01
XS2352861814,XS2352861814,ACI1YJLN1,SA GLOBAL SUKUK LIMITED,,DBT,KY,2026-03
XS2830523465,XS2830523465,ACI2PB2M9,SAUDI ARABIA GOVT,,DBT,KY,2026-03
US89386MAA62,US89386MAA62,89386MAA6,TRANSOCEAN TITAN FIN LTD,,DBT,KY,2026-01
US01330AAA43,US01330AAA43,01330AAA4,ALBION FINANCING 1SARL /,,DBT,LU,2026-01
US020956AA67,US020956AA67,020956AA6,ALTICE FRAN LUX 3/HOLD 1,,DBT,LU,2026-02
XS3154194339,XS3154194339,000000000,ALTICE HOLDINGS 1,,DBT,LU,2026-03
US03969UAA43,US03969UAA43,03969UAA4,ARDAGH GROUP SA,,DBT,LU,2026-01
US039959AA98,US039959AA98,039959AA9,ARDAGH GROUP SA,,DBT,LU,2026-01
US10637BAA35,US10637BAA35,10637BAA3,BREAKWATER ENRGY HOLD,,DBT,LU,2026-01
US21220LAB99,US21220LAB99,21220LAB9,CONTOURGLOBAL POWER HLDG,,DBT,LU,2026-01
US262051AA36,US262051AA36,262051AA3,FORESEA HOLDING SA,,DBT,LU,2026-03
US35901MAA53,US35901MAA53,35901MAA5,FRONERI LUX FINCO SARL,,DBT,LU,2026-03
US427169AA59,US427169AA59,427169AA5,HERENS HOLDCO SARL,,DBT,LU,2026-01
US57779MAA80,US57779MAA80,57779MAA8,MAXAM PRILL SARL,,DBT,LU,2026-01
US61980LAB53,US61980LAB53,61980LAB5,MOTION FINCO SARL,,DBT,LU,2026-02
US67078AAD54,US67078AAD54,67078AAD5,NVENT FINANCE SARL,,DBT,LU,2026-01
US29977LAA98,US29977LAA98,29977LAA9,SK INVICTUS INTERMEDIATE,,DBT,LU,2026-01
US902133AZ06,US902133AZ06,902133AZ0,TYCO ELECTRONICS GROUP S,,DBT,LU,2026-01
XS2966423472,XS2966423472,000000000,PETROLEOS MEXICANOS,,DBT,MX,2026-01
US21684AAF30,US21684AAF30,21684AAF3,COOPERATIEVE RABOBANK UA,,DBT,NL,2026-01
XS3101876236,XS3101876236,000000000,DARLING GLOBAL FINANCE,,DBT,NL,2026-01
US46590XAN66,US46590XAN66,46590XAN6,JBS NV/USA FOODS/FOOD CO,,DBT,NL,2026-01
CUSIP:48002BD90,,48002BD90,JONES LANG LASALLE FINANCE BV,,DBT,NL,2026-03
US48002BD820,US48002BD820,48002BD82,JONES LANG LASALLE FINANCE BV,,DBT,NL,2026-03
US50247WAB37,US50247WAB37,50247WAB3,LYB INTERNATIONAL FINANC,,DBT,NL,2026-01
US62954HAZ10,US62954HAZ10,62954HAZ1,NXP BV / NXP FUNDING LLC / NXP USA INC,,DBT,NL,2026-03
US822582BT82,US822582BT82,822582BT8,SHELL INTERNATIONAL FIN,,DBT,NL,2026-01
XS2937307929,XS2937307929,000000000,STELLANTIS NV,,DBT,NL,2026-01
US90320BAA70,US90320BAA70,90320BAA7,SUNRISE FINCO I BV,,DBT,NL,2026-02
US879385AD49,US879385AD49,879385AD4,TELEFONICA EUROPE BV,,DBT,NL,2026-01
US881937AA41,US881937AA41,881937AA4,TEVA PHARM FIN IV,,DBT,NL,2026-01
US91845AAA34,US91845AAA34,91845AAA3,VZ SECURED FINANCING BV,,DBT,NL,2026-02
US91845AAB17,US91845AAB17,91845AAB1,VZ SECURED FINANCING BV,,DBT,NL,2026-02
USM8222MAD40,USM8222MAD40,M8222MAD4,QATARENERGY LNG S3,,DBT,QA,2026-03
XS2974923497,XS2974923497,ACI2T0199,SAUDI ARABIA GOVT,,DBT,SA,2026-03
US449276AA20,US449276AA20,449276AA2,IBM INTERNAT CAPITAL,,DBT,SG,2026-01
US449276AB03,US449276AB03,449276AB0,IBM INTERNAT CAPITAL,,DBT,SG,2026-01
US449276AC85,US449276AC85,449276AC8,IBM INTERNAT CAPITAL,,DBT,SG,2026-01
US716973AC67,US716973AC67,716973AC6,PFIZER INVESTMENT ENTER,,DBT,SG,2026-01
US716973AD41,US716973AD41,716973AD4,PFIZER INVESTMENT ENTER,,DBT,SG,2026-01
US81180LAA35,US81180LAA35,81180LAA3,SEAGATE DATA STOR,,DBT,SG,2026-01
US81180LAK17,US81180LAK17,81180LAK1,SEAGATE DATA STOR,,DBT,SG,2026-01
US81180LAM72,US81180LAM72,81180LAM7,Seagate Data Storage Technology Pte Ltd,,DBT,SG,2026-01
US81180LAQ86,US81180LAQ86,81180LAQ8,Seagate Data Storage Technology Pte Ltd,,DBT,SG,2026-01
US81180LAR69,US81180LAR69,81180LAR6,Seagate Data Storage Technology Pte Ltd,,DBT,SG,2026-02
US682357AA69,US682357AA69,682357AA6,180 MEDICAL INC,,DBT,US,2026-03
US90132BAA52,US90132BAA52,90132BAA5,24 HOUR FIT WORLDWIDE,,DBT,US,2026-03
US00253PAA66,US00253PAA66,00253PAA6,AAR ESCROW ISSUER LLC,,DBT,US,2026-01
US92641PAA49,US92641PAA49,92641PAA4,ACPRODUCTS HOLDINGS INC,,DBT,US,2026-03
US00489LAF04,US00489LAF04,00489LAF0,ACRISURE LLC / FIN INC,,DBT,US,2026-01
US00489LAH69,US00489LAH69,00489LAH6,ACRISURE LLC / FIN INC,,DBT,US,2026-01
US00489LAK98,US00489LAK98,00489LAK9,ACRISURE LLC / FIN INC,,DBT,US,2026-01
US00489LAL71,US00489LAL71,00489LAL7,ACRISURE LLC / FIN INC,,DBT,US,2026-01
US00489LAM54,US00489LAM54,00489LAM5,ACRISURE LLC / FIN INC,,DBT,US,2026-01
US004961AA64,US004961AA64,004961AA6,ACRISURE LLC / FIN INC,,DBT,US,2026-02
US00511BAE74,US00511BAE74,00511BAE7,ACURIS FIN US/ACURIS FIN,,DBT,US,2026-03
US005095AB02,US005095AB02,005095AB0,ACUSHNET CO,,DBT,US,2026-03
US0054824S07,US0054824S07,0054824S0,ADAMS & ARAPAHOE CNTYS CO JT S,,DBT,US,2026-02
US0054824T89,US0054824T89,0054824T8,ADAMS & ARAPAHOE CNTYS CO JT S,,DBT,US,2026-02
US00623PAB76,US00623PAB76,00623PAB7,ADAMS HOMES INC,,DBT,US,2026-01
US00109LAA17,US00109LAA17,00109LAA1,ADT SEC CORP,,DBT,US,2026-01
US00109LAB99,US00109LAB99,00109LAB9,ADT SEC CORP,,DBT,US,2026-01
US00737WAA71,US00737WAA71,00737WAA7,ADTALEM GLOBAL EDUCATION,,DBT,US,2026-01
US00790RAA23,US00790RAA23,00790RAA2,ADVANCED DRAINAGE SYSTEM,,DBT,US,2026-01
US00790RAB06,US00790RAB06,00790RAB0,ADVANCED DRAINAGE SYSTEM,,DBT,US,2026-01
US00790RAC88,US00790RAC88,00790RAC8,ADVANCED DRAINAGE SYSTEM,,DBT,US,2026-02
US00775PAA57,US00775PAA57,00775PAA5,ADVANTAGE SALES & MARKET,,DBT,US,2026-01
CUSIP:00809KDH8,,00809KDH8,AES CORPORATION,,DBT,US,2026-03
US00810GAD60,US00810GAD60,00810GAD6,AETHON UN/AETHIN UN FIN,,DBT,US,2026-01
US00842XAA72,US00842XAA72,00842XAA7,AFFINITY INTERACTIVE,,DBT,US,2026-03
CUSIP:00913XD26,,00913XD26,AIR LEASE CORPORATION,,DBT,US,2026-03
CUSIP:00913XDE0,,00913XDE0,AIR LEASE CORPORATION,,DBT,US,2026-03
CUSIP:00913XDG5,,00913XDG5,AIR LEASE CORPORATION,,DBT,US,2026-03
US010268DT42,US010268DT42,010268DT4,ALABAMA FEDERAL AID HIGHWAY FI,,DBT,US,2026-02
US010559AU65,US010559AU65,010559AU6,ALABAMA ST HIGHWAY AUTH SPL OB,,DBT,US,2026-02
US01176AAA16,US01176AAA16,01176AAA1,ALASKA ST RAILROAD CORP CRUISE,,DBT,US,2026-02
US01176AAB98,US01176AAB98,01176AAB9,ALASKA ST RAILROAD CORP CRUISE,,DBT,US,2026-02
US013092AB74,US013092AB74,013092AB7,ALBERTSONS COS/SAFEWAY,,DBT,US,2026-01
US013092AC57,US013092AC57,013092AC5,ALBERTSONS COS/SAFEWAY,,DBT,US,2026-01
US013092AE14,US013092AE14,013092AE1,ALBERTSONS COS/SAFEWAY,,DBT,US,2026-01
US013092AG61,US013092AG61,013092AG6,ALBERTSONS COS/SAFEWAY,,DBT,US,2026-01
US01309QAA67,US01309QAA67,01309QAA6,ALBERTSONS COS/SAFEWAY,,DBT,US,2026-01
US01309QAB41,US01309QAB41,01309QAB4,ALBERTSONS COS/SAFEWAY,,DBT,US,2026-02
US01309QAC24,US01309QAC24,01309QAC2,ALBERTSONS COS/SAFEWAY,,DBT,US,2026-01
US01309QAD07,US01309QAD07,01309QAD0,ALBERTSONS COS/SAFEWAY,,DBT,US,2026-01
US017357N674,US017357N674,017357N67,ALLEGHENY CNTY PA SAN AUTH,,DBT,US,2026-01
US01771YAA82,US01771YAA82,01771YAA8,ALLEN MEDIA LLC/CO-ISSR,,DBT,US,2026-03
US01879NAC92,US01879NAC92,01879NAC9,ALLIANCE RES OP/FINANCE,,DBT,US,2026-01
US01883LAA17,US01883LAA17,01883LAA1,ALLIANT HOLD / CO-ISSUER,,DBT,US,2026-01
US01883LAB99,US01883LAB99,01883LAB9,ALLIANT HOLD / CO-ISSUER,,DBT,US,2026-01
US01883LAD55,US01883LAD55,01883LAD5,ALLIANT HOLD / CO-ISSUER,,DBT,US,2026-01
US01883LAE39,US01883LAE39,01883LAE3,ALLIANT HOLD / CO-ISSUER,,DBT,US,2026-01
US01883LAF04,US01883LAF04,01883LAF0,ALLIANT HOLD / CO-ISSUER,,DBT,US,2026-01
US01883LAG86,US01883LAG86,01883LAG8,ALLIANT HOLD / CO-ISSUER,,DBT,US,2026-02
US01883LAH69,US01883LAH69,01883LAH6,ALLIANT HOLD / CO-ISSUER,,DBT,US,2026-02
US019576AC18,US019576AC18,019576AC1,ALLIED UNIVERSAL,,DBT,US,2026-01
US019576AF49,US019576AF49,019576AF4,ALLIED UNIVERSAL,,DBT,US,2026-01
US02073LAA98,US02073LAA98,02073LAA9,ALPHA GENERATION LLC,,DBT,US,2026-02
US02073LAC54,US02073LAC54,02073LAC5,ALPHA GENERATION LLC,,DBT,US,2026-02
US081437AT26,US081437AT26,081437AT2,AMCOR FLEXIBLES NORTH AM,,DBT,US,2026-01
US02376UAA34,US02376UAA34,02376UAA3,AMER AIRLINE 16-1 AA PTT,,DBT,US,2026-03
US023765AA88,US023765AA88,023765AA8,AMER AIRLINE 16-2 AA PTT,,DBT,US,2026-03
US023761AA74,US023761AA74,023761AA7,AMER AIRLINE 17-1 AA PTT,,DBT,US,2026-03
US023770AA81,US023770AA81,023770AA8,AMER AIRLN 15-1 A PTT,,DBT,US,2026-03
US02377BAB27,US02377BAB27,02377BAB2,AMER AIRLN 15-2 AA PTT,,DBT,US,2026-03
US030981AL88,US030981AL88,030981AL8,AMERIGAS PART/FIN CORP,,DBT,US,2026-01
US030981AM61,US030981AM61,030981AM6,AMERIGAS PART/FIN CORP,,DBT,US,2026-01
US030981AP92,US030981AP92,030981AP9,AMERIGAS PART/FIN CORP,,DBT,US,2026-01
US030727AB71,US030727AB71,030727AB7,AMERITEX HOLDCO INTERMED,,DBT,US,2026-03
US001846AA20,US001846AA20,001846AA2,ANGI GROUP LLC,,DBT,US,2026-01
US03588HUL85,US03588HUL85,03588HUL8,ANNE ARUNDEL CNTY MD,,DBT,US,2026-01
US03690AAF30,US03690AAF30,03690AAF3,ANTERO MIDSTREAM PART/FI,,DBT,US,2026-01
US03690AAH95,US03690AAH95,03690AAH9,ANTERO MIDSTREAM PART/FI,,DBT,US,2026-01
US03690AAK25,US03690AAK25,03690AAK2,ANTERO MIDSTREAM PART/FI,,DBT,US,2026-02
US03690AAM80,US03690AAM80,03690AAM8,ANTERO MIDSTREAM PART/FI,,DBT,US,2026-02
US03690AAN63,US03690AAN63,03690AAN6,ANTERO MIDSTREAM PART/FI,,DBT,US,2026-02
US75606DAL55,US75606DAL55,75606DAL5,ANYWHERE RE GRP/REALOGY,,DBT,US,2026-01
US75606DAQ43,US75606DAQ43,75606DAQ4,ANYWHERE RE GRP/REALOGY,,DBT,US,2026-01
US75606DAV38,US75606DAV38,75606DAV3,ANYWHERE RE GRP/REALOGY,,DBT,US,2026-01
US75606DAS09,US75606DAS09,75606DAS0,ANYWHERE REAL EST/CO-ISS,,DBT,US,2026-01
US03740MAA80,US03740MAA80,03740MAA8,AON NORTH AMERICA INC,,DBT,US,2026-01
US03740MAB63,US03740MAB63,03740MAB6,AON NORTH AMERICA INC,,DBT,US,2026-01
US00188QAA40,US00188QAA40,00188QAA4,APH/APH2/APH3/AQUARIAN,,DBT,US,2026-01
US001877AA71,US001877AA71,001877AA7,API GROUP DE INC,,DBT,US,2026-03
US03772CAA18,US03772CAA18,03772CAA1,APLD COMPUTECO 2 LLC,,DBT,US,2026-03
US00202DAA54,US00202DAA54,00202DAA5,APLD COMPUTECO LLC,,DBT,US,2026-01
US03770DAB91,US03770DAB91,03770DAB9,APOLLO DEBT SOLUTIONS BD,,DBT,US,2026-01
US03770DAH61,US03770DAH61,03770DAH6,APOLLO DEBT SOLUTIONS BD,,DBT,US,2026-03
US03770DAK90,US03770DAK90,03770DAK9,APOLLO DEBT SOLUTIONS BD,,DBT,US,2026-01
US03770DAL73,US03770DAL73,03770DAL7,APOLLO DEBT SOLUTIONS BD,,DBT,US,2026-01
US03881NAJ63,US03881NAJ63,03881NAJ6,ARBOR REALTY SR INC,,DBT,US,2026-01
US03881NAL10,US03881NAL10,03881NAL1,ARBOR REALTY SR INC,,DBT,US,2026-01
US03939CAA18,US03939CAA18,03939CAA1,ARCH CAPITAL FINANCE LLC,,DBT,US,2026-01
US039524AA11,US039524AA11,039524AA1,ARCHES BUYER INC,,DBT,US,2026-01
US039524AB93,US039524AB93,039524AB9,ARCHES BUYER INC,,DBT,US,2026-01
US03959KAC45,US03959KAC45,03959KAC4,ARCHROCK PARTNERS LP/FIN,,DBT,US,2026-01
US03959KAD28,US03959KAD28,03959KAD2,ARCHROCK PARTNERS LP/FIN,,DBT,US,2026-02
US03958CAA71,US03958CAA71,03958CAA7,ARCHROCK SERVICES/PARTNE,,DBT,US,2026-02
US04020EAB39,US04020EAB39,04020EAB3,ARES STRATEGIC INCOME FU,,DBT,US,2026-01
US04020EAD94,US04020EAD94,04020EAD9,ARES STRATEGIC INCOME FU,,DBT,US,2026-01
US04020EAG26,US04020EAG26,04020EAG2,ARES STRATEGIC INCOME FU,,DBT,US,2026-01
US04020EAK38,US04020EAK38,04020EAK3,ARES STRATEGIC INCOME FU,,DBT,US,2026-01
US04020EAL11,US04020EAL11,04020EAL1,ARES STRATEGIC INCOME FU,,DBT,US,2026-01
US04020EAP25,US04020EAP25,04020EAP2,ARES STRATEGIC INCOME FU,,DBT,US,2026-01
US04020EAR80,US04020EAR80,04020EAR8,ARES STRATEGIC INCOME FU,,DBT,US,2026-01
US04020EAU10,US04020EAU10,04020EAU1,ARES STRATEGIC INCOME FU,,DBT,US,2026-01
US040133AA87,US040133AA87,040133AA8,ARETEC GROUP INC,,DBT,US,2026-01
US04020JAA43,US04020JAA43,04020JAA4,ARETEC GROUP INC,,DBT,US,2026-01
US040664LG77,US040664LG77,040664LG7,ARIZONA BRD OF RGTS,,DBT,US,2026-01
US04052BTL89,US04052BTL89,04052BTL8,ARIZONA ST INDL DEV AUTH EDU R,,DBT,US,2026-01
US041242AA67,US041242AA67,041242AA6,ARKO CORP,,DBT,US,2026-01
US04625PAA93,US04625PAA93,04625PAA9,ARMOR HOLDCO INC,,DBT,US,2026-01
US04288BAB62,US04288BAB62,04288BAB6,ARSENAL AIC PARENT LLC,,DBT,US,2026-01
US04288BAC46,US04288BAC46,04288BAC4,ARSENAL AIC PARENT LLC,,DBT,US,2026-01
US04302XAA28,US04302XAA28,04302XAA2,ARTERA SERVICES LLC,,DBT,US,2026-03
US04352EAA38,US04352EAA38,04352EAA3,ASCENSION HEALTH,,DBT,US,2026-01
US04364VAU70,US04364VAU70,04364VAU7,ASCENT RESOURCES/ARU FIN,,DBT,US,2026-01
US04364VAX10,US04364VAX10,04364VAX1,ASCENT RESOURCES/ARU FIN,,DBT,US,2026-02
US04364VBA08,US04364VBA08,04364VBA0,ASCENT RESOURCES/ARU FIN,,DBT,US,2026-02
US045086AM71,US045086AM71,045086AM7,ASHTON WOODS USA/FINANCE,,DBT,US,2026-01
US045086AP03,US045086AP03,045086AP0,ASHTON WOODS USA/FINANCE,,DBT,US,2026-01
US045086AR68,US045086AR68,045086AR6,ASHTON WOODS USA/FINANCE,,DBT,US,2026-02
US00218LAG68,US00218LAG68,00218LAG6,ASP UNIFRAX HOLDINGS INC,,DBT,US,2026-01
US045941AA96,US045941AA96,045941AA9,ASURION LLC/ASURION CO,,DBT,US,2026-01
US045941AB79,US045941AB79,045941AB7,ASURION LLC/ASURION CO,,DBT,US,2026-01
US047772K310,US047772K310,047772K31,ATLANTA GA,,DBT,US,2026-01
US04780NMY03,US04780NMY03,04780NMY0,ATLANTA GA DEV AUTH,,DBT,US,2026-01
US047870RD46,US047870RD46,047870RD4,ATLANTA GA WTR & WSTWTR REVENU,,DBT,US,2026-01
US047870TE01,US047870TE01,047870TE0,ATLANTA GA WTR & WSTWTR REVENU,,DBT,US,2026-01
US049463AF91,US049463AF91,049463AF9,ATLAS WAREHOUSE LEND,,DBT,US,2026-01
US049463AG74,US049463AG74,049463AG7,ATLAS WAREHOUSE LEND,,DBT,US,2026-01
US051473AB24,US051473AB24,051473AB2,AUGUSTA SPINCO CORPORATI,,DBT,US,2026-03
US051473AC07,US051473AC07,051473AC0,AUGUSTA SPINCO CORPORATI,,DBT,US,2026-03
US052430XV23,US052430XV23,052430XV2,AUSTIN TX INDEP SCH DIST,,DBT,US,2026-02
US052430XW06,US052430XW06,052430XW0,AUSTIN TX INDEP SCH DIST,,DBT,US,2026-02
US053015AG87,US053015AG87,053015AG8,AUTOMATIC DATA PROCESSNG,,DBT,US,2026-01
US053773BE64,US053773BE64,053773BE6,AVIS BUDGET CAR/FINANCE,,DBT,US,2026-03
US053773BF30,US053773BF30,053773BF3,AVIS BUDGET CAR/FINANCE,,DBT,US,2026-01
US053773BG13,US053773BG13,053773BG1,AVIS BUDGET CAR/FINANCE,,DBT,US,2026-01
US053773BH95,US053773BH95,053773BH9,AVIS BUDGET CAR/FINANCE,,DBT,US,2026-02
US053773BJ51,US053773BJ51,053773BJ5,AVIS BUDGET CAR/FINANCE,,DBT,US,2026-01
US053773BK25,US053773BK25,053773BK2,AVIS BUDGET CAR/FINANCE,,DBT,US,2026-02
US054071PD17,US054071PD17,054071PD1,AVON IN CMNTY SCH BLDG CORP,,DBT,US,2026-02
US054071PE99,US054071PE99,054071PE9,AVON IN CMNTY SCH BLDG CORP,,DBT,US,2026-02
US054071PF64,US054071PF64,054071PF6,AVON IN CMNTY SCH BLDG CORP,,DBT,US,2026-02
US054105MZ14,US054105MZ14,054105MZ1,AVON LAKE OH CITY SCH DIST,,DBT,US,2026-01
US004284ZE87,US004284ZE87,004284ZE8,Acalanes Union High School District,,DBT,US,2025-11
US0054824L53,US0054824L53,0054824L5,Adams & Arapahoe Counties Joint School District 28J Aurora,,DBT,US,2025-11
US0054824M37,US0054824M37,0054824M3,Adams & Arapahoe Counties Joint School District 28J Aurora,,DBT,US,2025-11
US0054824N10,US0054824N10,0054824N1,Adams & Arapahoe Counties Joint School District 28J Aurora,,DBT,US,2025-11
US0054824P67,US0054824P67,0054824P6,Adams & Arapahoe Counties Joint School District 28J Aurora,,DBT,US,2025-11
US010507CK50,US010507CK50,010507CK5,Alabama Corrections Institution Finance Authority,,DBT,US,2025-11
US010268AZ39,US010268AZ39,010268AZ3,Alabama Federal Aid Highway Finance Authority,,DBT,US,2025-11
US010268BA78,US010268BA78,010268BA7,Alabama Federal Aid Highway Finance Authority,,DBT,US,2025-11
US010268BX71,US010268BX71,010268BX7,Alabama Federal Aid Highway Finance Authority,,DBT,US,2025-11
US010268BY54,US010268BY54,010268BY5,Alabama Federal Aid Highway Finance Authority,,DBT,US,2025-11
US010268CC26,US010268CC26,010268CC2,Alabama Federal Aid Highway Finance Authority,,DBT,US,2025-11
US010268DY37,US010268DY37,010268DY3,Alabama Federal Aid Highway Finance Authority,,DBT,US,2026-02
US010268EA42,US010268EA42,010268EA4,Alabama Federal Aid Highway Finance Authority,,DBT,US,2025-11
US010559AA02,US010559AA02,010559AA0,Alabama Highway Authority,,DBT,US,2026-02
US010559AB84,US010559AB84,010559AB8,Alabama Highway Authority,,DBT,US,2026-02
US010559AE24,US010559AE24,010559AE2,Alabama Highway Authority,,DBT,US,2026-02
US010559AN23,US010559AN23,010559AN2,Alabama Highway Authority,,DBT,US,2026-02
US010559AP70,US010559AP70,010559AP7,Alabama Highway Authority,,DBT,US,2026-02
US010559AQ53,US010559AQ53,010559AQ5,Alabama Highway Authority,,DBT,US,2026-02
US010559AV49,US010559AV49,010559AV4,Alabama Highway Authority,,DBT,US,2026-02
US010609AV72,US010609AV72,010609AV7,Alabama Public School & College Authority,,DBT,US,2025-11
US010609FF77,US010609FF77,010609FF7,Alabama Public School & College Authority,,DBT,US,2025-11
US010609FL46,US010609FL46,010609FL4,Alabama Public School & College Authority,,DBT,US,2025-11
US010609FM29,US010609FM29,010609FM2,Alabama Public School & College Authority,,DBT,US,2025-11
US010609FQ33,US010609FQ33,010609FQ3,Alabama Public School & College Authority,,DBT,US,2025-11
US010609FS98,US010609FS98,010609FS9,Alabama Public School & College Authority,,DBT,US,2025-11
US010609FU45,US010609FU45,010609FU4,Alabama Public School & College Authority,,DBT,US,2025-11
US010609FN02,US010609FN02,010609FN0,Alabama Public School and College Authority,,DBT,US,2025-11
US010869AV77,US010869AV77,010869AV7,Alameda Corridor Transportation Authority,,DBT,US,2025-11
US010869AX34,US010869AX34,010869AX3,Alameda Corridor Transportation Authority,,DBT,US,2025-11
US010869GY52,US010869GY52,010869GY5,Alameda Corridor Transportation Authority,,DBT,US,2025-11
US010869HA67,US010869HA67,010869HA6,Alameda Corridor Transportation Authority,,DBT,US,2025-11
US010869HB41,US010869HB41,010869HB4,Alameda Corridor Transportation Authority,,DBT,US,2025-11
US010869HH11,US010869HH11,010869HH1,Alameda Corridor Transportation Authority,,DBT,US,2025-11
US010869JM87,US010869JM87,010869JM8,Alameda Corridor Transportation Authority,,DBT,US,2025-11
US010869JN60,US010869JN60,010869JN6,Alameda Corridor Transportation Authority,,DBT,US,2025-11
US010869JP19,US010869JP19,010869JP1,Alameda Corridor Transportation Authority,,DBT,US,2025-11
US010869JQ91,US010869JQ91,010869JQ9,Alameda Corridor Transportation Authority,,DBT,US,2025-11
US010869JR74,US010869JR74,010869JR7,Alameda Corridor Transportation Authority,,DBT,US,2025-11
US010869JS57,US010869JS57,010869JS5,Alameda Corridor Transportation Authority,,DBT,US,2025-11
US010869MM41,US010869MM41,010869MM4,Alameda Corridor Transportation Authority,,DBT,US,2025-11
US011118CD66,US011118CD66,011118CD6,Alameda County Transportation Commission,,DBT,US,2025-11
US010824MD95,US010824MD95,010824MD9,Alameda Unified School District-Alameda County,,DBT,US,2025-11
US011415TJ53,US011415TJ53,011415TJ5,Alamo Community College District,,DBT,US,2025-11
US011415TL00,US011415TL00,011415TL0,Alamo Community College District,,DBT,US,2025-11
US014393A281,US014393A281,014393A28,Aldine Independent School District,,DBT,US,2025-11
US014393XS64,US014393XS64,014393XS6,Aldine Independent School District,,DBT,US,2025-11
US014393YM85,US014393YM85,014393YM8,Aldine Independent School District,,DBT,US,2025-11
US014393ZT20,US014393ZT20,014393ZT2,Aldine Independent School District,,DBT,US,2025-11
US014393ZY15,US014393ZY15,014393ZY1,Aldine Independent School District,,DBT,US,2025-11
US014393ZZ89,US014393ZZ89,014393ZZ8,Aldine Independent School District,,DBT,US,2025-11
US014464XG13,US014464XG13,014464XG1,Aledo Independent School District,,DBT,US,2025-11
US016730DB64,US016730DB64,016730DB6,Allan Hancock Joint Community College District,,DBT,US,2025-11
US016730DG51,US016730DG51,016730DG5,Allan Hancock Joint Community College District,,DBT,US,2025-11
US01728RQG73,US01728RQG73,01728RQG7,Allegheny County Higher Education Building Authority,,DBT,US,2026-02
US01728RQK85,US01728RQK85,01728RQK8,Allegheny County Higher Education Building Authority,,DBT,US,2026-02
US01728RQL68,US01728RQL68,01728RQL6,Allegheny County Higher Education Building Authority,,DBT,US,2026-02
US017357E673,US017357E673,017357E67,Allegheny County Sanitary Authority,,DBT,US,2025-11
US017357R717,US017357R717,017357R71,Allegheny County Sanitary Authority,,DBT,US,2025-11
US017357S210,US017357S210,017357S21,Allegheny County Sanitary Authority,,DBT,US,2025-11
US017357U778,US017357U778,017357U77,Allegheny County Sanitary Authority,,DBT,US,2025-11
US017357U851,US017357U851,017357U85,Allegheny County Sanitary Authority,,DBT,US,2025-11
US017357V271,US017357V271,017357V27,Allegheny County Sanitary Authority,,DBT,US,2025-11
US018106ZC10,US018106ZC10,018106ZC1,Allen Independent School District,,DBT,US,2025-11
US0224474B99,US0224474B99,0224474B9,Alvin Independent School District,,DBT,US,2025-11
US0224474C72,US0224474C72,0224474C7,Alvin Independent School District,,DBT,US,2025-11
US022555UK05,US022555UK05,022555UK0,Alvord Unified School District,,DBT,US,2025-11
US022555UL87,US022555UL87,022555UL8,Alvord Unified School District,,DBT,US,2026-02
US022555UM60,US022555UM60,022555UM6,Alvord Unified School District,,DBT,US,2025-11
US02765UKQ66,US02765UKQ66,02765UKQ6,"American Municipal Power, Inc.",,DBT,US,2025-11
US02765UNR13,US02765UNR13,02765UNR1,"American Municipal Power, Inc.",,DBT,US,2025-11
US02765UPR94,US02765UPR94,02765UPR9,"American Municipal Power, Inc.",,DBT,US,2025-11
US02765UPT50,US02765UPT50,02765UPT5,"American Municipal Power, Inc.",,DBT,US,2025-11
US02765UQM98,US02765UQM98,02765UQM9,"American Municipal Power, Inc.",,DBT,US,2025-11
US02765UQR85,US02765UQR85,02765UQR8,"American Municipal Power, Inc.",,DBT,US,2025-11
US02765URN62,US02765URN62,02765URN6,"American Municipal Power, Inc.",,DBT,US,2025-11
US02765URZ92,US02765URZ92,02765URZ9,"American Municipal Power, Inc.",,DBT,US,2025-11
US02765USA33,US02765USA33,02765USA3,"American Municipal Power, Inc.",,DBT,US,2025-11
US03255LBS79,US03255LBS79,03255LBS7,Anaheim Public Financing Authority,,DBT,US,2025-11
US035519YT82,US035519YT82,035519YT8,Ann Arbor School District,,DBT,US,2025-11
US035707N876,US035707N876,035707N87,Anna Independent School District,,DBT,US,2025-11
US03667PGZ99,US03667PGZ99,03667PGZ9,Antelope Valley Community College District,,DBT,US,2025-11
US03672XAX66,US03672XAX66,03672XAX6,Antelope Valley-East Kern Water Agency Financing Authority,,DBT,US,2025-11
US164555DP68,US164555DP68,164555DP6,Arapahoe County School District No. 5 Cherry Creek,,DBT,US,2025-11
US164555EA80,US164555EA80,164555EA8,Arapahoe County School District No. 5 Cherry Creek,,DBT,US,2025-11
US164555EB63,US164555EB63,164555EB6,Arapahoe County School District No. 5 Cherry Creek,,DBT,US,2025-11
US164555EK62,US164555EK62,164555EK6,Arapahoe County School District No. 5 Cherry Creek,,DBT,US,2025-11
US040484M208,US040484M208,040484M20,Arizona Board of Regents,,DBT,US,2026-02
US040484N370,US040484N370,040484N37,Arizona Board of Regents,,DBT,US,2026-02
US04048RQM15,US04048RQM15,04048RQM1,Arizona Board of Regents,,DBT,US,2025-11
US04048RQN97,US04048RQN97,04048RQN9,Arizona Board of Regents,,DBT,US,2025-11
US04048RXH47,US04048RXH47,04048RXH4,Arizona Board of Regents,,DBT,US,2025-11
US040664LL62,US040664LL62,040664LL6,Arizona Board of Regents,,DBT,US,2025-11
US040664LM46,US040664LM46,040664LM4,Arizona Board of Regents,,DBT,US,2025-11
US040664NF76,US040664NF76,040664NF7,Arizona Board of Regents,,DBT,US,2025-11
US040664PT52,US040664PT52,040664PT5,Arizona Board of Regents,,DBT,US,2026-02
US040688PC12,US040688PC12,040688PC1,Arizona Water Infrastructure Finance Authority,,DBT,US,2025-11
US041827AJ53,US041827AJ53,041827AJ5,Arlington Independent School District,,DBT,US,2025-11
US050589NU03,US050589NU03,050589NU0,Auburn University,,DBT,US,2025-11
US050589PV67,US050589PV67,050589PV6,Auburn University,,DBT,US,2025-11
US050589SM32,US050589SM32,050589SM3,Auburn University,,DBT,US,2025-11
US050589ST84,US050589ST84,050589ST8,Auburn University,,DBT,US,2025-11
US050589SU57,US050589SU57,050589SU5,Auburn University,,DBT,US,2025-11
US050589SY79,US050589SY79,050589SY7,Auburn University,,DBT,US,2025-11
US051249LL22,US051249LL22,051249LL2,Augusta Water & Sewer,,DBT,US,2025-11
US051249LM05,US051249LM05,051249LM0,Augusta Water & Sewer,,DBT,US,2025-11
US051249LP36,US051249LP36,051249LP3,Augusta Water & Sewer,,DBT,US,2025-11
US052403GW67,US052403GW67,052403GW6,Austin Community College District,,DBT,US,2025-11
US052403LD22,US052403LD22,052403LD2,Austin Community College District,,DBT,US,2025-11
US052430QK41,US052430QK41,052430QK4,Austin Independent School District,,DBT,US,2025-11
US052430SB24,US052430SB24,052430SB2,Austin Independent School District,,DBT,US,2025-11
US052430SC07,US052430SC07,052430SC0,Austin Independent School District,,DBT,US,2025-11
US052430SU05,US052430SU05,052430SU0,Austin Independent School District,,DBT,US,2026-02
US052430SV87,US052430SV87,052430SV8,Austin Independent School District,,DBT,US,2026-02
US052430SW60,US052430SW60,052430SW6,Austin Independent School District,,DBT,US,2025-11
US052430SX44,US052430SX44,052430SX4,Austin Independent School District,,DBT,US,2025-11
US052430VG73,US052430VG73,052430VG7,Austin Independent School District,,DBT,US,2025-11
US052430WA94,US052430WA94,052430WA9,Austin Independent School District,,DBT,US,2025-11
US052430WJ04,US052430WJ04,052430WJ0,Austin Independent School District,,DBT,US,2025-11
US052430WS03,US052430WS03,052430WS0,Austin Independent School District,,DBT,US,2025-11
US052430XA85,US052430XA85,052430XA8,Austin Independent School District,,DBT,US,2025-11
US054789ZY13,US054789ZY13,054789ZY1,Azle Independent School District,,DBT,US,2025-11
US05723KAE01,US05723KAE01,05723KAE0,BAKER HUGHES LLC/CO-OBL,,DBT,US,2026-01
US05723KAG58,US05723KAG58,05723KAG5,BAKER HUGHES LLC/CO-OBL,,DBT,US,2026-01
US05724BAA70,US05724BAA70,05724BAA7,BAKER HUGHES LLC/CO-OBL,,DBT,US,2026-01
US05724BAD10,US05724BAD10,05724BAD1,BAKER HUGHES LLC/CO-OBL,,DBT,US,2026-01
US05724BAL36,US05724BAL36,05724BAL3,BAKER HUGHES LLC/CO-OBL,,DBT,US,2026-03
US05825XAA72,US05825XAA72,05825XAA7,BALDWIN INSUR GRP/FIN,,DBT,US,2026-03
US06763AAC53,US06763AAC53,06763AAC5,BARINGS PRIVATE CREDIT,,DBT,US,2026-03
US072231GK34,US072231GK34,072231GK3,BAY CNTY FL SCH BRD COPS,,DBT,US,2026-02
US072231GL17,US072231GL17,072231GL1,BAY CNTY FL SCH BRD COPS,,DBT,US,2026-02
US072933AA25,US072933AA25,072933AA2,BCPE FLAVOR DEBT/ISSUER,,DBT,US,2026-03
US07337JAC18,US07337JAC18,07337JAC1,BEACH ACQUISITION BIDCO,,DBT,US,2026-02
XS3109433477,XS3109433477,000000000,BEACH ACQUISITION BIDCO,,DBT,US,2026-01
US073644AA49,US073644AA49,073644AA4,BEACON MOBILITY CORP,,DBT,US,2026-01
US076912AA21,US076912AA21,076912AA2,BEIGNET INVESTOR LLC,,DBT,US,2026-01
US08949LAB62,US08949LAB62,08949LAB6,BIG RIVER STEEL/BRS FIN,,DBT,US,2026-01
US05619CAA36,US05619CAA36,05619CAA3,BKV UPSTREAM MIDSTREAM L,,DBT,US,2026-01
US09182TCR68,US09182TCR68,09182TCR6,BLACK BELT ENERGY GAS DIST AL,,DBT,US,2026-01
US09182TDB08,US09182TDB08,09182TDB0,BLACK BELT ENERGY GAS DIST AL,,DBT,US,2026-02
US09182TGW18,US09182TGW18,09182TGW1,BLACK BELT ENERGY GAS DIST AL,,DBT,US,2026-01
US09182THB61,US09182THB61,09182THB6,BLACK BELT ENERGY GAS DIST AL,,DBT,US,2026-01
US09216NAA81,US09216NAA81,09216NAA8,BLACK PEARL COMPUTE LLC,,DBT,US,2026-02
US09261HAD98,US09261HAD98,09261HAD9,BLACKSTONE PRIVATE CRE,,DBT,US,2026-01
US09261HAK32,US09261HAK32,09261HAK3,BLACKSTONE PRIVATE CRE,,DBT,US,2026-01
US09261HAR84,US09261HAR84,09261HAR8,BLACKSTONE PRIVATE CRE,,DBT,US,2026-01
US09261HBC07,US09261HBC07,09261HBC0,BLACKSTONE PRIVATE CRE,,DBT,US,2026-01
US09261HBG11,US09261HBG11,09261HBG1,BLACKSTONE PRIVATE CRE,,DBT,US,2026-01
US09261HBN61,US09261HBN61,09261HBN6,BLACKSTONE PRIVATE CRE,,DBT,US,2026-01
US09261HBR75,US09261HBR75,09261HBR7,BLACKSTONE PRIVATE CRE,,DBT,US,2026-03
US09261HBY27,US09261HBY27,09261HBY2,BLACKSTONE PRIVATE CRE,,DBT,US,2026-01
US09261HBZ91,US09261HBZ91,09261HBZ9,BLACKSTONE PRIVATE CRE,,DBT,US,2026-01
US092914AB66,US092914AB66,092914AB6,BLACKSTONE REG FINANCE,,DBT,US,2026-01
US093662AH70,US093662AH70,093662AH7,BLOCK FINANCIAL LLC,,DBT,US,2026-01
US093662AJ37,US093662AJ37,093662AJ3,BLOCK FINANCIAL LLC,,DBT,US,2026-01
US095924AB26,US095924AB26,095924AB2,BLUE OWL TECHNOLOGY FINA,,DBT,US,2026-01
US095796AJ72,US095796AJ72,095796AJ7,BLUE RACER MID LLC/FINAN,,DBT,US,2026-01
US095796AK46,US095796AK46,095796AK4,BLUE RACER MID LLC/FINAN,,DBT,US,2026-02
US097023CH65,US097023CH65,097023CH6,BOEING CO,,DBT,US,2026-01
US097023DA04,US097023DA04,097023DA0,BOEING CO,,DBT,US,2026-01
US097023DG73,US097023DG73,097023DG7,BOEING CO,,DBT,US,2026-01
XS3134602401,XS3134602401,000000000,BOOTS GROUP FINCO LP,,DBT,US,2026-01
XS3134602740,XS3134602740,000000000,BOOTS GROUP FINCO LP,,DBT,US,2026-01
US10112RAX26,US10112RAX26,10112RAX2,BOSTON PROPERTIES LP,,DBT,US,2026-01
US103557AC88,US103557AC88,103557AC8,BOYNE USA INC,,DBT,US,2026-01
US104931AA85,US104931AA85,104931AA8,BRAND INDUSTRIAL SERVICE,,DBT,US,2026-01
US107416QL65,US107416QL65,107416QL6,BREVARD CNTY FL HLTH FACS AUTH,,DBT,US,2026-01
US10921U2C16,US10921U2C16,10921U2C1,BRIGHTHOUSE FINANCIAL GLOBAL FUNDING,,DBT,US,2026-03
US093536AA89,US093536AA89,093536AA8,BRIGHTLINE EAST LLC,,DBT,US,2026-02
US11135RAA32,US11135RAA32,11135RAA3,BROADSTREET PARTNERS GRP,,DBT,US,2026-01
US11284DAA37,US11284DAA37,11284DAA3,BROOKFIELD PPTY REIT INC,,DBT,US,2026-01
US11284DAC92,US11284DAC92,11284DAC9,BROOKFIELD PPTY REIT INC,,DBT,US,2026-01
US12008ETX49,US12008ETX49,12008ETX4,BUILD NYC RESOURCE CORP NY REV,,DBT,US,2026-01
US12008ETY22,US12008ETY22,12008ETY2,BUILD NYC RESOURCE CORP NY REV,,DBT,US,2026-01
US07133AHJ43,US07133AHJ43,07133AHJ4,Battery Park City Authority,,DBT,US,2025-11
US07133AHX37,US07133AHX37,07133AHX3,Battery Park City Authority,,DBT,US,2025-11
US07133AHY10,US07133AHY10,07133AHY1,Battery Park City Authority,,DBT,US,2025-11
US07133AJJ25,US07133AJJ25,07133AJJ2,Battery Park City Authority,,DBT,US,2025-11
US07133AJL70,US07133AJL70,07133AJL7,Battery Park City Authority,,DBT,US,2025-11
US07133AJM53,US07133AJM53,07133AJM5,Battery Park City Authority,,DBT,US,2025-11
US07133AJU79,US07133AJU79,07133AJU7,Battery Park City Authority,,DBT,US,2025-11
US07133AKD36,US07133AKD36,07133AKD3,Battery Park City Authority,,DBT,US,2025-11
US07133AKJ06,US07133AKJ06,07133AKJ0,Battery Park City Authority,,DBT,US,2026-02
US07133AKL51,US07133AKL51,07133AKL5,Battery Park City Authority,,DBT,US,2026-02
US07133AKM35,US07133AKM35,07133AKM3,Battery Park City Authority,,DBT,US,2026-02
US07133AKN18,US07133AKN18,07133AKN1,Battery Park City Authority,,DBT,US,2026-02
US07133AKP65,US07133AKP65,07133AKP6,Battery Park City Authority,,DBT,US,2026-02
US07133AKQ49,US07133AKQ49,07133AKQ4,Battery Park City Authority,,DBT,US,2026-02
US072024A695,US072024A695,072024A69,Bay Area Toll Authority,,DBT,US,2025-11
US072024A851,US072024A851,072024A85,Bay Area Toll Authority,,DBT,US,2025-11
US072024A935,US072024A935,072024A93,Bay Area Toll Authority,,DBT,US,2025-11
US072024B271,US072024B271,072024B27,Bay Area Toll Authority,,DBT,US,2025-11
US072024L346,US072024L346,072024L34,Bay Area Toll Authority,,DBT,US,2026-02
US072024L759,US072024L759,072024L75,Bay Area Toll Authority,,DBT,US,2026-02
US072024L833,US072024L833,072024L83,Bay Area Toll Authority,,DBT,US,2026-02
US072024M252,US072024M252,072024M25,Bay Area Toll Authority,,DBT,US,2026-02
US072024UG58,US072024UG58,072024UG5,Bay Area Toll Authority,,DBT,US,2025-11
US072024UJ97,US072024UJ97,072024UJ9,Bay Area Toll Authority,,DBT,US,2025-11
US072024VC36,US072024VC36,072024VC3,Bay Area Toll Authority,,DBT,US,2025-11
US072024VE91,US072024VE91,072024VE9,Bay Area Toll Authority,,DBT,US,2025-11
US072024VM18,US072024VM18,072024VM1,Bay Area Toll Authority,,DBT,US,2025-11
US072024VN90,US072024VN90,072024VN9,Bay Area Toll Authority,,DBT,US,2025-11
US072024VP49,US072024VP49,072024VP4,Bay Area Toll Authority,,DBT,US,2025-11
US072024VQ22,US072024VQ22,072024VQ2,Bay Area Toll Authority,,DBT,US,2025-11
US072024VX72,US072024VX72,072024VX7,Bay Area Toll Authority,,DBT,US,2025-11
US072024VY55,US072024VY55,072024VY5,Bay Area Toll Authority,,DBT,US,2025-11
US072024YU07,US072024YU07,072024YU0,Bay Area Toll Authority,,DBT,US,2025-11
US072024YV89,US072024YV89,072024YV8,Bay Area Toll Authority,,DBT,US,2025-11
US073900U420,US073900U420,073900U42,Beaufort County School District,,DBT,US,2025-11
US088023JC13,US088023JC13,088023JC1,Beverly Hills Unified School District,,DBT,US,2025-11
US196707MR15,US196707MR15,196707MR1,Board of Governors of Colorado State University System,,DBT,US,2025-11
US196707XS78,US196707XS78,196707XS7,Board of Governors of Colorado State University System,,DBT,US,2025-11
US196707Z636,US196707Z636,196707Z63,Board of Governors of Colorado State University System,,DBT,US,2025-11
US91514ADC62,US91514ADC62,91514ADC6,Board of Regents of the University of Texas System,,DBT,US,2025-11
US91514AEL52,US91514AEL52,91514AEL5,Board of Regents of the University of Texas System,,DBT,US,2025-11
US91514AEV35,US91514AEV35,91514AEV3,Board of Regents of the University of Texas System,,DBT,US,2025-11
US91514AGQ22,US91514AGQ22,91514AGQ2,Board of Regents of the University of Texas System,,DBT,US,2025-11
US91514AGV17,US91514AGV17,91514AGV1,Board of Regents of the University of Texas System,,DBT,US,2025-11
US91514AJM80,US91514AJM80,91514AJM8,Board of Regents of the University of Texas System,,DBT,US,2025-11
US91514AJN63,US91514AJN63,91514AJN6,Board of Regents of the University of Texas System,,DBT,US,2025-11
US91514AJV89,US91514AJV89,91514AJV8,Board of Regents of the University of Texas System,,DBT,US,2025-11
US91514AJW62,US91514AJW62,91514AJW6,Board of Regents of the University of Texas System,,DBT,US,2025-11
US91514AJY29,US91514AJY29,91514AJY2,Board of Regents of the University of Texas System,,DBT,US,2025-11
US91514AKF11,US91514AKF11,91514AKF1,Board of Regents of the University of Texas System,,DBT,US,2025-11
US91514AKG93,US91514AKG93,91514AKG9,Board of Regents of the University of Texas System,,DBT,US,2025-11
US91514AKH76,US91514AKH76,91514AKH7,Board of Regents of the University of Texas System,,DBT,US,2025-11
US91514ALE37,US91514ALE37,91514ALE3,Board of Regents of the University of Texas System,,DBT,US,2025-11
US91514AMK87,US91514AMK87,91514AMK8,Board of Regents of the University of Texas System,,DBT,US,2025-11
US91514AMM44,US91514AMM44,91514AMM4,Board of Regents of the University of Texas System,,DBT,US,2025-11
US91514AMQ57,US91514AMQ57,91514AMQ5,Board of Regents of the University of Texas System,,DBT,US,2025-11
US91514ANC52,US91514ANC52,91514ANC5,Board of Regents of the University of Texas System,,DBT,US,2025-11
US91514AND36,US91514AND36,91514AND3,Board of Regents of the University of Texas System,,DBT,US,2025-11
US91514ANG66,US91514ANG66,91514ANG6,Board of Regents of the University of Texas System,,DBT,US,2025-11
US91514ANS05,US91514ANS05,91514ANS0,Board of Regents of the University of Texas System,,DBT,US,2026-02
US91514ANT87,US91514ANT87,91514ANT8,Board of Regents of the University of Texas System,,DBT,US,2026-02
US91514ANV34,US91514ANV34,91514ANV3,Board of Regents of the University of Texas System,,DBT,US,2026-02
US91514APC35,US91514APC35,91514APC3,Board of Regents of the University of Texas System,,DBT,US,2026-02
US91514APD18,US91514APD18,91514APD1,Board of Regents of the University of Texas System,,DBT,US,2026-02
US91514APE90,US91514APE90,91514APE9,Board of Regents of the University of Texas System,,DBT,US,2026-02
US91514APJ87,US91514APJ87,91514APJ8,Board of Regents of the University of Texas System,,DBT,US,2026-02
US24916PGA93,US24916PGA93,24916PGA9,Board of Water Commissioners City & County of Denver (The),,DBT,US,2025-11
US24916PGB76,US24916PGB76,24916PGB7,Board of Water Commissioners City & County of Denver (The),,DBT,US,2025-11
US24916PMK02,US24916PMK02,24916PMK0,Board of Water Commissioners City & County of Denver (The),,DBT,US,2025-11
US36268NAA81,US36268NAA81,36268NAA8,"Boost Newco Borrower, LLC",,DBT,US,2025-11
US662523X462,US662523X462,662523X46,Borough of North Slope,,DBT,US,2025-11
US662523X611,US662523X611,662523X61,Borough of North Slope,,DBT,US,2025-11
US101565K733,US101565K733,101565K73,Boulder Larimer & Weld Counties St Vrain Valley School District Re1J,,DBT,US,2025-11
US101565K998,US101565K998,101565K99,Boulder Larimer & Weld Counties St Vrain Valley School District Re1J,,DBT,US,2025-11
US101565L236,US101565L236,101565L23,Boulder Larimer & Weld Counties St Vrain Valley School District Re1J,,DBT,US,2025-11
US101565L319,US101565L319,101565L31,Boulder Larimer & Weld Counties St Vrain Valley School District Re1J,,DBT,US,2025-11
US101565L988,US101565L988,101565L98,Boulder Larimer & Weld Counties St Vrain Valley School District Re1J,,DBT,US,2025-11
US101565M226,US101565M226,101565M22,Boulder Larimer & Weld Counties St Vrain Valley School District Re1J,,DBT,US,2025-11
US101565M309,US101565M309,101565M30,Boulder Larimer & Weld Counties St Vrain Valley School District Re1J,,DBT,US,2025-11
US101547UV70,US101547UV70,101547UV7,Boulder Valley School District No. Re-2 Boulder,,DBT,US,2025-11
US12467AAF57,US12467AAF57,12467AAF5,C&S GROUP ENTERPRISES LL,,DBT,US,2026-01
US12687GAA76,US12687GAA76,12687GAA7,CABLEVISION LIGHTPATH,,DBT,US,2026-01
US12687GAB59,US12687GAB59,12687GAB5,CABLEVISION LIGHTPATH,,DBT,US,2026-01
US128786AA80,US128786AA80,128786AA8,CALDERYS FINANCING LLC,,DBT,US,2026-01
US13033DAF24,US13033DAF24,13033DAF2,CALIFORNIA HSG FIN AGY MUNI CT,,DBT,US,2026-02
US13033DAH89,US13033DAH89,13033DAH8,CALIFORNIA HSG FIN AGY MUNI CT,,DBT,US,2026-02
US13033DAK19,US13033DAK19,13033DAK1,CALIFORNIA HSG FIN AGY MUNI CT,,DBT,US,2026-02
US13057GAC33,US13057GAC33,13057GAC3,CALIFORNIA PUBLIC FIN AUTH SEN,,DBT,US,2026-01
US13057GAD16,US13057GAD16,13057GAD1,CALIFORNIA PUBLIC FIN AUTH SEN,,DBT,US,2026-01
US13059TBZ12,US13059TBZ12,13059TBZ1,CALIFORNIA SCH FIN AUTH SCH FA,,DBT,US,2026-01
US13063DS827,US13063DS827,13063DS82,CALIFORNIA ST,,DBT,US,2026-01
US13033L4N45,US13033L4N45,13033L4N4,CALIFORNIA ST HLTH FACS FING A,,DBT,US,2026-01
US13048VVC98,US13048VVC98,13048VVC9,CALIFORNIA ST MUNI FIN AUTH RE,,DBT,US,2026-02
US13077DYG14,US13077DYG14,13077DYG1,CALIFORNIA ST UNIV REVENUE,,DBT,US,2026-01
US131477BA87,US131477BA87,131477BA8,CALUMET SPECIALTY PROD,,DBT,US,2026-01
US13323NAA00,US13323NAA00,13323NAA0,CAMELOT RETURN MERGER SU,,DBT,US,2026-01
US134141ZK95,US134141ZK95,134141ZK9,CAMPBELL CA UNION SCH DIST,,DBT,US,2026-02
US25466AAJ07,US25466AAJ07,25466AAJ0,CAPITAL ONE NA,,DBT,US,2026-01
US25466AAP66,US25466AAP66,25466AAP6,CAPITAL ONE NA,,DBT,US,2026-01
US25466AAR23,US25466AAR23,25466AAR2,CAPITAL ONE NA,,DBT,US,2026-01
US140944AA76,US140944AA76,140944AA7,CAPSTONE BORROWER INC,,DBT,US,2026-01
US143905AP21,US143905AP21,143905AP2,CARRIAGE SERVICES INC,,DBT,US,2026-01
US14805PBA93,US14805PBA93,14805PBA9,CASS CNTY ND JT WTR RESOURCE D,,DBT,US,2026-02
US49446BAA26,US49446BAA26,49446BAA2,CATURUS ENERGY LLC,,DBT,US,2026-01
CUSIP:12610CFC9,,12610CFC9,CBRE SERVICES INC (AKA: CB RICHARD ELLIS SERVICES INC),,DBT,US,2026-03
US1248EPBR37,US1248EPBR37,1248EPBR3,CCO HLDGS LLC/CAP CORP,,DBT,US,2026-01
US1248EPBT92,US1248EPBT92,1248EPBT9,CCO HLDGS LLC/CAP CORP,,DBT,US,2026-01
US1248EPBX05,US1248EPBX05,1248EPBX0,CCO HLDGS LLC/CAP CORP,,DBT,US,2026-01
US1248EPCB75,US1248EPCB75,1248EPCB7,CCO HLDGS LLC/CAP CORP,,DBT,US,2026-01
US1248EPCD32,US1248EPCD32,1248EPCD3,CCO HLDGS LLC/CAP CORP,,DBT,US,2026-01
US1248EPCE15,US1248EPCE15,1248EPCE1,CCO HLDGS LLC/CAP CORP,,DBT,US,2026-01
US1248EPCK74,US1248EPCK74,1248EPCK7,CCO HLDGS LLC/CAP CORP,,DBT,US,2026-01
US1248EPCL57,US1248EPCL57,1248EPCL5,CCO HLDGS LLC/CAP CORP,,DBT,US,2026-02
US1248EPCN14,US1248EPCN14,1248EPCN1,CCO HLDGS LLC/CAP CORP,,DBT,US,2026-02
US1248EPCP61,US1248EPCP61,1248EPCP6,CCO HLDGS LLC/CAP CORP,,DBT,US,2026-02
US1248EPCQ45,US1248EPCQ45,1248EPCQ4,CCO HLDGS LLC/CAP CORP,,DBT,US,2026-01
US1248EPCS01,US1248EPCS01,1248EPCS0,CCO HLDGS LLC/CAP CORP,,DBT,US,2026-01
US1248EPCT83,US1248EPCT83,1248EPCT8,CCO HLDGS LLC/CAP CORP,,DBT,US,2026-01
US1248EPCU56,US1248EPCU56,1248EPCU5,CCO HLDGS LLC/CAP CORP,,DBT,US,2026-01
US1248EPCV30,US1248EPCV30,1248EPCV3,CCO HLDGS LLC/CAP CORP,,DBT,US,2026-02
US12515KAA60,US12515KAA60,12515KAA6,CD&R SMOKEY / RADIO SYS,,DBT,US,2026-01
US12513GBD07,US12513GBD07,12513GBD0,CDW LLC/CDW FINANCE,,DBT,US,2026-01
US12513GBF54,US12513GBF54,12513GBF5,CDW LLC/CDW FINANCE,,DBT,US,2026-01
US12513GBG38,US12513GBG38,12513GBG3,CDW LLC/CDW FINANCE,,DBT,US,2026-01
US12513GBH11,US12513GBH11,12513GBH1,CDW LLC/CDW FINANCE,,DBT,US,2026-01
US12513GBK40,US12513GBK40,12513GBK4,CDW LLC/CDW FINANCE,,DBT,US,2026-01
US1504294C90,US1504294C90,1504294C9,CEDAR HILL TX INDEP SCH DIST,,DBT,US,2026-01
US15189WAL46,US15189WAL46,15189WAL4,CENTERPOINT ENERGY RES,,DBT,US,2026-03
US153476BV79,US153476BV79,153476BV7,CENTRL FL EXPRESSWAY AUTH SR L,,DBT,US,2026-01
US155048DL24,US155048DL24,155048DL2,CENTRL PUGET SOUND WA REGL TRA,,DBT,US,2026-02
US155498KQ09,US155498KQ09,155498KQ0,CENTRL TX REGL MOBILITY AUTH R,,DBT,US,2026-01
US15672WAJ36,US15672WAJ36,15672WAJ3,CEQUEL COM HLDG I/CAP CP,,DBT,US,2026-03
US15807XAA81,US15807XAA81,15807XAA8,CHAMP ACQUISITION CORP,,DBT,US,2026-03
US15870LAA61,US15870LAA61,15870LAA6,CHAMPIONS FINANCING INC,,DBT,US,2026-01
US161036MH88,US161036MH88,161036MH8,CHARLOTTE NC ARPT REVENUE,,DBT,US,2026-01
US161036TS70,US161036TS70,161036TS7,CHARLOTTE NC ARPT REVENUE,,DBT,US,2026-01
US160853UL92,US160853UL92,160853UL9,CHARLOTTE-MECKLENBURG NC HOSPA,,DBT,US,2026-01
US161175BJ23,US161175BJ23,161175BJ2,CHARTER COMM OPT LLC/CAP,,DBT,US,2026-01
US161175BK95,US161175BK95,161175BK9,CHARTER COMM OPT LLC/CAP,,DBT,US,2026-01
US161175BR49,US161175BR49,161175BR4,CHARTER COMM OPT LLC/CAP,,DBT,US,2026-01
US161175CD44,US161175CD44,161175CD4,CHARTER COMM OPT LLC/CAP,,DBT,US,2026-01
US161175CQ56,US161175CQ56,161175CQ5,CHARTER COMM OPT LLC/CAP,,DBT,US,2026-01
US164555ET71,US164555ET71,164555ET7,CHERRY CREEK CO SCH DIST #5,,DBT,US,2026-02
US164555EU45,US164555EU45,164555EU4,CHERRY CREEK CO SCH DIST #5,,DBT,US,2026-02
US167486P450,US167486P450,167486P45,CHICAGO IL,,DBT,US,2026-01
US167486Z772,US167486Z772,167486Z77,CHICAGO IL,,DBT,US,2026-01
US167505WB81,US167505WB81,167505WB8,CHICAGO IL BRD OF EDU,,DBT,US,2026-01
US167505ZF68,US167505ZF68,167505ZF6,CHICAGO IL BRD OF EDU,,DBT,US,2026-01
US167505ZM10,US167505ZM10,167505ZM1,CHICAGO IL BRD OF EDU,,DBT,US,2026-01
US167510BH83,US167510BH83,167510BH8,CHICAGO IL BRD OF EDU DEDICATE,,DBT,US,2026-01
US1675934Q23,US1675934Q23,1675934Q2,CHICAGO IL O'HARE INTERNATIONA,,DBT,US,2026-02
US167593M583,US167593M583,167593M58,CHICAGO IL O'HARE INTERNATIONA,,DBT,US,2026-01
US16772PCB04,US16772PCB04,16772PCB0,CHICAGO IL TRANSIT AUTH SALES,,DBT,US,2026-01
US167727E287,US167727E287,167727E28,CHICAGO IL WSTWTR TRANSMISSION,,DBT,US,2026-01
US169918AA77,US169918AA77,169918AA7,CHOBANI HOLDCO II LLC,,DBT,US,2026-01
US17027NAB82,US17027NAB82,17027NAB8,CHOBANI LLC/FINANCE CORP,,DBT,US,2026-01
US17027NAC65,US17027NAC65,17027NAC6,CHOBANI LLC/FINANCE CORP,,DBT,US,2026-01
US17108JAA16,US17108JAA16,17108JAA1,CHRISTUS HEALTH,,DBT,US,2026-03
US17253NAA54,US17253NAA54,17253NAA5,CIPHER COMPUTE LLC,,DBT,US,2026-01
US18064PAC32,US18064PAC32,18064PAC3,CLARIV SCI HLD CORP,,DBT,US,2026-01
US18064PAD15,US18064PAD15,18064PAD1,CLARIV SCI HLD CORP,,DBT,US,2026-01
US181070FV01,US181070FV01,181070FV0,CLARK CNTY NV WTR RECLAMATION,,DBT,US,2026-02
US181503GP21,US181503GP21,181503GP2,CLARK-PLEASANT IN CMNTY SCH BL,,DBT,US,2026-02
US183513FW50,US183513FW50,183513FW5,CLAY CNTY MO SCH DIST #R-II SM,,DBT,US,2026-02
US183513FX34,US183513FX34,183513FX3,CLAY CNTY MO SCH DIST #R-II SM,,DBT,US,2026-02
US18453HAC07,US18453HAC07,18453HAC0,CLEAR CHANNEL OUTDOOR HO,,DBT,US,2026-01
US18453HAD89,US18453HAD89,18453HAD8,CLEAR CHANNEL OUTDOOR HO,,DBT,US,2026-01
US18453HAF38,US18453HAF38,18453HAF3,CLEAR CHANNEL OUTDOOR HO,,DBT,US,2026-01
US18453HAG11,US18453HAG11,18453HAG1,CLEAR CHANNEL OUTDOOR HO,,DBT,US,2026-01
US18453HAH93,US18453HAH93,18453HAH9,CLEAR CHANNEL OUTDOOR HO,,DBT,US,2026-02
US18912UAA07,US18912UAA07,18912UAA0,CLOUD SOFTWARE GRP INC,,DBT,US,2026-01
US18912UAC62,US18912UAC62,18912UAC6,CLOUD SOFTWARE GRP INC,,DBT,US,2026-01
US18912UAG76,US18912UAG76,18912UAG7,CLOUD SOFTWARE GRP INC,,DBT,US,2026-02
US36267QAA22,US36267QAA22,36267QAA2,CLUE OPCO LLC,,DBT,US,2026-03
US18972EAA38,US18972EAA38,18972EAA3,CLYDESDALE ACQUISITION,,DBT,US,2026-01
US18972EAB11,US18972EAB11,18972EAB1,CLYDESDALE ACQUISITION,,DBT,US,2026-01
US18972EAC93,US18972EAC93,18972EAC9,CLYDESDALE ACQUISITION,,DBT,US,2026-01
US18972EAD76,US18972EAD76,18972EAD7,CLYDESDALE ACQUISITION,,DBT,US,2026-01
US125773AA99,US125773AA99,125773AA9,CMG MEDIA CORPORATION,,DBT,US,2026-01
US20282EAP16,US20282EAP16,20282EAP1,CMWLTH FING AUTH PA TOBACCO MA,,DBT,US,2026-01
US154915AA07,US154915AA07,154915AA0,CNT PRNT/CDK GLO II/FIN,,DBT,US,2026-01
US15477CAA36,US15477CAA36,15477CAA3,CNTRL PARENT/CDK GLB INC,,DBT,US,2026-01
US12654AAA97,US12654AAA97,12654AAA9,CNX MIDSTREAM PART LP,,DBT,US,2026-01
US19648DAC39,US19648DAC39,19648DAC3,CO HIGH PERFORMANCE TRANSPRTN,,DBT,US,2026-01
US189849GR74,US189849GR74,189849GR7,COACHELLA VLY CA UNIF SCH DIST,,DBT,US,2026-02
US19106CAA45,US19106CAA45,19106CAA4,COBRA ACQUISITIONCO LLC,,DBT,US,2026-01
US19240WAB54,US19240WAB54,19240WAB5,COGENT COMMS GRP / FIN,,DBT,US,2026-02
US19625ABJ07,US19625ABJ07,19625ABJ0,COLONY TX LOCAL DEV CORP SALES,,DBT,US,2026-02
US196500AA09,US196500AA09,196500AA0,COLORADO INTERSTATE GAS CO LLC / COLORADO INTERSTATE ISSUING CORP,,DBT,US,2026-03
US19645RB342,US19645RB342,19645RB34,COLORADO ST EDUCTNL & CULTURAL,,DBT,US,2026-01
US19648FAZ71,US19648FAZ71,19648FAZ7,COLORADO ST HLTH FACS AUTH REV,,DBT,US,2026-01
US19648FKA11,US19648FKA11,19648FKA1,COLORADO ST HLTH FACS AUTH REV,,DBT,US,2026-01
US19648FWT73,US19648FWT73,19648FWT7,COLORADO ST HLTH FACS AUTH REV,,DBT,US,2026-01
US19648FYJ73,US19648FYJ73,19648FYJ7,COLORADO ST HLTH FACS AUTH REV,,DBT,US,2026-01
US197210AX50,US197210AX50,197210AX5,COLUMBIA AL INDL DEV BRD POLL,,DBT,US,2026-01
US197210AZ09,US197210AZ09,197210AZ0,COLUMBIA AL INDL DEV BRD POLLC,,DBT,US,2026-01
US19828AAA51,US19828AAA51,19828AAA5,COLUMBIA PIPELINES HOLDING COMPANY LLC,,DBT,US,2026-03
US199333AK12,US199333AK12,199333AK1,COLUMBUS MCKINNON CORP,,DBT,US,2026-01
US199546CX83,US199546CX83,199546CX8,COLUMBUS OH REGL ARPT AUTH REV,,DBT,US,2026-02
US200635BE93,US200635BE93,200635BE9,COMMERCE GA SCH DIST,,DBT,US,2026-02
US200635BF68,US200635BF68,200635BF6,COMMERCE GA SCH DIST,,DBT,US,2026-02
US20268JAB98,US20268JAB98,20268JAB9,COMMONSPIRIT HEALTH,,DBT,US,2026-01
US20268JAF03,US20268JAF03,20268JAF0,COMMONSPIRIT HEALTH,,DBT,US,2026-01
US20268JAK97,US20268JAK97,20268JAK9,COMMONSPIRIT HEALTH,,DBT,US,2026-01
US20268JAY91,US20268JAY91,20268JAY9,COMMONSPIRIT HEALTH,,DBT,US,2026-01
US20459XAC56,US20459XAC56,20459XAC5,COMPOSECURE HOLDINGS LLC,,DBT,US,2026-01
US20600DAA19,US20600DAA19,20600DAA1,CONCENTRA HEALTH SERVICE,,DBT,US,2026-03
US20679LAB71,US20679LAB71,20679LAB7,CONDUENT BUS SERVICES,,DBT,US,2026-01
US20753PAD33,US20753PAD33,20753PAD3,CONNECT HOLDING II LLC,,DBT,US,2026-02
US20772KB320,US20772KB320,20772KB32,CONNECTICUT ST,,DBT,US,2026-02
US20775DZM72,US20775DZM72,20775DZM7,CONNECTICUT ST HLTH & EDUCTNL,,DBT,US,2026-02
US2077582B80,US2077582B80,2077582B8,CONNECTICUT ST SPL TAX OBLIG R,,DBT,US,2026-02
US207758L503,US207758L503,207758L50,CONNECTICUT ST SPL TAX OBLIG R,,DBT,US,2026-01
US207758YG25,US207758YG25,207758YG2,CONNECTICUT ST SPL TAX OBLIG R,,DBT,US,2026-01
US207758ZM83,US207758ZM83,207758ZM8,CONNECTICUT ST SPL TAX OBLIG R,,DBT,US,2026-02
US2084182J17,US2084182J17,2084182J1,CONROE TX INDEP SCH DIST,,DBT,US,2026-01
CUSIP:21038QD19,,21038QD19,CONSTELLATION ENERGY GENERATION LLC,,DBT,US,2026-03
CUSIP:21038QD27,,21038QD27,CONSTELLATION ENERGY GENERATION LLC,,DBT,US,2026-03
US21288AAA43,US21288AAA43,21288AAA4,CONYERS GA TAX ALLOCATION,,DBT,US,2026-02
US213185MY44,US213185MY44,213185MY4,COOK CNTY IL,,DBT,US,2026-01
US213248BH92,US213248BH92,213248BH9,COOK CNTY IL SALES TAX REVENUE,,DBT,US,2026-01
US213248FW24,US213248FW24,213248FW2,COOK CNTY IL SALES TAX REVENUE,,DBT,US,2026-01
US2174894Z31,US2174894Z31,2174894Z3,COPPELL TX INDEP SCH DIST,,DBT,US,2026-02
US21925DAB55,US21925DAB55,21925DAB5,CORNERSTONE BUILDING,,DBT,US,2026-01
US22208WAA18,US22208WAA18,22208WAA1,COUGAR JV SUBSIDIARY LLC,,DBT,US,2026-03
US222793AC56,US222793AC56,222793AC5,COUSINS PROPERTIES LP,,DBT,US,2026-01
US12657NAA81,US12657NAA81,12657NAA8,CQP HOLDCO LP/BIP-V CHIN,,DBT,US,2026-01
US12657NAB64,US12657NAB64,12657NAB6,CQP HOLDCO LP/BIP-V CHIN,,DBT,US,2026-02
US225310AM36,US225310AM36,225310AM3,CREDIT ACCEPTANC,,DBT,US,2026-03
US225310AQ40,US225310AQ40,225310AQ4,CREDIT ACCEPTANC,,DBT,US,2026-01
US225310AS06,US225310AS06,225310AS0,CREDIT ACCEPTANC,,DBT,US,2026-01
US22757VAA89,US22757VAA89,22757VAA8,CROSSCOUNTRY INTER,,DBT,US,2026-01
US22757VAB62,US22757VAB62,22757VAB6,CROSSCOUNTRY INTER,,DBT,US,2026-01
US228130MV90,US228130MV90,228130MV9,CROWLEY TX INDEP SCH DIST,,DBT,US,2026-01
US22819KAB61,US22819KAB61,22819KAB6,CROWN AMER/CAP CORP V,,DBT,US,2026-01
CUSIP:22823QDE8,,22823QDE8,CROWN CASTLE INTERNATIONAL CORP (CCI),,DBT,US,2026-03
CUSIP:22823QDG3,,22823QDG3,CROWN CASTLE INTERNATIONAL CORP (CCI),,DBT,US,2026-03
US228485LP17,US228485LP17,228485LP1,CROWN POINT IN MULTI-SCH BLDGC,,DBT,US,2026-02
US230614TH27,US230614TH27,230614TH2,CUMBERLAND CNTY PA MUNI AUTH,,DBT,US,2026-01
US23166MAA18,US23166MAA18,23166MAA1,CUSHMAN & WAKEFIELD US,,DBT,US,2026-01
US23166MAC73,US23166MAC73,23166MAC7,CUSHMAN & WAKEFIELD US,,DBT,US,2026-01
US12663QAC96,US12663QAC96,12663QAC9,CVR PARTNERS/CVR NITROGE,,DBT,US,2026-01
US130178JD98,US130178JD98,130178JD9,California Educational Facilities Authority,,DBT,US,2025-11
US130179FV16,US130179FV16,130179FV1,California Educational Facilities Authority,,DBT,US,2025-11
US130179SD70,US130179SD70,130179SD7,California Educational Facilities Authority,,DBT,US,2025-11
US130179XB59,US130179XB59,130179XB5,California Educational Facilities Authority,,DBT,US,2025-11
US130179XC33,US130179XC33,130179XC3,California Educational Facilities Authority,,DBT,US,2025-11
US130179YE89,US130179YE89,130179YE8,California Educational Facilities Authority,,DBT,US,2025-11
US13033WLA98,US13033WLA98,13033WLA9,California Infrastructure & Economic Development Bank,,DBT,US,2025-11
US13033WLB71,US13033WLB71,13033WLB7,California Infrastructure & Economic Development Bank,,DBT,US,2025-11
US13033WLC54,US13033WLC54,13033WLC5,California Infrastructure & Economic Development Bank,,DBT,US,2025-11
US13034A2J85,US13034A2J85,13034A2J8,California Infrastructure & Economic Development Bank,,DBT,US,2025-11
US13034A2P46,US13034A2P46,13034A2P4,California Infrastructure & Economic Development Bank,,DBT,US,2025-11
US13034A4Z00,US13034A4Z00,13034A4Z0,California Infrastructure & Economic Development Bank,,DBT,US,2025-11
US13034A5B23,US13034A5B23,13034A5B2,California Infrastructure & Economic Development Bank,,DBT,US,2025-11
US13034A6Y17,US13034A6Y17,13034A6Y1,California Infrastructure & Economic Development Bank,,DBT,US,2025-11
US13034A7B05,US13034A7B05,13034A7B0,California Infrastructure & Economic Development Bank,,DBT,US,2025-11
US13034A7C87,US13034A7C87,13034A7C8,California Infrastructure & Economic Development Bank,,DBT,US,2025-11
US13034AMA50,US13034AMA50,13034AMA5,California Infrastructure & Economic Development Bank,,DBT,US,2025-11
US13034AMB34,US13034AMB34,13034AMB3,California Infrastructure & Economic Development Bank,,DBT,US,2025-11
US13034ATW08,US13034ATW08,13034ATW0,California Infrastructure & Economic Development Bank,,DBT,US,2025-11
US13034AY798,US13034AY798,13034AY79,California Infrastructure & Economic Development Bank,,DBT,US,2025-11
US13034AYN44,US13034AYN44,13034AYN4,California Infrastructure & Economic Development Bank,,DBT,US,2025-11
US13034AZ522,US13034AZ522,13034AZ52,California Infrastructure & Economic Development Bank,,DBT,US,2025-11
US13034AZB96,US13034AZB96,13034AZB9,California Infrastructure & Economic Development Bank,,DBT,US,2025-11
US13034RAT05,US13034RAT05,13034RAT0,California Infrastructure & Economic Development Bank,,DBT,US,2025-11
US13034RAU77,US13034RAU77,13034RAU7,California Infrastructure & Economic Development Bank,,DBT,US,2025-11
US13048T8B20,US13048T8B20,13048T8B2,California Municipal Finance Authority,,DBT,US,2025-11
US13049UCY38,US13049UCY38,13049UCY3,California Municipal Finance Authority,,DBT,US,2025-11
US13058RAU86,US13058RAU86,13058RAU8,California School Facilities Financing Authority,,DBT,US,2025-11
US13068L4P72,US13068L4P72,13068L4P7,California State Public Works Board,,DBT,US,2025-11
US13068L7Y52,US13068L7Y52,13068L7Y5,California State Public Works Board,,DBT,US,2025-11
US13068L8A67,US13068L8A67,13068L8A6,California State Public Works Board,,DBT,US,2025-11
US13068LN762,US13068LN762,13068LN76,California State Public Works Board,,DBT,US,2025-11
US13068LVM44,US13068LVM44,13068LVM4,California State Public Works Board,,DBT,US,2025-11
US13068LZA69,US13068LZA69,13068LZA6,California State Public Works Board,,DBT,US,2025-11
US13068LZB43,US13068LZB43,13068LZB4,California State Public Works Board,,DBT,US,2025-11
US13068LZR94,US13068LZR94,13068LZR9,California State Public Works Board,,DBT,US,2025-11
US13068LZS77,US13068LZS77,13068LZS7,California State Public Works Board,,DBT,US,2025-11
US13068XBS71,US13068XBS71,13068XBS7,California State Public Works Board,,DBT,US,2025-11
US13068XBT54,US13068XBT54,13068XBT5,California State Public Works Board,,DBT,US,2025-11
US13068XBX66,US13068XBX66,13068XBX6,California State Public Works Board,,DBT,US,2025-11
US13068XCB38,US13068XCB38,13068XCB3,California State Public Works Board,,DBT,US,2025-11
US13068XCJ63,US13068XCJ63,13068XCJ6,California State Public Works Board,,DBT,US,2025-11
US13068XCW74,US13068XCW74,13068XCW7,California State Public Works Board,,DBT,US,2025-11
US13068XDE67,US13068XDE67,13068XDE6,California State Public Works Board,,DBT,US,2025-11
US13068XGX12,US13068XGX12,13068XGX1,California State Public Works Board,,DBT,US,2025-11
US13068XHD49,US13068XHD49,13068XHD4,California State Public Works Board,,DBT,US,2025-11
US13068XHE22,US13068XHE22,13068XHE2,California State Public Works Board,,DBT,US,2025-11
US13068XHH52,US13068XHH52,13068XHH5,California State Public Works Board,,DBT,US,2025-11
US13068XHJ19,US13068XHJ19,13068XHJ1,California State Public Works Board,,DBT,US,2025-11
US13068XJK63,US13068XJK63,13068XJK6,California State Public Works Board,,DBT,US,2025-11
US13068XJR17,US13068XJR17,13068XJR1,California State Public Works Board,,DBT,US,2025-11
US13068XKV00,US13068XKV00,13068XKV0,California State Public Works Board,,DBT,US,2025-11
US13068XLB37,US13068XLB37,13068XLB3,California State Public Works Board,,DBT,US,2025-11
US13068XLC10,US13068XLC10,13068XLC1,California State Public Works Board,,DBT,US,2025-11
US13068XLD92,US13068XLD92,13068XLD9,California State Public Works Board,,DBT,US,2025-11
US13068XLF41,US13068XLF41,13068XLF4,California State Public Works Board,,DBT,US,2025-11
US13068XPR43,US13068XPR43,13068XPR4,California State Public Works Board,,DBT,US,2025-11
US13068XQV46,US13068XQV46,13068XQV4,California State Public Works Board,,DBT,US,2025-11
US13068XRA99,US13068XRA99,13068XRA9,California State Public Works Board,,DBT,US,2025-11
US13068XRL54,US13068XRL54,13068XRL5,California State Public Works Board,,DBT,US,2025-11
US13068XRM38,US13068XRM38,13068XRM3,California State Public Works Board,,DBT,US,2025-11
US13068XRN11,US13068XRN11,13068XRN1,California State Public Works Board,,DBT,US,2025-11
US13077C3N26,US13077C3N26,13077C3N2,California State University,,DBT,US,2025-11
US13077C3P73,US13077C3P73,13077C3P7,California State University,,DBT,US,2025-11
US13077C3R30,US13077C3R30,13077C3R3,California State University,,DBT,US,2025-11
US13077C3S13,US13077C3S13,13077C3S1,California State University,,DBT,US,2025-11
US13077C3U68,US13077C3U68,13077C3U6,California State University,,DBT,US,2025-11
US13077C4B78,US13077C4B78,13077C4B7,California State University,,DBT,US,2025-11
US13077C4E18,US13077C4E18,13077C4E1,California State University,,DBT,US,2025-11
US13077C4H49,US13077C4H49,13077C4H4,California State University,,DBT,US,2025-11
US13077DAQ51,US13077DAQ51,13077DAQ5,California State University,,DBT,US,2025-11
US13077DAV47,US13077DAV47,13077DAV4,California State University,,DBT,US,2025-11
US13077DAY85,US13077DAY85,13077DAY8,California State University,,DBT,US,2025-11
US13077DEX66,US13077DEX66,13077DEX6,California State University,,DBT,US,2025-11
US13077DEY40,US13077DEY40,13077DEY4,California State University,,DBT,US,2025-11
US13077DHE58,US13077DHE58,13077DHE5,California State University,,DBT,US,2025-11
US13077DHF24,US13077DHF24,13077DHF2,California State University,,DBT,US,2025-11
US13077DMB54,US13077DMB54,13077DMB5,California State University,,DBT,US,2025-11
US13077DMD11,US13077DMD11,13077DMD1,California State University,,DBT,US,2025-11
US13077DMF68,US13077DMF68,13077DMF6,California State University,,DBT,US,2025-11
US13077DSX11,US13077DSX11,13077DSX1,California State University,,DBT,US,2025-11
US13077DUT70,US13077DUT70,13077DUT7,California State University,,DBT,US,2025-11
US13077DWF58,US13077DWF58,13077DWF5,California State University,,DBT,US,2025-11
US13077DXX55,US13077DXX55,13077DXX5,California State University,,DBT,US,2025-11
US13077DXY39,US13077DXY39,13077DXY3,California State University,,DBT,US,2025-11
US13077DXZ04,US13077DXZ04,13077DXZ0,California State University,,DBT,US,2025-11
US13077DYC00,US13077DYC00,13077DYC0,California State University,,DBT,US,2025-11
US13077DYD82,US13077DYD82,13077DYD8,California State University,,DBT,US,2025-11
US13078RHE36,US13078RHE36,13078RHE3,California Statewide Communities Development Authority,,DBT,US,2025-11
US134159YR72,US134159YR72,134159YR7,Campbell Union High School District,,DBT,US,2025-11
US134141ZG83,US134141ZG83,134141ZG8,Campbell Union School District,,DBT,US,2025-11
US138735ZS74,US138735ZS74,138735ZS7,Canutillo Independent School District,,DBT,US,2025-11
US145628V429,US145628V429,145628V42,Carrollton-Farmers Branch Independent School District,,DBT,US,2025-11
US145628V676,US145628V676,145628V67,Carrollton-Farmers Branch Independent School District,,DBT,US,2025-11
US145628V759,US145628V759,145628V75,Carrollton-Farmers Branch Independent School District,,DBT,US,2025-11
US1504294B18,US1504294B18,1504294B1,Cedar Hill Independent School District,,DBT,US,2025-11
US153476BF20,US153476BF20,153476BF2,Central Florida Expressway Authority,,DBT,US,2025-11
US153476BH85,US153476BH85,153476BH8,Central Florida Expressway Authority,,DBT,US,2025-11
US153476BL97,US153476BL97,153476BL9,Central Florida Expressway Authority,,DBT,US,2025-11
US153476BP02,US153476BP02,153476BP0,Central Florida Expressway Authority,,DBT,US,2025-11
US153476BW52,US153476BW52,153476BW5,Central Florida Expressway Authority,,DBT,US,2025-11
US153476CZ74,US153476CZ74,153476CZ7,Central Florida Expressway Authority,,DBT,US,2025-11
US153476DA15,US153476DA15,153476DA1,Central Florida Expressway Authority,,DBT,US,2025-11
US153476DC70,US153476DC70,153476DC7,Central Florida Expressway Authority,,DBT,US,2025-11
US153476ED45,US153476ED45,153476ED4,Central Florida Expressway Authority,,DBT,US,2025-11
US153476EE28,US153476EE28,153476EE2,Central Florida Expressway Authority,,DBT,US,2025-11
US153476EF92,US153476EF92,153476EF9,Central Florida Expressway Authority,,DBT,US,2025-11
US153476EH58,US153476EH58,153476EH5,Central Florida Expressway Authority,,DBT,US,2025-11
US153476GD27,US153476GD27,153476GD2,Central Florida Expressway Authority,,DBT,US,2025-11
US153476GE00,US153476GE00,153476GE0,Central Florida Expressway Authority,,DBT,US,2025-11
US153476GK69,US153476GK69,153476GK6,Central Florida Expressway Authority,,DBT,US,2025-11
US153476GL43,US153476GL43,153476GL4,Central Florida Expressway Authority,,DBT,US,2025-11
US153476GM26,US153476GM26,153476GM2,Central Florida Expressway Authority,,DBT,US,2025-11
US153476GP56,US153476GP56,153476GP5,Central Florida Expressway Authority,,DBT,US,2025-11
US153476GR13,US153476GR13,153476GR1,Central Florida Expressway Authority,,DBT,US,2025-11
US153476GU42,US153476GU42,153476GU4,Central Florida Expressway Authority,,DBT,US,2025-11
US153476GV25,US153476GV25,153476GV2,Central Florida Expressway Authority,,DBT,US,2025-11
US153476GX80,US153476GX80,153476GX8,Central Florida Expressway Authority,,DBT,US,2025-11
US153476JG21,US153476JG21,153476JG2,Central Florida Expressway Authority,,DBT,US,2025-11
US153476JH04,US153476JH04,153476JH0,Central Florida Expressway Authority,,DBT,US,2025-11
US153476JP20,US153476JP20,153476JP2,Central Florida Expressway Authority,,DBT,US,2025-11
US153476JS68,US153476JS68,153476JS6,Central Florida Expressway Authority,,DBT,US,2025-11
US153476JY37,US153476JY37,153476JY3,Central Florida Expressway Authority,,DBT,US,2025-11
US153476JZ02,US153476JZ02,153476JZ0,Central Florida Expressway Authority,,DBT,US,2025-11
US153476KA32,US153476KA32,153476KA3,Central Florida Expressway Authority,,DBT,US,2025-11
US155048DS76,US155048DS76,155048DS7,Central Puget Sound Regional Transit Authority,,DBT,US,2025-11
US155048DT59,US155048DT59,155048DT5,Central Puget Sound Regional Transit Authority,,DBT,US,2025-11
US155048EB33,US155048EB33,155048EB3,Central Puget Sound Regional Transit Authority,,DBT,US,2025-11
US155498KP26,US155498KP26,155498KP2,Central Texas Regional Mobility Authority,,DBT,US,2025-11
US155498LW67,US155498LW67,155498LW6,Central Texas Regional Mobility Authority,,DBT,US,2025-11
US155498LX41,US155498LX41,155498LX4,Central Texas Regional Mobility Authority,,DBT,US,2025-11
US882762AT48,US882762AT48,882762AT4,Central Texas Turnpike System,,DBT,US,2025-11
US882762FC67,US882762FC67,882762FC6,Central Texas Turnpike System,,DBT,US,2025-11
US88283KBH05,US88283KBH05,88283KBH0,Central Texas Turnpike System,,DBT,US,2025-11
US88283KBJ60,US88283KBJ60,88283KBJ6,Central Texas Turnpike System,,DBT,US,2025-11
US88283KBS69,US88283KBS69,88283KBS6,Central Texas Turnpike System,,DBT,US,2025-11
US88283KBU16,US88283KBU16,88283KBU1,Central Texas Turnpike System,,DBT,US,2025-11
US88283KBV98,US88283KBV98,88283KBV9,Central Texas Turnpike System,,DBT,US,2025-11
US88283KBW71,US88283KBW71,88283KBW7,Central Texas Turnpike System,,DBT,US,2025-11
US88283KBZ03,US88283KBZ03,88283KBZ0,Central Texas Turnpike System,,DBT,US,2025-11
US88283KCD81,US88283KCD81,88283KCD8,Central Texas Turnpike System,,DBT,US,2025-11
US88283KCF30,US88283KCF30,88283KCF3,Central Texas Turnpike System,,DBT,US,2025-11
US88283KCH95,US88283KCH95,88283KCH9,Central Texas Turnpike System,,DBT,US,2025-11
US155796BS31,US155796BS31,155796BS3,Central Valley Water Reclamation Facility,,DBT,US,2025-11
US156792KD47,US156792KD47,156792KD4,Cerritos Community College District,,DBT,US,2026-02
US15722TGL98,US15722TGL98,15722TGL9,Chabot-Las Positas Community College District,,DBT,US,2025-11
US15722TGN54,US15722TGN54,15722TGN5,Chabot-Las Positas Community College District,,DBT,US,2025-11
US15722TGQ85,US15722TGQ85,15722TGQ8,Chabot-Las Positas Community College District,,DBT,US,2025-11
US15722THN46,US15722THN46,15722THN4,Chabot-Las Positas Community College District,,DBT,US,2025-11
US15722TKU42,US15722TKU42,15722TKU4,Chabot-Las Positas Community College District,,DBT,US,2025-11
US157432LD57,US157432LD57,157432LD5,Chaffey Community College District,,DBT,US,2025-11
US157411QK82,US157411QK82,157411QK8,Chaffey Joint Union High School District,,DBT,US,2025-11
US157411RH45,US157411RH45,157411RH4,Chaffey Joint Union High School District,,DBT,US,2025-11
US157411WD75,US157411WD75,157411WD7,Chaffey Joint Union High School District,,DBT,US,2025-11
US160070FD56,US160070FD56,160070FD5,Charleston County Airport District,,DBT,US,2025-11
US160070FE30,US160070FE30,160070FE3,Charleston County Airport District,,DBT,US,2025-11
US16514PAC32,US16514PAC32,16514PAC3,Chesapeake Bay Bridge & Tunnel District,,DBT,US,2025-11
US16514PAD15,US16514PAD15,16514PAD1,Chesapeake Bay Bridge & Tunnel District,,DBT,US,2025-11
US16514PAE97,US16514PAE97,16514PAE9,Chesapeake Bay Bridge & Tunnel District,,DBT,US,2025-11
US16639EBX13,US16639EBX13,16639EBX1,Chesterfield County Economic Development Authority,,DBT,US,2025-11
US167510AA40,US167510AA40,167510AA4,Chicago Board of Education Dedicated Capital Improvement Tax,,DBT,US,2025-11
US167510AC06,US167510AC06,167510AC0,Chicago Board of Education Dedicated Capital Improvement Tax,,DBT,US,2025-11
US167562QX83,US167562QX83,167562QX8,Chicago Midway International Airport,,DBT,US,2025-11
US167562ST53,US167562ST53,167562ST5,Chicago Midway International Airport,,DBT,US,2025-11
US167562SU27,US167562SU27,167562SU2,Chicago Midway International Airport,,DBT,US,2025-11
US167562VP94,US167562VP94,167562VP9,Chicago Midway International Airport,,DBT,US,2025-11
US167562VQ77,US167562VQ77,167562VQ7,Chicago Midway International Airport,,DBT,US,2025-11
US167562VR50,US167562VR50,167562VR5,Chicago Midway International Airport,,DBT,US,2025-11
US167562VS34,US167562VS34,167562VS3,Chicago Midway International Airport,,DBT,US,2025-11
US167562VT17,US167562VT17,167562VT1,Chicago Midway International Airport,,DBT,US,2025-11
US167591BK15,US167591BK15,167591BK1,Chicago O'Hare International Airport,,DBT,US,2026-02
US167591BL97,US167591BL97,167591BL9,Chicago O'Hare International Airport,,DBT,US,2026-02
US167591BM70,US167591BM70,167591BM7,Chicago O'Hare International Airport,,DBT,US,2026-02
US167591BN53,US167591BN53,167591BN5,Chicago O'Hare International Airport,,DBT,US,2026-02
US167591BP02,US167591BP02,167591BP0,Chicago O'Hare International Airport,,DBT,US,2026-02
US167591BR67,US167591BR67,167591BR6,Chicago O'Hare International Airport,,DBT,US,2026-02
US167591BS41,US167591BS41,167591BS4,Chicago O'Hare International Airport,,DBT,US,2026-02
US167591BZ83,US167591BZ83,167591BZ8,Chicago O'Hare International Airport,,DBT,US,2026-02
US167591CB07,US167591CB07,167591CB0,Chicago O'Hare International Airport,,DBT,US,2026-02
US167591CC89,US167591CC89,167591CC8,Chicago O'Hare International Airport,,DBT,US,2026-02
US167591CD62,US167591CD62,167591CD6,Chicago O'Hare International Airport,,DBT,US,2026-02
US1675933D29,US1675933D29,1675933D2,Chicago O'Hare International Airport,,DBT,US,2025-11
US1675933F76,US1675933F76,1675933F7,Chicago O'Hare International Airport,,DBT,US,2025-11
US1675935D01,US1675935D01,1675935D0,Chicago O'Hare International Airport,,DBT,US,2025-11
US1675936G23,US1675936G23,1675936G2,Chicago O'Hare International Airport,,DBT,US,2025-11
US1675936M90,US1675936M90,1675936M9,Chicago O'Hare International Airport,,DBT,US,2025-11
US1675936N73,US1675936N73,1675936N7,Chicago O'Hare International Airport,,DBT,US,2025-11
US1675938J44,US1675938J44,1675938J4,Chicago O'Hare International Airport,,DBT,US,2025-11
US1675938K17,US1675938K17,1675938K1,Chicago O'Hare International Airport,,DBT,US,2025-11
US167593A364,US167593A364,167593A36,Chicago O'Hare International Airport,,DBT,US,2025-11
US167593A448,US167593A448,167593A44,Chicago O'Hare International Airport,,DBT,US,2025-11
US167593A513,US167593A513,167593A51,Chicago O'Hare International Airport,,DBT,US,2025-11
US167593A695,US167593A695,167593A69,Chicago O'Hare International Airport,,DBT,US,2025-11
US167593A778,US167593A778,167593A77,Chicago O'Hare International Airport,,DBT,US,2025-11
US167593A851,US167593A851,167593A85,Chicago O'Hare International Airport,,DBT,US,2025-11
US167593M419,US167593M419,167593M41,Chicago O'Hare International Airport,,DBT,US,2025-11
US167593M666,US167593M666,167593M66,Chicago O'Hare International Airport,,DBT,US,2025-11
US167593M740,US167593M740,167593M74,Chicago O'Hare International Airport,,DBT,US,2025-11
US167593N813,US167593N813,167593N81,Chicago O'Hare International Airport,,DBT,US,2025-11
US167593P487,US167593P487,167593P48,Chicago O'Hare International Airport,,DBT,US,2025-11
US167593P552,US167593P552,167593P55,Chicago O'Hare International Airport,,DBT,US,2025-11
US167593P974,US167593P974,167593P97,Chicago O'Hare International Airport,,DBT,US,2025-11
US167593UT78,US167593UT78,167593UT7,Chicago O'Hare International Airport,,DBT,US,2025-11
US167593VM17,US167593VM17,167593VM1,Chicago O'Hare International Airport,,DBT,US,2025-11
US167593VN99,US167593VN99,167593VN9,Chicago O'Hare International Airport,,DBT,US,2025-11
US167593VR04,US167593VR04,167593VR0,Chicago O'Hare International Airport,,DBT,US,2025-11
US167593WK42,US167593WK42,167593WK4,Chicago O'Hare International Airport,,DBT,US,2025-11
US167593WL25,US167593WL25,167593WL2,Chicago O'Hare International Airport,,DBT,US,2025-11
US167593WQ12,US167593WQ12,167593WQ1,Chicago O'Hare International Airport,,DBT,US,2025-11
US167593WR94,US167593WR94,167593WR9,Chicago O'Hare International Airport,,DBT,US,2025-11
US167593WS77,US167593WS77,167593WS7,Chicago O'Hare International Airport,,DBT,US,2025-11
US167593WW89,US167593WW89,167593WW8,Chicago O'Hare International Airport,,DBT,US,2025-11
US167723HD01,US167723HD01,167723HD0,Chicago Transit Authority Capital Grant Receipts,,DBT,US,2025-11
US16772PEK84,US16772PEK84,16772PEK8,Chicago Transit Authority Sales Tax Receipts Fund,,DBT,US,2025-11
US16772PEL67,US16772PEL67,16772PEL6,Chicago Transit Authority Sales Tax Receipts Fund,,DBT,US,2025-11
US16772PEP71,US16772PEP71,16772PEP7,Chicago Transit Authority Sales Tax Receipts Fund,,DBT,US,2025-11
US16772PEV40,US16772PEV40,16772PEV4,Chicago Transit Authority Sales Tax Receipts Fund,,DBT,US,2026-02
US16772PEW23,US16772PEW23,16772PEW2,Chicago Transit Authority Sales Tax Receipts Fund,,DBT,US,2026-02
US16772PFC59,US16772PFC59,16772PFC5,Chicago Transit Authority Sales Tax Receipts Fund,,DBT,US,2026-02
US169583LA78,US169583LA78,169583LA7,Chino Valley Unified School District,,DBT,US,2025-11
US172252A659,US172252A659,172252A65,Cincinnati City School District,,DBT,US,2025-11
US172252B319,US172252B319,172252B31,Cincinnati City School District,,DBT,US,2025-11
US4387015F76,US4387015F76,4387015F7,City & County Honolulu,,DBT,US,2025-11
US4387015G59,US4387015G59,4387015G5,City & County Honolulu,,DBT,US,2025-11
US4387012W37,US4387012W37,4387012W3,City & County Honolulu Wastewater System,,DBT,US,2025-11
US4387012Y92,US4387012Y92,4387012Y9,City & County Honolulu Wastewater System,,DBT,US,2025-11
US4387014B71,US4387014B71,4387014B7,City & County Honolulu Wastewater System,,DBT,US,2025-11
US4387014C54,US4387014C54,4387014C5,City & County Honolulu Wastewater System,,DBT,US,2025-11
US4387014E11,US4387014E11,4387014E1,City & County Honolulu Wastewater System,,DBT,US,2025-11
US4387014F85,US4387014F85,4387014F8,City & County Honolulu Wastewater System,,DBT,US,2025-11
US4387014H42,US4387014H42,4387014H4,City & County Honolulu Wastewater System,,DBT,US,2025-11
US438701P653,US438701P653,438701P65,City & County Honolulu Wastewater System,,DBT,US,2025-11
US438701Q313,US438701Q313,438701Q31,City & County Honolulu Wastewater System,,DBT,US,2025-11
US249164QS62,US249164QS62,249164QS6,City & County of Denver,,DBT,US,2025-11
US249164QV91,US249164QV91,249164QV9,City & County of Denver,,DBT,US,2025-11
US249164QW74,US249164QW74,249164QW7,City & County of Denver,,DBT,US,2025-11
US249164RP15,US249164RP15,249164RP1,City & County of Denver,,DBT,US,2025-11
US24917DAT00,US24917DAT00,24917DAT0,City & County of Denver,,DBT,US,2025-11
US24917DBJ19,US24917DBJ19,24917DBJ1,City & County of Denver,,DBT,US,2025-11
US24917DBU63,US24917DBU63,24917DBU6,City & County of Denver,,DBT,US,2025-11
US24917DCR26,US24917DCR26,24917DCR2,City & County of Denver,,DBT,US,2025-11
US249183YT50,US249183YT50,249183YT5,City & County of Denver,,DBT,US,2025-11
US249182GF75,US249182GF75,249182GF7,City & County of Denver Airport System,,DBT,US,2025-11
US249182GK60,US249182GK60,249182GK6,City & County of Denver Airport System,,DBT,US,2025-11
US249182MR40,US249182MR40,249182MR4,City & County of Denver Airport System,,DBT,US,2025-11
US249182MW35,US249182MW35,249182MW3,City & County of Denver Airport System,,DBT,US,2025-11
US249182RS77,US249182RS77,249182RS7,City & County of Denver Airport System,,DBT,US,2025-11
US249182RT50,US249182RT50,249182RT5,City & County of Denver Airport System,,DBT,US,2025-11
US249182RZ11,US249182RZ11,249182RZ1,City & County of Denver Airport System,,DBT,US,2025-11
US249182TU06,US249182TU06,249182TU0,City & County of Denver Airport System,,DBT,US,2025-11
US249182TY28,US249182TY28,249182TY2,City & County of Denver Airport System,,DBT,US,2025-11
US249182UD61,US249182UD61,249182UD6,City & County of Denver Airport System,,DBT,US,2025-11
US249182UE45,US249182UE45,249182UE4,City & County of Denver Airport System,,DBT,US,2025-11
US249182UH75,US249182UH75,249182UH7,City & County of Denver Airport System,,DBT,US,2025-11
US4386705J61,US4386705J61,4386705J6,City & County of Honolulu,,DBT,US,2025-11
US438687GK51,US438687GK51,438687GK5,City & County of Honolulu,,DBT,US,2025-11
US438687MB88,US438687MB88,438687MB8,City & County of Honolulu,,DBT,US,2025-11
US438687MD45,US438687MD45,438687MD4,City & County of Honolulu,,DBT,US,2025-11
US438687N279,US438687N279,438687N27,City & County of Honolulu,,DBT,US,2025-11
US438687N766,US438687N766,438687N76,City & County of Honolulu,,DBT,US,2025-11
US438687Q819,US438687Q819,438687Q81,City & County of Honolulu,,DBT,US,2025-11
US438687R569,US438687R569,438687R56,City & County of Honolulu,,DBT,US,2025-11
US438687UH66,US438687UH66,438687UH6,City & County of Honolulu,,DBT,US,2025-11
US79773KJE55,US79773KJE55,79773KJE5,City & County of San Francisco,,DBT,US,2025-11
US79773KJF21,US79773KJF21,79773KJF2,City & County of San Francisco,,DBT,US,2025-11
US79773KJG04,US79773KJG04,79773KJG0,City & County of San Francisco,,DBT,US,2025-11
US79773KJH86,US79773KJH86,79773KJH8,City & County of San Francisco,,DBT,US,2025-11
US79773KLX09,US79773KLX09,79773KLX0,City & County of San Francisco,,DBT,US,2025-11
US0153028C90,US0153028C90,0153028C9,City of Alexandria,,DBT,US,2025-11
US015303DS64,US015303DS64,015303DS6,City of Alexandria,,DBT,US,2025-11
US015303DZ08,US015303DZ08,015303DZ0,City of Alexandria,,DBT,US,2025-11
US047772H845,US047772H845,047772H84,City of Atlanta,,DBT,US,2025-11
US047772J668,US047772J668,047772J66,City of Atlanta,,DBT,US,2025-11
US047772J908,US047772J908,047772J90,City of Atlanta,,DBT,US,2025-11
US047772K492,US047772K492,047772K49,City of Atlanta,,DBT,US,2025-11
US04780TDC53,US04780TDC53,04780TDC5,City of Atlanta,,DBT,US,2025-11
US04780TDF84,US04780TDF84,04780TDF8,City of Atlanta,,DBT,US,2025-11
US047773BA37,US047773BA37,047773BA3,City of Atlanta Airport Customer Facility Charge,,DBT,US,2025-11
US04780TEH32,US04780TEH32,04780TEH3,City of Atlanta Airport Passenger Facility Charge,,DBT,US,2025-11
US04780MC988,US04780MC988,04780MC98,City of Atlanta Department of Aviation,,DBT,US,2025-11
US04780MJ678,US04780MJ678,04780MJ67,City of Atlanta Department of Aviation,,DBT,US,2025-11
US04780MJ751,US04780MJ751,04780MJ75,City of Atlanta Department of Aviation,,DBT,US,2025-11
US04780MR689,US04780MR689,04780MR68,City of Atlanta Department of Aviation,,DBT,US,2025-11
US04780MWY10,US04780MWY10,04780MWY1,City of Atlanta Department of Aviation,,DBT,US,2025-11
US04780MXA25,US04780MXA25,04780MXA2,City of Atlanta Department of Aviation,,DBT,US,2025-11
US04780MXB08,US04780MXB08,04780MXB0,City of Atlanta Department of Aviation,,DBT,US,2025-11
US04780MXC80,US04780MXC80,04780MXC8,City of Atlanta Department of Aviation,,DBT,US,2025-11
US047870MW71,US047870MW71,047870MW7,City of Atlanta Water & Wastewater,,DBT,US,2025-11
US047870MZ03,US047870MZ03,047870MZ0,City of Atlanta Water & Wastewater,,DBT,US,2025-11
US047870NA43,US047870NA43,047870NA4,City of Atlanta Water & Wastewater,,DBT,US,2025-11
US047870NE64,US047870NE64,047870NE6,City of Atlanta Water & Wastewater,,DBT,US,2025-11
US047870QT07,US047870QT07,047870QT0,City of Atlanta Water & Wastewater,,DBT,US,2025-11
US047870RK88,US047870RK88,047870RK8,City of Atlanta Water & Wastewater,,DBT,US,2025-11
US047870SQ40,US047870SQ40,047870SQ4,City of Atlanta Water & Wastewater,,DBT,US,2025-11
US047870SR23,US047870SR23,047870SR2,City of Atlanta Water & Wastewater,,DBT,US,2025-11
US047870SU51,US047870SU51,047870SU5,City of Atlanta Water & Wastewater,,DBT,US,2025-11
US047870SV35,US047870SV35,047870SV3,City of Atlanta Water & Wastewater,,DBT,US,2025-11
US047870SW18,US047870SW18,047870SW1,City of Atlanta Water & Wastewater,,DBT,US,2025-11
US051595BC90,US051595BC90,051595BC9,City of Aurora,,DBT,US,2025-11
US0523973C81,US0523973C81,0523973C8,City of Austin,,DBT,US,2025-11
US0523973F13,US0523973F13,0523973F1,City of Austin,,DBT,US,2025-11
US0523973H78,US0523973H78,0523973H7,City of Austin,,DBT,US,2025-11
US0523973J35,US0523973J35,0523973J3,City of Austin,,DBT,US,2025-11
US0523973K08,US0523973K08,0523973K0,City of Austin,,DBT,US,2025-11
US0523973S34,US0523973S34,0523973S3,City of Austin,,DBT,US,2025-11
US0523973T17,US0523973T17,0523973T1,City of Austin,,DBT,US,2025-11
US0523973U89,US0523973U89,0523973U8,City of Austin,,DBT,US,2025-11
US0523975C63,US0523975C63,0523975C6,City of Austin,,DBT,US,2025-11
US0523975F94,US0523975F94,0523975F9,City of Austin,,DBT,US,2025-11
US0523975G77,US0523975G77,0523975G7,City of Austin,,DBT,US,2025-11
US0523975H50,US0523975H50,0523975H5,City of Austin,,DBT,US,2025-11
US052397Q901,US052397Q901,052397Q90,City of Austin,,DBT,US,2025-11
US052397R321,US052397R321,052397R32,City of Austin,,DBT,US,2025-11
US052397VG82,US052397VG82,052397VG8,City of Austin,,DBT,US,2025-11
US052414PU73,US052414PU73,052414PU7,City of Austin Electric Utility,,DBT,US,2025-11
US052414SS90,US052414SS90,052414SS9,City of Austin Electric Utility,,DBT,US,2025-11
US052414UE76,US052414UE76,052414UE7,City of Austin Electric Utility,,DBT,US,2025-11
US052414WP06,US052414WP06,052414WP0,City of Austin Electric Utility,,DBT,US,2025-11
US052414WQ88,US052414WQ88,052414WQ8,City of Austin Electric Utility,,DBT,US,2025-11
US052414XG97,US052414XG97,052414XG9,City of Austin Electric Utility,,DBT,US,2025-11
US052414XH70,US052414XH70,052414XH7,City of Austin Electric Utility,,DBT,US,2025-11
US052414XQ79,US052414XQ79,052414XQ7,City of Austin Electric Utility,,DBT,US,2025-11
US052414XP96,US052414XP96,052414XP9,City of Austin Electric Utility Revenue,,DBT,US,2026-02
US052476U970,US052476U970,052476U97,City of Austin Water & Wastewater System,,DBT,US,2025-11
US052477EK80,US052477EK80,052477EK8,City of Austin Water & Wastewater System,,DBT,US,2025-11
US052477EL63,US052477EL63,052477EL6,City of Austin Water & Wastewater System,,DBT,US,2025-11
US052477MU70,US052477MU70,052477MU7,City of Austin Water & Wastewater System,,DBT,US,2025-11
US052477QC37,US052477QC37,052477QC3,City of Austin Water & Wastewater System,,DBT,US,2025-11
US052477QD10,US052477QD10,052477QD1,City of Austin Water & Wastewater System,,DBT,US,2025-11
US052477QE92,US052477QE92,052477QE9,City of Austin Water & Wastewater System,,DBT,US,2025-11
US052477QF67,US052477QF67,052477QF6,City of Austin Water & Wastewater System,,DBT,US,2025-11
US052477YF75,US052477YF75,052477YF7,City of Austin Water & Wastewater System,,DBT,US,2025-11
US052477YS96,US052477YS96,052477YS9,City of Austin Water & Wastewater System,,DBT,US,2025-11
US05922KB734,US05922KB734,05922KB73,City of Baltimore,,DBT,US,2025-11
US05922KYU77,US05922KYU77,05922KYU7,City of Baltimore,,DBT,US,2025-11
US100853H607,US100853H607,100853H60,City of Boston,,DBT,US,2025-11
US100853L815,US100853L815,100853L81,City of Boston,,DBT,US,2025-11
US100853M490,US100853M490,100853M49,City of Boston,,DBT,US,2025-11
US100853M649,US100853M649,100853M64,City of Boston,,DBT,US,2025-11
US100853M722,US100853M722,100853M72,City of Boston,,DBT,US,2025-11
US100853N308,US100853N308,100853N30,City of Boston,,DBT,US,2025-11
US100853N480,US100853N480,100853N48,City of Boston,,DBT,US,2025-11
US146501RY97,US146501RY97,146501RY9,City of Cartersville GA Water & Sewer Revenue,,DBT,US,2026-02
US161036VM72,US161036VM72,161036VM7,City of Charlotte,,DBT,US,2025-11
US161036VN55,US161036VN55,161036VN5,City of Charlotte,,DBT,US,2025-11
US161045QL61,US161045QL61,161045QL6,City of Charlotte,,DBT,US,2025-11
US161045SX81,US161045SX81,161045SX8,City of Charlotte Water & Sewer System,,DBT,US,2025-11
US161045SY64,US161045SY64,161045SY6,City of Charlotte Water & Sewer System,,DBT,US,2025-11
US161045SZ30,US161045SZ30,161045SZ3,City of Charlotte Water & Sewer System,,DBT,US,2025-11
US161045TD19,US161045TD19,161045TD1,City of Charlotte Water & Sewer System,,DBT,US,2025-11
US161045TE91,US161045TE91,161045TE9,City of Charlotte Water & Sewer System,,DBT,US,2025-11
US162393GV83,US162393GV83,162393GV8,City of Chattanooga,,DBT,US,2025-11
US167486E215,US167486E215,167486E21,City of Chicago,,DBT,US,2025-11
US167486E397,US167486E397,167486E39,City of Chicago,,DBT,US,2025-11
US167486G293,US167486G293,167486G29,City of Chicago,,DBT,US,2025-11
US167486G376,US167486G376,167486G37,City of Chicago,,DBT,US,2025-11
US167486M226,US167486M226,167486M22,City of Chicago,,DBT,US,2025-11
US167486M481,US167486M481,167486M48,City of Chicago,,DBT,US,2025-11
US167486N968,US167486N968,167486N96,City of Chicago,,DBT,US,2025-11
US167486P526,US167486P526,167486P52,City of Chicago,,DBT,US,2025-11
US167486S835,US167486S835,167486S83,City of Chicago,,DBT,US,2025-11
US167486S918,US167486S918,167486S91,City of Chicago,,DBT,US,2025-11
US167486T338,US167486T338,167486T33,City of Chicago,,DBT,US,2025-11
US167486T668,US167486T668,167486T66,City of Chicago,,DBT,US,2025-11
US167486T825,US167486T825,167486T82,City of Chicago,,DBT,US,2025-11
US167486T908,US167486T908,167486T90,City of Chicago,,DBT,US,2025-11
US167486U724,US167486U724,167486U72,City of Chicago,,DBT,US,2025-11
US167486V714,US167486V714,167486V71,City of Chicago,,DBT,US,2025-11
US167486Z442,US167486Z442,167486Z44,City of Chicago,,DBT,US,2026-02
US167486Z517,US167486Z517,167486Z51,City of Chicago,,DBT,US,2026-02
US167736W371,US167736W371,167736W37,City of Chicago Waterworks,,DBT,US,2025-11
US167736Z267,US167736Z267,167736Z26,City of Chicago Waterworks,,DBT,US,2025-11
US182618PQ52,US182618PQ52,182618PQ5,City of Clarksville,,DBT,US,2025-11
US186352TQ34,US186352TQ34,186352TQ3,City of Cleveland,,DBT,US,2025-11
US186352TR17,US186352TR17,186352TR1,City of Cleveland,,DBT,US,2025-11
US1966326N82,US1966326N82,1966326N8,City of Colorado Springs Utilities System,,DBT,US,2025-11
US1966326P31,US1966326P31,1966326P3,City of Colorado Springs Utilities System,,DBT,US,2025-11
US1966327U17,US1966327U17,1966327U1,City of Colorado Springs Utilities System,,DBT,US,2025-11
US1966327V99,US1966327V99,1966327V9,City of Colorado Springs Utilities System,,DBT,US,2025-11
US1966327W72,US1966327W72,1966327W7,City of Colorado Springs Utilities System,,DBT,US,2025-11
US1966327X55,US1966327X55,1966327X5,City of Colorado Springs Utilities System,,DBT,US,2025-11
US1966327Y39,US1966327Y39,1966327Y3,City of Colorado Springs Utilities System,,DBT,US,2025-11
US1966328H96,US1966328H96,1966328H9,City of Colorado Springs Utilities System,,DBT,US,2025-11
US198504ZV72,US198504ZV72,198504ZV7,City of Columbia,,DBT,US,2025-11
US1994922U26,US1994922U26,1994922U2,City of Columbus,,DBT,US,2025-11
US1994927E39,US1994927E39,1994927E3,City of Columbus,,DBT,US,2025-11
US1994927F04,US1994927F04,1994927F0,City of Columbus,,DBT,US,2025-11
US1994927G86,US1994927G86,1994927G8,City of Columbus,,DBT,US,2025-11
US1994927H69,US1994927H69,1994927H6,City of Columbus,,DBT,US,2025-11
US1994927J26,US1994927J26,1994927J2,City of Columbus,,DBT,US,2025-11
US1994927K98,US1994927K98,1994927K9,City of Columbus,,DBT,US,2025-11
US199492PT05,US199492PT05,199492PT0,City of Columbus,,DBT,US,2025-11
US199492SQ39,US199492SQ39,199492SQ3,City of Columbus,,DBT,US,2025-11
US199492VW69,US199492VW69,199492VW6,City of Columbus,,DBT,US,2025-11
US199492WA31,US199492WA31,199492WA3,City of Columbus,,DBT,US,2025-11
US199561GR61,US199561GR61,199561GR6,City of Columbus,,DBT,US,2025-11
US199561GS45,US199561GS45,199561GS4,City of Columbus,,DBT,US,2025-11
US2202452L71,US2202452L71,2202452L7,City of Corpus Christi Utility System,,DBT,US,2025-11
US235219WB42,US235219WB42,235219WB4,City of Dallas,,DBT,US,2025-11
US235219XM97,US235219XM97,235219XM9,City of Dallas,,DBT,US,2025-11
US235219YD89,US235219YD89,235219YD8,City of Dallas,,DBT,US,2025-11
US235219YE62,US235219YE62,235219YE6,City of Dallas,,DBT,US,2025-11
US235219YF38,US235219YF38,235219YF3,City of Dallas,,DBT,US,2025-11
US235219YJ59,US235219YJ59,235219YJ5,City of Dallas,,DBT,US,2025-11
US235219YS58,US235219YS58,235219YS5,City of Dallas,,DBT,US,2025-11
US2354166M19,US2354166M19,2354166M1,City of Dallas,,DBT,US,2025-11
US23542JAN54,US23542JAN54,23542JAN5,City of Dallas,,DBT,US,2025-11
US23542JAP03,US23542JAP03,23542JAP0,City of Dallas,,DBT,US,2025-11
US23542JAQ85,US23542JAQ85,23542JAQ8,City of Dallas,,DBT,US,2025-11
US23542JAR68,US23542JAR68,23542JAR6,City of Dallas,,DBT,US,2025-11
US23542JBA25,US23542JBA25,23542JBA2,City of Dallas,,DBT,US,2025-11
US23542JSB25,US23542JSB25,23542JSB2,City of Dallas,,DBT,US,2025-11
US23542JSC08,US23542JSC08,23542JSC0,City of Dallas,,DBT,US,2025-11
US23542JVK86,US23542JVK86,23542JVK8,City of Dallas,,DBT,US,2025-11
US283822ZX59,US283822ZX59,283822ZX5,City of El Paso,,DBT,US,2025-11
US312805NQ35,US312805NQ35,312805NQ3,City of Fayetteville,,DBT,US,2025-11
US312805NS90,US312805NS90,312805NS9,City of Fayetteville,,DBT,US,2025-11
US312805QM93,US312805QM93,312805QM9,City of Fayetteville,,DBT,US,2025-11
US347658ZY50,US347658ZY50,347658ZY5,City of Fort Lauderdale,,DBT,US,2025-11
US362848UK77,US362848UK77,362848UK7,City of Gainesville,,DBT,US,2025-11
US362848UB78,US362848UB78,362848UB7,City of Gainesville Utilities System,,DBT,US,2025-11
US362848VH30,US362848VH30,362848VH3,City of Gainesville Utilities System,,DBT,US,2025-11
US362848VK68,US362848VK68,362848VK6,City of Gainesville Utilities System,,DBT,US,2025-11
US366133NA08,US366133NA08,366133NA0,City of Garland,,DBT,US,2025-11
US366133NB80,US366133NB80,366133NB8,City of Garland,,DBT,US,2025-11
US366133UH77,US366133UH77,366133UH7,City of Garland Electric Utility System,,DBT,US,2025-11
US378406RY01,US378406RY01,378406RY0,City of Glendale,,DBT,US,2025-11
US378406TC62,US378406TC62,378406TC6,City of Glendale,,DBT,US,2025-11
US378406TG76,US378406TG76,378406TG7,City of Glendale,,DBT,US,2025-11
US3954604U98,US3954604U98,3954604U9,City of Greensboro,,DBT,US,2025-11
US395468PJ43,US395468PJ43,395468PJ4,City of Greensboro Combined Water & Sewer System,,DBT,US,2025-11
US421296AX28,US421296AX28,421296AX2,City of Hayward,,DBT,US,2025-11
US442331K860,US442331K860,442331K86,City of Houston,,DBT,US,2025-11
US442331U448,US442331U448,442331U44,City of Houston,,DBT,US,2025-11
US442332ED04,US442332ED04,442332ED0,City of Houston,,DBT,US,2025-11
US442332EE86,US442332EE86,442332EE8,City of Houston,,DBT,US,2025-11
US442332FH09,US442332FH09,442332FH0,City of Houston,,DBT,US,2025-11
US442332FJ64,US442332FJ64,442332FJ6,City of Houston,,DBT,US,2025-11
US442332FK38,US442332FK38,442332FK3,City of Houston,,DBT,US,2025-11
US442349BG05,US442349BG05,442349BG0,City of Houston,,DBT,US,2025-11
US442349BH87,US442349BH87,442349BH8,City of Houston,,DBT,US,2025-11
US442349DC72,US442349DC72,442349DC7,City of Houston,,DBT,US,2025-11
US442349DE39,US442349DE39,442349DE3,City of Houston,,DBT,US,2025-11
US4424355Y56,US4424355Y56,4424355Y5,City of Houston Combined Utility System,,DBT,US,2025-11
US44244CA727,US44244CA727,44244CA72,City of Houston Combined Utility System,,DBT,US,2025-11
US44244CA800,US44244CA800,44244CA80,City of Houston Combined Utility System,,DBT,US,2025-11
US44244CA982,US44244CA982,44244CA98,City of Houston Combined Utility System,,DBT,US,2025-11
US44244CGY75,US44244CGY75,44244CGY7,City of Houston Combined Utility System,,DBT,US,2025-11
US44244CNE39,US44244CNE39,44244CNE3,City of Houston Combined Utility System,,DBT,US,2025-11
US44244CS737,US44244CS737,44244CS73,City of Houston Combined Utility System,,DBT,US,2025-11
US44244CT313,US44244CT313,44244CT31,City of Houston Combined Utility System,,DBT,US,2025-11
US44244CT495,US44244CT495,44244CT49,City of Houston Combined Utility System,,DBT,US,2025-11
US44244CU626,US44244CU626,44244CU62,City of Houston Combined Utility System,,DBT,US,2025-11
US44244CWK97,US44244CWK97,44244CWK9,City of Houston Combined Utility System,,DBT,US,2025-11
US44244CXH59,US44244CXH59,44244CXH5,City of Houston Combined Utility System,,DBT,US,2025-11
US455412AK20,US455412AK20,455412AK2,City of Indianapolis Department of Public Utilities Water System,,DBT,US,2025-11
US455412AV84,US455412AV84,455412AV8,City of Indianapolis Department of Public Utilities Water System,,DBT,US,2025-11
US455412BP08,US455412BP08,455412BP0,City of Indianapolis Department of Public Utilities Water System,,DBT,US,2025-11
US455412BR63,US455412BR63,455412BR6,City of Indianapolis Department of Public Utilities Water System,,DBT,US,2025-11
US46360TJP93,US46360TJP93,46360TJP9,City of Irvine,,DBT,US,2025-11
US46360TJQ76,US46360TJQ76,46360TJQ7,City of Irvine,,DBT,US,2025-11
US469487WF55,US469487WF55,469487WF5,City of Jacksonville,,DBT,US,2025-11
US469487WG39,US469487WG39,469487WG3,City of Jacksonville,,DBT,US,2025-11
US469487WM07,US469487WM07,469487WM0,City of Jacksonville,,DBT,US,2025-11
US469487WQ11,US469487WQ11,469487WQ1,City of Jacksonville,,DBT,US,2025-11
US469487XA59,US469487XA59,469487XA5,City of Jacksonville,,DBT,US,2025-11
US479790KX41,US479790KX41,479790KX4,City of Joliet,,DBT,US,2025-11
US485116J246,US485116J246,485116J24,City of Kansas City,,DBT,US,2025-11
US48507THL08,US48507THL08,48507THL0,City of Kansas Sanitary Sewer System,,DBT,US,2025-11
US506498F332,US506498F332,506498F33,City of Lafayette Utilities,,DBT,US,2025-11
US506498F415,US506498F415,506498F41,City of Lafayette Utilities,,DBT,US,2025-11
US542424VE32,US542424VE32,542424VE3,City of Long Beach,,DBT,US,2025-11
US542424VX13,US542424VX13,542424VX1,City of Long Beach,,DBT,US,2025-11
US53945CGT18,US53945CGT18,53945CGT1,City of Los Angeles,,DBT,US,2025-11
US53945CJX92,US53945CJX92,53945CJX9,City of Los Angeles,,DBT,US,2025-11
US53945CKR06,US53945CKR06,53945CKR0,City of Los Angeles,,DBT,US,2025-11
US53945CKS88,US53945CKS88,53945CKS8,City of Los Angeles,,DBT,US,2025-11
US53945CKX73,US53945CKX73,53945CKX7,City of Los Angeles,,DBT,US,2025-11
US544351SF70,US544351SF70,544351SF7,City of Los Angeles,,DBT,US,2025-11
US5444455Q86,US5444455Q86,5444455Q8,City of Los Angeles Department of Airports,,DBT,US,2025-11
US5444455S43,US5444455S43,5444455S4,City of Los Angeles Department of Airports,,DBT,US,2025-11
US5444455U98,US5444455U98,5444455U9,City of Los Angeles Department of Airports,,DBT,US,2025-11
US5444455W54,US5444455W54,5444455W5,City of Los Angeles Department of Airports,,DBT,US,2025-11
US5444456H78,US5444456H78,5444456H7,City of Los Angeles Department of Airports,,DBT,US,2025-11
US5444456K08,US5444456K08,5444456K0,City of Los Angeles Department of Airports,,DBT,US,2025-11
US5444456S34,US5444456S34,5444456S3,City of Los Angeles Department of Airports,,DBT,US,2025-11
US5444457H69,US5444457H69,5444457H6,City of Los Angeles Department of Airports,,DBT,US,2025-11
US544445DV83,US544445DV83,544445DV8,City of Los Angeles Department of Airports,,DBT,US,2025-11
US544445HR36,US544445HR36,544445HR3,City of Los Angeles Department of Airports,,DBT,US,2025-11
US544445MX49,US544445MX49,544445MX4,City of Los Angeles Department of Airports,,DBT,US,2025-11
US544445PG88,US544445PG88,544445PG8,City of Los Angeles Department of Airports,,DBT,US,2025-11
US544445PH61,US544445PH61,544445PH6,City of Los Angeles Department of Airports,,DBT,US,2025-11
US544445PM56,US544445PM56,544445PM5,City of Los Angeles Department of Airports,,DBT,US,2025-11
US544445PN30,US544445PN30,544445PN3,City of Los Angeles Department of Airports,,DBT,US,2025-11
US544445PQ60,US544445PQ60,544445PQ6,City of Los Angeles Department of Airports,,DBT,US,2025-11
US544445PS27,US544445PS27,544445PS2,City of Los Angeles Department of Airports,,DBT,US,2025-11
US544445PY94,US544445PY94,544445PY9,City of Los Angeles Department of Airports,,DBT,US,2025-11
US544445QB82,US544445QB82,544445QB8,City of Los Angeles Department of Airports,,DBT,US,2025-11
US544445QK81,US544445QK81,544445QK8,City of Los Angeles Department of Airports,,DBT,US,2025-11
US544445QL64,US544445QL64,544445QL6,City of Los Angeles Department of Airports,,DBT,US,2025-11
US544445SC48,US544445SC48,544445SC4,City of Los Angeles Department of Airports,,DBT,US,2025-11
US544445TS80,US544445TS80,544445TS8,City of Los Angeles Department of Airports,,DBT,US,2025-11
US53945CGK09,US53945CGK09,53945CGK0,City of Los Angeles Wastewater System,,DBT,US,2025-11
US53945CMD91,US53945CMD91,53945CMD9,City of Los Angeles Wastewater System,,DBT,US,2025-11
US53945CMF40,US53945CMF40,53945CMF4,City of Los Angeles Wastewater System,,DBT,US,2025-11
US562361BP93,US562361BP93,562361BP9,City of Manchester Sewer,,DBT,US,2025-11
US5861454Q41,US5861454Q41,5861454Q4,City of Memphis,,DBT,US,2025-11
US586145F415,US586145F415,586145F41,City of Memphis,,DBT,US,2025-11
US586158SV01,US586158SV01,586158SV0,City of Memphis Electric System,,DBT,US,2025-11
US586187AW62,US586187AW62,586187AW6,City of Memphis Light Gas & Water Division Electric System,,DBT,US,2025-11
US586187AX46,US586187AX46,586187AX4,City of Memphis Light Gas & Water Division Electric System,,DBT,US,2025-11
US590545WD76,US590545WD76,590545WD7,City of Mesa,,DBT,US,2025-11
US6071144D47,US6071144D47,6071144D4,City of Mobile,,DBT,US,2026-02
US64763FJ592,US64763FJ592,64763FJ59,City of New Orleans,,DBT,US,2025-11
US64966L4L20,US64966L4L20,64966L4L2,City of New York,,DBT,US,2025-11
US64966L4M03,US64966L4M03,64966L4M0,City of New York,,DBT,US,2025-11
US64966L4T55,US64966L4T55,64966L4T5,City of New York,,DBT,US,2025-11
US64966LMG31,US64966LMG31,64966LMG3,City of New York,,DBT,US,2025-11
US64966LQ537,US64966LQ537,64966LQ53,City of New York,,DBT,US,2025-11
US64966MA257,US64966MA257,64966MA25,City of New York,,DBT,US,2025-11
US64966MA331,US64966MA331,64966MA33,City of New York,,DBT,US,2025-11
US64966MAW91,US64966MAW91,64966MAW9,City of New York,,DBT,US,2025-11
US64966MAX74,US64966MAX74,64966MAX7,City of New York,,DBT,US,2025-11
US64966MAY57,US64966MAY57,64966MAY5,City of New York,,DBT,US,2025-11
US64966MBK45,US64966MBK45,64966MBK4,City of New York,,DBT,US,2025-11
US64966MEZ86,US64966MEZ86,64966MEZ8,City of New York,,DBT,US,2025-11
US64966MFH79,US64966MFH79,64966MFH7,City of New York,,DBT,US,2025-11
US64966MFR51,US64966MFR51,64966MFR5,City of New York,,DBT,US,2025-11
US64966MHB81,US64966MHB81,64966MHB8,City of New York,,DBT,US,2025-11
US64966MHF95,US64966MHF95,64966MHF9,City of New York,,DBT,US,2025-11
US64966MHH51,US64966MHH51,64966MHH5,City of New York,,DBT,US,2025-11
US64966MHL63,US64966MHL63,64966MHL6,City of New York,,DBT,US,2025-11
US64966MHP77,US64966MHP77,64966MHP7,City of New York,,DBT,US,2025-11
US64966MPD55,US64966MPD55,64966MPD5,City of New York,,DBT,US,2025-11
US64966MPG86,US64966MPG86,64966MPG8,City of New York,,DBT,US,2025-11
US64966MQT98,US64966MQT98,64966MQT9,City of New York,,DBT,US,2025-11
US64966MQZ58,US64966MQZ58,64966MQZ5,City of New York,,DBT,US,2025-11
US64966MR350,US64966MR350,64966MR35,City of New York,,DBT,US,2025-11
US64966MR509,US64966MR509,64966MR50,City of New York,,DBT,US,2025-11
US64966MRA98,US64966MRA98,64966MRA9,City of New York,,DBT,US,2025-11
US64966MRB71,US64966MRB71,64966MRB7,City of New York,,DBT,US,2025-11
US64966MRD38,US64966MRD38,64966MRD3,City of New York,,DBT,US,2025-11
US64966MSU44,US64966MSU44,64966MSU4,City of New York,,DBT,US,2025-11
US64966MSV27,US64966MSV27,64966MSV2,City of New York,,DBT,US,2025-11
US64966MSX82,US64966MSX82,64966MSX8,City of New York,,DBT,US,2025-11
US64966MTA70,US64966MTA70,64966MTA7,City of New York,,DBT,US,2025-11
US64966MTD10,US64966MTD10,64966MTD1,City of New York,,DBT,US,2025-11
US64966MXE47,US64966MXE47,64966MXE4,City of New York,,DBT,US,2025-11
US64966MXF12,US64966MXF12,64966MXF1,City of New York,,DBT,US,2025-11
US64966MXH77,US64966MXH77,64966MXH7,City of New York,,DBT,US,2025-11
US64966MXK07,US64966MXK07,64966MXK0,City of New York,,DBT,US,2025-11
US64966MXN46,US64966MXN46,64966MXN4,City of New York,,DBT,US,2025-11
US64966MYB98,US64966MYB98,64966MYB9,City of New York,,DBT,US,2025-11
US64966MZP75,US64966MZP75,64966MZP7,City of New York,,DBT,US,2025-11
US64966MZS15,US64966MZS15,64966MZS1,City of New York,,DBT,US,2025-11
US64966Q2E95,US64966Q2E95,64966Q2E9,City of New York,,DBT,US,2025-11
US64966Q2F60,US64966Q2F60,64966Q2F6,City of New York,,DBT,US,2025-11
US64966Q2G44,US64966Q2G44,64966Q2G4,City of New York,,DBT,US,2025-11
US64966Q2J82,US64966Q2J82,64966Q2J8,City of New York,,DBT,US,2025-11
US64966Q2K55,US64966Q2K55,64966Q2K5,City of New York,,DBT,US,2025-11
US64966Q2M12,US64966Q2M12,64966Q2M1,City of New York,,DBT,US,2025-11
US64966Q2P43,US64966Q2P43,64966Q2P4,City of New York,,DBT,US,2025-11
US64966Q2Q26,US64966Q2Q26,64966Q2Q2,City of New York,,DBT,US,2025-11
US64966Q2R09,US64966Q2R09,64966Q2R0,City of New York,,DBT,US,2025-11
US64966Q3D04,US64966Q3D04,64966Q3D0,City of New York,,DBT,US,2025-11
US64966Q3F51,US64966Q3F51,64966Q3F5,City of New York,,DBT,US,2025-11
US64966Q3H18,US64966Q3H18,64966Q3H1,City of New York,,DBT,US,2025-11
US64966Q3M03,US64966Q3M03,64966Q3M0,City of New York,,DBT,US,2025-11
US64966Q3N85,US64966Q3N85,64966Q3N8,City of New York,,DBT,US,2025-11
US64966Q3P34,US64966Q3P34,64966Q3P3,City of New York,,DBT,US,2025-11
US64966Q3Q17,US64966Q3Q17,64966Q3Q1,City of New York,,DBT,US,2025-11
US64966Q3R99,US64966Q3R99,64966Q3R9,City of New York,,DBT,US,2025-11
US64966Q3S72,US64966Q3S72,64966Q3S7,City of New York,,DBT,US,2025-11
US64966Q6N58,US64966Q6N58,64966Q6N5,City of New York,,DBT,US,2025-11
US64966QAN07,US64966QAN07,64966QAN0,City of New York,,DBT,US,2025-11
US64966QAY61,US64966QAY61,64966QAY6,City of New York,,DBT,US,2025-11
US64966QAZ37,US64966QAZ37,64966QAZ3,City of New York,,DBT,US,2025-11
US64966QB744,US64966QB744,64966QB74,City of New York,,DBT,US,2025-11
US64966QB827,US64966QB827,64966QB82,City of New York,,DBT,US,2025-11
US64966QB900,US64966QB900,64966QB90,City of New York,,DBT,US,2025-11
US64966QBB59,US64966QBB59,64966QBB5,City of New York,,DBT,US,2025-11
US64966QBC33,US64966QBC33,64966QBC3,City of New York,,DBT,US,2025-11
US64966QBF63,US64966QBF63,64966QBF6,City of New York,,DBT,US,2025-11
US64966QBK58,US64966QBK58,64966QBK5,City of New York,,DBT,US,2025-11
US64966QBV14,US64966QBV14,64966QBV1,City of New York,,DBT,US,2025-11
US64966QBW96,US64966QBW96,64966QBW9,City of New York,,DBT,US,2025-11
US64966QC247,US64966QC247,64966QC24,City of New York,,DBT,US,2025-11
US64966QC320,US64966QC320,64966QC32,City of New York,,DBT,US,2025-11
US64966QC650,US64966QC650,64966QC65,City of New York,,DBT,US,2025-11
US64966QC734,US64966QC734,64966QC73,City of New York,,DBT,US,2025-11
US64966QCQ10,US64966QCQ10,64966QCQ1,City of New York,,DBT,US,2025-11
US64966QCR92,US64966QCR92,64966QCR9,City of New York,,DBT,US,2025-11
US64966QCS75,US64966QCS75,64966QCS7,City of New York,,DBT,US,2025-11
US64966QCY44,US64966QCY44,64966QCY4,City of New York,,DBT,US,2025-11
US64966QCZ19,US64966QCZ19,64966QCZ1,City of New York,,DBT,US,2026-02
US64966QE896,US64966QE896,64966QE89,City of New York,,DBT,US,2025-11
US64966QE979,US64966QE979,64966QE97,City of New York,,DBT,US,2025-11
US64966QF398,US64966QF398,64966QF39,City of New York,,DBT,US,2025-11
US64966QF620,US64966QF620,64966QF62,City of New York,,DBT,US,2025-11
US64966QF885,US64966QF885,64966QF88,City of New York,,DBT,US,2025-11
US64966QFD79,US64966QFD79,64966QFD7,City of New York,,DBT,US,2025-11
US64966QFE52,US64966QFE52,64966QFE5,City of New York,,DBT,US,2025-11
US64966QFF28,US64966QFF28,64966QFF2,City of New York,,DBT,US,2025-11
US64966QFG01,US64966QFG01,64966QFG0,City of New York,,DBT,US,2025-11
US64966QFH83,US64966QFH83,64966QFH8,City of New York,,DBT,US,2025-11
US64966QFJ40,US64966QFJ40,64966QFJ4,City of New York,,DBT,US,2025-11
US64966QFK13,US64966QFK13,64966QFK1,City of New York,,DBT,US,2025-11
US64966QFQ82,US64966QFQ82,64966QFQ8,City of New York,,DBT,US,2025-11
US64966QFU94,US64966QFU94,64966QFU9,City of New York,,DBT,US,2025-11
US64966QG206,US64966QG206,64966QG20,City of New York,,DBT,US,2025-11
US64966QG388,US64966QG388,64966QG38,City of New York,,DBT,US,2025-11
US64966QG537,US64966QG537,64966QG53,City of New York,,DBT,US,2025-11
US64966QG610,US64966QG610,64966QG61,City of New York,,DBT,US,2025-11
US64966QGQ73,US64966QGQ73,64966QGQ7,City of New York,,DBT,US,2025-11
US64966QGS30,US64966QGS30,64966QGS3,City of New York,,DBT,US,2025-11
US64966QGU85,US64966QGU85,64966QGU8,City of New York,,DBT,US,2025-11
US64966QGW42,US64966QGW42,64966QGW4,City of New York,,DBT,US,2025-11
US64966QGX25,US64966QGX25,64966QGX2,City of New York,,DBT,US,2025-11
US64966QGZ72,US64966QGZ72,64966QGZ7,City of New York,,DBT,US,2025-11
US64966QJR20,US64966QJR20,64966QJR2,City of New York,,DBT,US,2025-11
US64966QJS03,US64966QJS03,64966QJS0,City of New York,,DBT,US,2025-11
US64966QJW15,US64966QJW15,64966QJW1,City of New York,,DBT,US,2025-11
US64966QJX97,US64966QJX97,64966QJX9,City of New York,,DBT,US,2025-11
US64966QMC14,US64966QMC14,64966QMC1,City of New York,,DBT,US,2025-11
US64966QMD96,US64966QMD96,64966QMD9,City of New York,,DBT,US,2025-11
US64966QME79,US64966QME79,64966QME7,City of New York,,DBT,US,2025-11
US64966QMF45,US64966QMF45,64966QMF4,City of New York,,DBT,US,2025-11
US64966QMG28,US64966QMG28,64966QMG2,City of New York,,DBT,US,2025-11
US64966QMJ66,US64966QMJ66,64966QMJ6,City of New York,,DBT,US,2025-11
US64966QMS65,US64966QMS65,64966QMS6,City of New York,,DBT,US,2025-11
US64966QMU12,US64966QMU12,64966QMU1,City of New York,,DBT,US,2025-11
US64966QPN42,US64966QPN42,64966QPN4,City of New York,,DBT,US,2025-11
US64966QPU84,US64966QPU84,64966QPU8,City of New York,,DBT,US,2025-11
US64966QPV67,US64966QPV67,64966QPV6,City of New York,,DBT,US,2025-11
US64966QPY07,US64966QPY07,64966QPY0,City of New York,,DBT,US,2025-11
US64966QQB94,US64966QQB94,64966QQB9,City of New York,,DBT,US,2025-11
US64966QQC77,US64966QQC77,64966QQC7,City of New York,,DBT,US,2025-11
US64966QQE34,US64966QQE34,64966QQE3,City of New York,,DBT,US,2025-11
US64966QQF09,US64966QQF09,64966QQF0,City of New York,,DBT,US,2025-11
US64966QQZ62,US64966QQZ62,64966QQZ6,City of New York,,DBT,US,2025-11
US64966QVG27,US64966QVG27,64966QVG2,City of New York,,DBT,US,2025-11
US64966QVP26,US64966QVP26,64966QVP2,City of New York,,DBT,US,2025-11
US64966QVR81,US64966QVR81,64966QVR8,City of New York,,DBT,US,2025-11
US64966QVW76,US64966QVW76,64966QVW7,City of New York,,DBT,US,2025-11
US64966QWJ56,US64966QWJ56,64966QWJ5,City of New York,,DBT,US,2025-11
US64966QXG09,US64966QXG09,64966QXG0,City of New York,,DBT,US,2025-11
US64966QXK11,US64966QXK11,64966QXK1,City of New York,,DBT,US,2025-11
US64966QXM76,US64966QXM76,64966QXM7,City of New York,,DBT,US,2025-11
US64966QXR63,US64966QXR63,64966QXR6,City of New York,,DBT,US,2025-11
US64966QXS47,US64966QXS47,64966QXS4,City of New York,,DBT,US,2025-11
US64966QXT20,US64966QXT20,64966QXT2,City of New York,,DBT,US,2025-11
US64966QXX32,US64966QXX32,64966QXX3,City of New York,,DBT,US,2025-11
US64966QXY15,US64966QXY15,64966QXY1,City of New York,,DBT,US,2025-11
US64966QY613,US64966QY613,64966QY61,City of New York,,DBT,US,2025-11
US64966QY795,US64966QY795,64966QY79,City of New York,,DBT,US,2025-11
US64966QY878,US64966QY878,64966QY87,City of New York,,DBT,US,2025-11
US64966QYJ39,US64966QYJ39,64966QYJ3,City of New York,,DBT,US,2025-11
US64966QYK02,US64966QYK02,64966QYK0,City of New York,,DBT,US,2025-11
US64966QYM67,US64966QYM67,64966QYM6,City of New York,,DBT,US,2025-11
US64966QYQ71,US64966QYQ71,64966QYQ7,City of New York,,DBT,US,2025-11
US64966QZE33,US64966QZE33,64966QZE3,City of New York,,DBT,US,2025-11
US64966SAJ50,US64966SAJ50,64966SAJ5,City of New York,,DBT,US,2025-11
US64966SAR76,US64966SAR76,64966SAR7,City of New York,,DBT,US,2025-11
US64966SAT33,US64966SAT33,64966SAT3,City of New York,,DBT,US,2025-11
US64966SAV88,US64966SAV88,64966SAV8,City of New York,,DBT,US,2025-11
US64966SAY28,US64966SAY28,64966SAY2,City of New York,,DBT,US,2025-11
US64966SAZ92,US64966SAZ92,64966SAZ9,City of New York,,DBT,US,2025-11
US64966SBA33,US64966SBA33,64966SBA3,City of New York,,DBT,US,2025-11
US64966SBM70,US64966SBM70,64966SBM7,City of New York,,DBT,US,2025-11
US64966SCC89,US64966SCC89,64966SCC8,City of New York,,DBT,US,2025-11
US64966SCH76,US64966SCH76,64966SCH7,City of New York,,DBT,US,2025-11
US64966SCJ33,US64966SCJ33,64966SCJ3,City of New York,,DBT,US,2025-11
US64966SCL88,US64966SCL88,64966SCL8,City of New York,,DBT,US,2025-11
US64966SCS32,US64966SCS32,64966SCS3,City of New York,,DBT,US,2025-11
US64966SEK87,US64966SEK87,64966SEK8,City of New York,,DBT,US,2025-11
US64966SFW17,US64966SFW17,64966SFW1,City of New York,,DBT,US,2025-11
US64966SFY72,US64966SFY72,64966SFY7,City of New York,,DBT,US,2025-11
US64966SFZ48,US64966SFZ48,64966SFZ4,City of New York,,DBT,US,2025-11
US64966SGA87,US64966SGA87,64966SGA8,City of New York,,DBT,US,2025-11
US64966SHA78,US64966SHA78,64966SHA7,City of New York,,DBT,US,2025-11
US64966SHB51,US64966SHB51,64966SHB5,City of New York,,DBT,US,2025-11
US64966SHC35,US64966SHC35,64966SHC3,City of New York,,DBT,US,2025-11
US64966SHD18,US64966SHD18,64966SHD1,City of New York,,DBT,US,2025-11
US64966SHG49,US64966SHG49,64966SHG4,City of New York,,DBT,US,2025-11
US64966SHL34,US64966SHL34,64966SHL3,City of New York,,DBT,US,2025-11
US64966SJT42,US64966SJT42,64966SJT4,City of New York,,DBT,US,2025-11
US64966SJX53,US64966SJX53,64966SJX5,City of New York,,DBT,US,2025-11
US64966SJZ02,US64966SJZ02,64966SJZ0,City of New York,,DBT,US,2025-11
US64966SKA32,US64966SKA32,64966SKA3,City of New York,,DBT,US,2025-11
US64966SKG02,US64966SKG02,64966SKG0,City of New York,,DBT,US,2025-11
US64966SKH84,US64966SKH84,64966SKH8,City of New York,,DBT,US,2025-11
US64966SKJ41,US64966SKJ41,64966SKJ4,City of New York,,DBT,US,2025-11
US64966SKL96,US64966SKL96,64966SKL9,City of New York,,DBT,US,2025-11
US64966SLP91,US64966SLP91,64966SLP9,City of New York,,DBT,US,2025-11
US64966SLU86,US64966SLU86,64966SLU8,City of New York,,DBT,US,2025-11
US64966SMK95,US64966SMK95,64966SMK9,City of New York,,DBT,US,2025-11
US64966SPA86,US64966SPA86,64966SPA8,City of New York,,DBT,US,2025-11
US64966SPB69,US64966SPB69,64966SPB6,City of New York,,DBT,US,2025-11
US64966SPL42,US64966SPL42,64966SPL4,City of New York,,DBT,US,2025-11
US64966SPM25,US64966SPM25,64966SPM2,City of New York,,DBT,US,2025-11
US64966SPN08,US64966SPN08,64966SPN0,City of New York,,DBT,US,2025-11
US64966SPS94,US64966SPS94,64966SPS9,City of New York,,DBT,US,2025-11
US64966SPT77,US64966SPT77,64966SPT7,City of New York,,DBT,US,2025-11
US64966SPV24,US64966SPV24,64966SPV2,City of New York,,DBT,US,2025-11
US64966SPX89,US64966SPX89,64966SPX8,City of New York,,DBT,US,2025-11
US64966SPY62,US64966SPY62,64966SPY6,City of New York,,DBT,US,2025-11
US64966SPZ38,US64966SPZ38,64966SPZ3,City of New York,,DBT,US,2025-11
US64966SQU32,US64966SQU32,64966SQU3,City of New York,,DBT,US,2025-11
US64966SQY53,US64966SQY53,64966SQY5,City of New York,,DBT,US,2025-11
US64966SRC25,US64966SRC25,64966SRC2,City of New York,,DBT,US,2025-11
US64966SRD08,US64966SRD08,64966SRD0,City of New York,,DBT,US,2025-11
US64966SRE80,US64966SRE80,64966SRE8,City of New York,,DBT,US,2025-11
US64966SRF55,US64966SRF55,64966SRF5,City of New York,,DBT,US,2025-11
US64966SRG39,US64966SRG39,64966SRG3,City of New York,,DBT,US,2025-11
US64966SRM07,US64966SRM07,64966SRM0,City of New York,,DBT,US,2025-11
US64966SRN89,US64966SRN89,64966SRN8,City of New York,,DBT,US,2025-11
US68641HPP37,US68641HPP37,68641HPP3,City of New York,,DBT,US,2026-02
US655867S918,US655867S918,655867S91,City of Norfolk,,DBT,US,2025-11
US672240D398,US672240D398,672240D39,City of Oakland,,DBT,US,2026-02
US68641HPQ10,US68641HPQ10,68641HPQ1,City of Orlando,,DBT,US,2026-02
US7170877X29,US7170877X29,7170877X2,City of Pflugerville,,DBT,US,2025-11
US717813A411,US717813A411,717813A41,City of Philadelphia,,DBT,US,2025-11
US717813A585,US717813A585,717813A58,City of Philadelphia,,DBT,US,2025-11
US717813A908,US717813A908,717813A90,City of Philadelphia,,DBT,US,2025-11
US717813C235,US717813C235,717813C23,City of Philadelphia,,DBT,US,2025-11
US717813C649,US717813C649,717813C64,City of Philadelphia,,DBT,US,2025-11
US717813C722,US717813C722,717813C72,City of Philadelphia,,DBT,US,2025-11
US717813VK23,US717813VK23,717813VK2,City of Philadelphia,,DBT,US,2025-11
US717813XJ32,US717813XJ32,717813XJ3,City of Philadelphia,,DBT,US,2025-11
US717813XL87,US717813XL87,717813XL8,City of Philadelphia,,DBT,US,2025-11
US717813XM60,US717813XM60,717813XM6,City of Philadelphia,,DBT,US,2025-11
US717813YW34,US717813YW34,717813YW3,City of Philadelphia,,DBT,US,2025-11
US717813YX17,US717813YX17,717813YX1,City of Philadelphia,,DBT,US,2025-11
US717813YY99,US717813YY99,717813YY9,City of Philadelphia,,DBT,US,2025-11
US717817TP51,US717817TP51,717817TP5,City of Philadelphia,,DBT,US,2025-11
US7178932X82,US7178932X82,7178932X8,City of Philadelphia,,DBT,US,2025-11
US717893C823,US717893C823,717893C82,City of Philadelphia,,DBT,US,2025-11
US717893C906,US717893C906,717893C90,City of Philadelphia,,DBT,US,2025-11
US717893D243,US717893D243,717893D24,City of Philadelphia,,DBT,US,2025-11
US717893N564,US717893N564,717893N56,City of Philadelphia,,DBT,US,2025-11
US717893N648,US717893N648,717893N64,City of Philadelphia,,DBT,US,2025-11
US717893Q468,US717893Q468,717893Q46,City of Philadelphia,,DBT,US,2025-11
US717893Q534,US717893Q534,717893Q53,City of Philadelphia,,DBT,US,2025-11
US717893W805,US717893W805,717893W80,City of Philadelphia,,DBT,US,2025-11
US7178933F67,US7178933F67,7178933F6,City of Philadelphia Water & Wastewater,,DBT,US,2025-11
US7178933J89,US7178933J89,7178933J8,City of Philadelphia Water & Wastewater,,DBT,US,2025-11
US7178933R06,US7178933R06,7178933R0,City of Philadelphia Water & Wastewater,,DBT,US,2025-11
US7178933X73,US7178933X73,7178933X7,City of Philadelphia Water & Wastewater,,DBT,US,2025-11
US718814Q414,US718814Q414,718814Q41,City of Phoenix,,DBT,US,2025-11
US71883MMN10,US71883MMN10,71883MMN1,City of Phoenix Civic Improvement Corp.,,DBT,US,2025-11
US71883MMQ41,US71883MMQ41,71883MMQ4,City of Phoenix Civic Improvement Corp.,,DBT,US,2025-11
US71883MMR24,US71883MMR24,71883MMR2,City of Phoenix Civic Improvement Corp.,,DBT,US,2025-11
US71883MMU52,US71883MMU52,71883MMU5,City of Phoenix Civic Improvement Corp.,,DBT,US,2025-11
US71883MNX82,US71883MNX82,71883MNX8,City of Phoenix Civic Improvement Corp.,,DBT,US,2025-11
US71883MNY65,US71883MNY65,71883MNY6,City of Phoenix Civic Improvement Corp.,,DBT,US,2025-11
US71883MPB45,US71883MPB45,71883MPB4,City of Phoenix Civic Improvement Corp.,,DBT,US,2025-11
US71883PMH72,US71883PMH72,71883PMH7,City of Phoenix Civic Improvement Corp.,,DBT,US,2025-11
US71883PMN41,US71883PMN41,71883PMN4,City of Phoenix Civic Improvement Corp.,,DBT,US,2025-11
US71883RNK58,US71883RNK58,71883RNK5,City of Phoenix Civic Improvement Corp.,,DBT,US,2025-11
US71883RNL32,US71883RNL32,71883RNL3,City of Phoenix Civic Improvement Corp.,,DBT,US,2025-11
US71883RNQ29,US71883RNQ29,71883RNQ2,City of Phoenix Civic Improvement Corp.,,DBT,US,2025-11
US71883RPN79,US71883RPN79,71883RPN7,City of Phoenix Civic Improvement Corp.,,DBT,US,2025-11
US71883RPP28,US71883RPP28,71883RPP2,City of Phoenix Civic Improvement Corp.,,DBT,US,2025-11
US71883RQC06,US71883RQC06,71883RQC0,City of Phoenix Civic Improvement Corp.,,DBT,US,2025-11
US718846BB35,US718846BB35,718846BB3,City of Phoenix Civic Improvement Corp.,,DBT,US,2025-11
US71884AV304,US71884AV304,71884AV30,City of Phoenix Civic Improvement Corp.,,DBT,US,2025-11
US71885KAK25,US71885KAK25,71885KAK2,City of Phoenix Civic Improvement Corp.,,DBT,US,2025-11
US71885KAL08,US71885KAL08,71885KAL0,City of Phoenix Civic Improvement Corp.,,DBT,US,2025-11
US71885KAM80,US71885KAM80,71885KAM8,City of Phoenix Civic Improvement Corp.,,DBT,US,2025-11
US736742E783,US736742E783,736742E78,City of Portland,,DBT,US,2025-11
US736742F442,US736742F442,736742F44,City of Portland,,DBT,US,2025-11
US736742ZW05,US736742ZW05,736742ZW0,City of Portland,,DBT,US,2025-11
US736742ZZ36,US736742ZZ36,736742ZZ3,City of Portland,,DBT,US,2025-11
US736754QM78,US736754QM78,736754QM7,City of Portland,,DBT,US,2025-11
US736742F772,US736742F772,736742F77,City of Portland Sewer System,,DBT,US,2025-11
US736742F855,US736742F855,736742F85,City of Portland Sewer System,,DBT,US,2025-11
US736742K715,US736742K715,736742K71,City of Portland Sewer System,,DBT,US,2025-11
US751120FZ49,US751120FZ49,751120FZ4,City of Raleigh,,DBT,US,2025-11
US751100PR33,US751100PR33,751100PR3,City of Raleigh NC Combined Enterprise System Revenue,,DBT,US,2026-02
US765433KG13,US765433KG13,765433KG1,City of Richmond,,DBT,US,2025-11
US765433KH95,US765433KH95,765433KH9,City of Richmond,,DBT,US,2025-11
US765433KK25,US765433KK25,765433KK2,City of Richmond,,DBT,US,2025-11
US768874UV95,US768874UV95,768874UV9,City of Riverside,,DBT,US,2025-11
US795576GS01,US795576GS01,795576GS0,City of Salt Lake City,,DBT,US,2025-11
US795576JD05,US795576JD05,795576JD0,City of Salt Lake City,,DBT,US,2025-11
US795604CQ86,US795604CQ86,795604CQ8,City of Salt Lake City,,DBT,US,2025-11
US79623PCU75,US79623PCU75,79623PCU7,City of San Antonio,,DBT,US,2025-11
US79623PCV58,US79623PCV58,79623PCV5,City of San Antonio,,DBT,US,2025-11
US79623PSR72,US79623PSR72,79623PSR7,City of San Antonio,,DBT,US,2025-11
US7962534E92,US7962534E92,7962534E9,City of San Antonio,,DBT,US,2025-11
US7962536U17,US7962536U17,7962536U1,City of San Antonio,,DBT,US,2025-11
US7962536V99,US7962536V99,7962536V9,City of San Antonio,,DBT,US,2025-11
US7962537Q95,US7962537Q95,7962537Q9,City of San Antonio,,DBT,US,2025-11
US79625GAE35,US79625GAE35,79625GAE3,City of San Antonio,,DBT,US,2025-11
US79625GAG82,US79625GAG82,79625GAG8,City of San Antonio,,DBT,US,2025-11
US79625GAK94,US79625GAK94,79625GAK9,City of San Antonio,,DBT,US,2025-11
US79625GBM42,US79625GBM42,79625GBM4,City of San Antonio,,DBT,US,2025-11
US79625GBP72,US79625GBP72,79625GBP7,City of San Antonio,,DBT,US,2025-11
US79625GLM32,US79625GLM32,79625GLM3,City of San Antonio,,DBT,US,2025-11
US79625GLR29,US79625GLR29,79625GLR2,City of San Antonio,,DBT,US,2025-11
US79625GNL31,US79625GNL31,79625GNL3,City of San Antonio,,DBT,US,2026-02
US79625GNP45,US79625GNP45,79625GNP4,City of San Antonio,,DBT,US,2026-02
US79625GNQ28,US79625GNQ28,79625GNQ2,City of San Antonio,,DBT,US,2026-02
US79625GNR01,US79625GNR01,79625GNR0,City of San Antonio,,DBT,US,2026-02
US7962534F67,US7962534F67,7962534F6,City of San Antonio Electric & Gas Systems,,DBT,US,2025-11
US79625GBC69,US79625GBC69,79625GBC6,City of San Antonio Electric & Gas Systems,,DBT,US,2025-11
US79625GEY52,US79625GEY52,79625GEY5,City of San Antonio Electric & Gas Systems,,DBT,US,2025-11
US79625GJH74,US79625GJH74,79625GJH7,City of San Antonio Electric & Gas Systems,,DBT,US,2025-11
US79625GJJ31,US79625GJJ31,79625GJJ3,City of San Antonio Electric & Gas Systems,,DBT,US,2025-11
US79625GJK04,US79625GJK04,79625GJK0,City of San Antonio Electric & Gas Systems,,DBT,US,2025-11
US79625GJL86,US79625GJL86,79625GJL8,City of San Antonio Electric & Gas Systems,,DBT,US,2025-11
US79625GJM69,US79625GJM69,79625GJM6,City of San Antonio Electric & Gas Systems,,DBT,US,2025-11
US79625GJN43,US79625GJN43,79625GJN4,City of San Antonio Electric & Gas Systems,,DBT,US,2025-11
US79625GJR56,US79625GJR56,79625GJR5,City of San Antonio Electric & Gas Systems,,DBT,US,2025-11
US79625GKM41,US79625GKM41,79625GKM4,City of San Antonio Electric & Gas Systems,,DBT,US,2025-11
US79625GKN24,US79625GKN24,79625GKN2,City of San Antonio Electric & Gas Systems,,DBT,US,2025-11
US79625GKP71,US79625GKP71,79625GKP7,City of San Antonio Electric & Gas Systems,,DBT,US,2025-11
US79625GLB76,US79625GLB76,79625GLB7,City of San Antonio Electric & Gas Systems,,DBT,US,2025-11
US79625GMF71,US79625GMF71,79625GMF7,City of San Antonio Electric & Gas Systems,,DBT,US,2025-11
US79625GMT75,US79625GMT75,79625GMT7,City of San Antonio Electric & Gas Systems,,DBT,US,2025-11
US79625GNE97,US79625GNE97,79625GNE9,City of San Antonio Electric & Gas Systems,,DBT,US,2025-11
US79625GNF62,US79625GNF62,79625GNF6,City of San Antonio Electric & Gas Systems,,DBT,US,2025-11
US79625GNS83,US79625GNS83,79625GNS8,City of San Antonio Electric & Gas Systems,,DBT,US,2026-02
US79625GNT66,US79625GNT66,79625GNT6,City of San Antonio Electric & Gas Systems,,DBT,US,2026-02
US79625GNU30,US79625GNU30,79625GNU3,City of San Antonio Electric & Gas Systems,,DBT,US,2026-02
US79765R5J45,US79765R5J45,79765R5J4,City of San Francisco,,DBT,US,2025-11
US79765R5N56,US79765R5N56,79765R5N5,City of San Francisco,,DBT,US,2025-11
US79765RH441,US79765RH441,79765RH44,City of San Francisco,,DBT,US,2025-11
US79765RJ678,US79765RJ678,79765RJ67,City of San Francisco,,DBT,US,2025-11
US79771FDP99,US79771FDP99,79771FDP9,City of San Francisco,,DBT,US,2025-11
US79771FDV67,US79771FDV67,79771FDV6,City of San Francisco,,DBT,US,2025-11
US79771FDW41,US79771FDW41,79771FDW4,City of San Francisco,,DBT,US,2025-11
US79771FLK11,US79771FLK11,79771FLK1,City of San Francisco,,DBT,US,2025-11
US79771FLL93,US79771FLL93,79771FLL9,City of San Francisco,,DBT,US,2025-11
US79771FLT20,US79771FLT20,79771FLT2,City of San Francisco,,DBT,US,2025-11
US79771FLU92,US79771FLU92,79771FLU9,City of San Francisco,,DBT,US,2025-11
US79771FLV75,US79771FLV75,79771FLV7,City of San Francisco,,DBT,US,2025-11
US79771FLY15,US79771FLY15,79771FLY1,City of San Francisco,,DBT,US,2025-11
US798135D977,US798135D977,798135D97,City of San Jose,,DBT,US,2025-11
US798135E397,US798135E397,798135E39,City of San Jose,,DBT,US,2025-11
US802649LZ44,US802649LZ44,802649LZ4,City of Santa Rosa,,DBT,US,2025-11
US812643C446,US812643C446,812643C44,City of Seattle,,DBT,US,2025-11
US812643C933,US812643C933,812643C93,City of Seattle,,DBT,US,2025-11
US812643D279,US812643D279,812643D27,City of Seattle,,DBT,US,2025-11
US812643D352,US812643D352,812643D35,City of Seattle,,DBT,US,2025-11
US812643LE28,US812643LE28,812643LE2,City of Seattle,,DBT,US,2025-11
US812643MG66,US812643MG66,812643MG6,City of Seattle,,DBT,US,2025-11
US812643RY28,US812643RY28,812643RY2,City of Seattle,,DBT,US,2025-11
US812643WH30,US812643WH30,812643WH3,City of Seattle,,DBT,US,2025-11
US812643WW07,US812643WW07,812643WW0,City of Seattle,,DBT,US,2025-11
US812643YM07,US812643YM07,812643YM0,City of Seattle,,DBT,US,2025-11
US812728ZK22,US812728ZK22,812728ZK2,City of Seattle,,DBT,US,2025-11
US812728ZL05,US812728ZL05,812728ZL0,City of Seattle,,DBT,US,2025-11
US812728ZM87,US812728ZM87,812728ZM8,City of Seattle,,DBT,US,2025-11
US812728ZR74,US812728ZR74,812728ZR7,City of Seattle,,DBT,US,2025-11
US851018LJ85,US851018LJ85,851018LJ8,City of Springfield,,DBT,US,2025-11
US851018LK58,US851018LK58,851018LK5,City of Springfield,,DBT,US,2025-11
US851026FF61,US851026FF61,851026FF6,City of Springfield,,DBT,US,2025-11
US851026FG45,US851026FG45,851026FG4,City of Springfield,,DBT,US,2025-11
US851026FM13,US851026FM13,851026FM1,City of Springfield,,DBT,US,2025-11
US850578UB94,US850578UB94,850578UB9,City of Springfield Electric,,DBT,US,2025-11
US850578UF09,US850578UF09,850578UF0,City of Springfield Electric,,DBT,US,2025-11
US850578UG81,US850578UG81,850578UG8,City of Springfield Electric,,DBT,US,2025-11
US850578UL76,US850578UL76,850578UL7,City of Springfield Electric,,DBT,US,2025-11
US850578UM59,US850578UM59,850578UM5,City of Springfield Electric,,DBT,US,2025-11
US791638T338,US791638T338,791638T33,City of St. Louis,,DBT,US,2025-11
US873519MZ25,US873519MZ25,873519MZ2,City of Tacoma,,DBT,US,2025-11
US873545MF19,US873545MF19,873545MF1,City of Tacoma,,DBT,US,2025-11
US873519QN58,US873519QN58,873519QN5,City of Tacoma Electric System,,DBT,US,2025-11
US873519RH71,US873519RH71,873519RH7,City of Tacoma Electric System,,DBT,US,2025-11
US875291AL08,US875291AL08,875291AL0,City of Tampa,,DBT,US,2025-11
US875291AQ94,US875291AQ94,875291AQ9,City of Tampa,,DBT,US,2025-11
US875291CQ76,US875291CQ76,875291CQ7,City of Tampa Water & Wastewater System,,DBT,US,2025-11
US929831YX73,US929831YX73,929831YX7,City of Waco,,DBT,US,2025-11
US929831YY56,US929831YY56,929831YY5,City of Waco,,DBT,US,2025-11
US960686EQ28,US960686EQ28,960686EQ2,City of Westminster Water & Wastewater Utility,,DBT,US,2025-11
US975700RC11,US975700RC11,975700RC1,City of Winston-Salem,,DBT,US,2025-11
US179390QJ19,US179390QJ19,179390QJ1,Clackamas Community College District,,DBT,US,2025-11
US179093JH36,US179093JH36,179093JH3,Clackamas County School District No. 12 North Clackamas,,DBT,US,2025-11
US179093JM21,US179093JM21,179093JM2,Clackamas County School District No. 12 North Clackamas,,DBT,US,2025-11
US179093LA54,US179093LA54,179093LA5,Clackamas County School District No. 12 North Clackamas,,DBT,US,2025-11
US179093LB38,US179093LB38,179093LB3,Clackamas County School District No. 12 North Clackamas,,DBT,US,2025-11
US179093LC11,US179093LC11,179093LC1,Clackamas County School District No. 12 North Clackamas,,DBT,US,2025-11
US179093LF42,US179093LF42,179093LF4,Clackamas County School District No. 12 North Clackamas,,DBT,US,2025-11
US179093LG25,US179093LG25,179093LG2,Clackamas County School District No. 12 North Clackamas,,DBT,US,2025-11
US179093LH08,US179093LH08,179093LH0,Clackamas County School District No. 12 North Clackamas,,DBT,US,2025-11
US179090MZ57,US179090MZ57,179090MZ5,Clackamas County School District No. 7J Lake Oswego,,DBT,US,2025-11
US1810594L71,US1810594L71,1810594L7,Clark County School District,,DBT,US,2025-11
US1810594Y92,US1810594Y92,1810594Y9,Clark County School District,,DBT,US,2025-11
US1810596T89,US1810596T89,1810596T8,Clark County School District,,DBT,US,2025-11
US1810596V36,US1810596V36,1810596V3,Clark County School District,,DBT,US,2025-11
US1810596W19,US1810596W19,1810596W1,Clark County School District,,DBT,US,2025-11
US1810597C46,US1810597C46,1810597C4,Clark County School District,,DBT,US,2025-11
US181059TC03,US181059TC03,181059TC0,Clark County School District,,DBT,US,2025-11
US181059TD85,US181059TD85,181059TD8,Clark County School District,,DBT,US,2025-11
US181059TE68,US181059TE68,181059TE6,Clark County School District,,DBT,US,2025-11
US181059UA28,US181059UA28,181059UA2,Clark County School District,,DBT,US,2025-11
US184541HK98,US184541HK98,184541HK9,Clear Creek Independent School District,,DBT,US,2025-11
US184541HL71,US184541HL71,184541HL7,Clear Creek Independent School District,,DBT,US,2025-11
US184541HM54,US184541HM54,184541HM5,Clear Creek Independent School District,,DBT,US,2025-11
US184541HN38,US184541HN38,184541HN3,Clear Creek Independent School District,,DBT,US,2025-11
US184541JF85,US184541JF85,184541JF8,Clear Creek Independent School District,,DBT,US,2025-11
US185633FC39,US185633FC39,185633FC3,Clemson University,,DBT,US,2025-11
US189342V705,US189342V705,189342V70,Clovis Unified School District,,DBT,US,2025-11
US190335DF39,US190335DF39,190335DF3,Coast Community College District,,DBT,US,2025-11
US190335DG12,US190335DG12,190335DG1,Coast Community College District,,DBT,US,2025-11
US190335JB60,US190335JB60,190335JB6,Coast Community College District,,DBT,US,2025-11
US190335JZ39,US190335JZ39,190335JZ3,Coast Community College District,,DBT,US,2025-11
US190335KA68,US190335KA68,190335KA6,Coast Community College District,,DBT,US,2025-11
US194475YV51,US194475YV51,194475YV5,College Station Independent School District,,DBT,US,2025-11
US194741GQ17,US194741GQ17,194741GQ1,Collin County Community College District,,DBT,US,2025-11
US194741HT47,US194741HT47,194741HT4,Collin County Community College District,,DBT,US,2025-11
US19633WAC82,US19633WAC82,19633WAC8,Colorado Bridge & Tunnel Enterprise,,DBT,US,2025-11
US19633WAH79,US19633WAH79,19633WAH7,Colorado Bridge & Tunnel Enterprise,,DBT,US,2025-11
US19633WAJ36,US19633WAJ36,19633WAJ3,Colorado Bridge & Tunnel Enterprise,,DBT,US,2025-11
US197036JK33,US197036JK33,197036JK3,Colton Joint Unified School District,,DBT,US,2025-11
US197036RU23,US197036RU23,197036RU2,Colton Joint Unified School District,,DBT,US,2025-11
US197486NZ27,US197486NZ27,197486NZ2,Columbia County School District,,DBT,US,2025-11
US1995078J61,US1995078J61,1995078J6,Columbus City School District,,DBT,US,2026-02
US1995078N73,US1995078N73,1995078N7,Columbus City School District,,DBT,US,2026-02
US1995078P22,US1995078P22,1995078P2,Columbus City School District,,DBT,US,2026-02
US199546DW91,US199546DW91,199546DW9,Columbus Regional Airport Authority,,DBT,US,2025-11
US199546DX74,US199546DX74,199546DX7,Columbus Regional Airport Authority,,DBT,US,2025-11
US1998205K35,US1998205K35,1998205K3,Comal Independent School District,,DBT,US,2025-11
US1998207P04,US1998207P04,1998207P0,Comal Independent School District,,DBT,US,2025-11
US1998207T26,US1998207T26,1998207T2,Comal Independent School District,,DBT,US,2025-11
US1998207X38,US1998207X38,1998207X3,Comal Independent School District,,DBT,US,2025-11
US1998207Z85,US1998207Z85,1998207Z8,Comal Independent School District,,DBT,US,2025-11
US1998208A26,US1998208A26,1998208A2,Comal Independent School District,,DBT,US,2025-11
US1998208F13,US1998208F13,1998208F1,Comal Independent School District,,DBT,US,2025-11
US57582NUZ67,US57582NUZ67,57582NUZ6,Commonwealth of Massachusetts,,DBT,US,2025-11
US57582R2F21,US57582R2F21,57582R2F2,Commonwealth of Massachusetts,,DBT,US,2025-11
US57582R2L98,US57582R2L98,57582R2L9,Commonwealth of Massachusetts,,DBT,US,2025-11
US57582R2V70,US57582R2V70,57582R2V7,Commonwealth of Massachusetts,,DBT,US,2025-11
US57582R2W53,US57582R2W53,57582R2W5,Commonwealth of Massachusetts,,DBT,US,2025-11
US57582R2Z84,US57582R2Z84,57582R2Z8,Commonwealth of Massachusetts,,DBT,US,2025-11
US57582R3A25,US57582R3A25,57582R3A2,Commonwealth of Massachusetts,,DBT,US,2025-11
US57582R3C80,US57582R3C80,57582R3C8,Commonwealth of Massachusetts,,DBT,US,2025-11
US57582R3E47,US57582R3E47,57582R3E4,Commonwealth of Massachusetts,,DBT,US,2025-11
US57582R3H77,US57582R3H77,57582R3H7,Commonwealth of Massachusetts,,DBT,US,2025-11
US57582R3M62,US57582R3M62,57582R3M6,Commonwealth of Massachusetts,,DBT,US,2025-11
US57582R3Y01,US57582R3Y01,57582R3Y0,Commonwealth of Massachusetts,,DBT,US,2025-11
US57582R4B98,US57582R4B98,57582R4B9,Commonwealth of Massachusetts,,DBT,US,2025-11
US57582R4Y91,US57582R4Y91,57582R4Y9,Commonwealth of Massachusetts,,DBT,US,2025-11
US57582R5E29,US57582R5E29,57582R5E2,Commonwealth of Massachusetts,,DBT,US,2025-11
US57582R5F93,US57582R5F93,57582R5F9,Commonwealth of Massachusetts,,DBT,US,2025-11
US57582R5N28,US57582R5N28,57582R5N2,Commonwealth of Massachusetts,,DBT,US,2025-11
US57582R5Q58,US57582R5Q58,57582R5Q5,Commonwealth of Massachusetts,,DBT,US,2025-11
US57582R6D37,US57582R6D37,57582R6D3,Commonwealth of Massachusetts,,DBT,US,2025-11
US57582R6F84,US57582R6F84,57582R6F8,Commonwealth of Massachusetts,,DBT,US,2025-11
US57582R6H41,US57582R6H41,57582R6H4,Commonwealth of Massachusetts,,DBT,US,2025-11
US57582R6R23,US57582R6R23,57582R6R2,Commonwealth of Massachusetts,,DBT,US,2025-11
US57582R6W18,US57582R6W18,57582R6W1,Commonwealth of Massachusetts,,DBT,US,2025-11
US57582R6Z49,US57582R6Z49,57582R6Z4,Commonwealth of Massachusetts,,DBT,US,2025-11
US57582R7S96,US57582R7S96,57582R7S9,Commonwealth of Massachusetts,,DBT,US,2025-11
US57582R7V26,US57582R7V26,57582R7V2,Commonwealth of Massachusetts,,DBT,US,2025-11
US57582R7W09,US57582R7W09,57582R7W0,Commonwealth of Massachusetts,,DBT,US,2025-11
US57582R7Z30,US57582R7Z30,57582R7Z3,Commonwealth of Massachusetts,,DBT,US,2025-11
US57582R8A79,US57582R8A79,57582R8A7,Commonwealth of Massachusetts,,DBT,US,2025-11
US57582RA714,US57582RA714,57582RA71,Commonwealth of Massachusetts,,DBT,US,2025-11
US57582RB217,US57582RB217,57582RB21,Commonwealth of Massachusetts,,DBT,US,2025-11
US57582RC462,US57582RC462,57582RC46,Commonwealth of Massachusetts,,DBT,US,2025-11
US57582RC538,US57582RC538,57582RC53,Commonwealth of Massachusetts,,DBT,US,2025-11
US57582RC876,US57582RC876,57582RC87,Commonwealth of Massachusetts,,DBT,US,2025-11
US57582RC959,US57582RC959,57582RC95,Commonwealth of Massachusetts,,DBT,US,2025-11
US57582RD379,US57582RD379,57582RD37,Commonwealth of Massachusetts,,DBT,US,2025-11
US57582RDU77,US57582RDU77,57582RDU7,Commonwealth of Massachusetts,,DBT,US,2025-11
US57582RF432,US57582RF432,57582RF43,Commonwealth of Massachusetts,,DBT,US,2025-11
US57582RFJ05,US57582RFJ05,57582RFJ0,Commonwealth of Massachusetts,,DBT,US,2025-11
US57582RFT86,US57582RFT86,57582RFT8,Commonwealth of Massachusetts,,DBT,US,2025-11
US57582RH255,US57582RH255,57582RH25,Commonwealth of Massachusetts,,DBT,US,2026-02
US57582RHE99,US57582RHE99,57582RHE9,Commonwealth of Massachusetts,,DBT,US,2025-11
US57582RHG48,US57582RHG48,57582RHG4,Commonwealth of Massachusetts,,DBT,US,2025-11
US57582RJ723,US57582RJ723,57582RJ72,Commonwealth of Massachusetts,,DBT,US,2025-11
US57582RJ988,US57582RJ988,57582RJ98,Commonwealth of Massachusetts,,DBT,US,2025-11
US57582RJK32,US57582RJK32,57582RJK3,Commonwealth of Massachusetts,,DBT,US,2025-11
US57582RK218,US57582RK218,57582RK21,Commonwealth of Massachusetts,,DBT,US,2025-11
US57582RK390,US57582RK390,57582RK39,Commonwealth of Massachusetts,,DBT,US,2025-11
US57582RK473,US57582RK473,57582RK47,Commonwealth of Massachusetts,,DBT,US,2025-11
US57582RKA31,US57582RKA31,57582RKA3,Commonwealth of Massachusetts,,DBT,US,2025-11
US57582RKK13,US57582RKK13,57582RKK1,Commonwealth of Massachusetts,,DBT,US,2025-11
US57582RLA22,US57582RLA22,57582RLA2,Commonwealth of Massachusetts,,DBT,US,2025-11
US57582RLJ31,US57582RLJ31,57582RLJ3,Commonwealth of Massachusetts,,DBT,US,2025-11
US57582RLR56,US57582RLR56,57582RLR5,Commonwealth of Massachusetts,,DBT,US,2025-11
US57582RM784,US57582RM784,57582RM78,Commonwealth of Massachusetts,,DBT,US,2026-02
US57582RMB95,US57582RMB95,57582RMB9,Commonwealth of Massachusetts,,DBT,US,2025-11
US57582RMC78,US57582RMC78,57582RMC7,Commonwealth of Massachusetts,,DBT,US,2025-11
US57582RMY98,US57582RMY98,57582RMY9,Commonwealth of Massachusetts,,DBT,US,2025-11
US57582RN691,US57582RN691,57582RN69,Commonwealth of Massachusetts,,DBT,US,2025-11
US57582RNF90,US57582RNF90,57582RNF9,Commonwealth of Massachusetts,,DBT,US,2025-11
US57582RNM42,US57582RNM42,57582RNM4,Commonwealth of Massachusetts,,DBT,US,2025-11
US57582RNN25,US57582RNN25,57582RNN2,Commonwealth of Massachusetts,,DBT,US,2025-11
US57582RNY89,US57582RNY89,57582RNY8,Commonwealth of Massachusetts,,DBT,US,2025-11
US57582RNZ54,US57582RNZ54,57582RNZ5,Commonwealth of Massachusetts,,DBT,US,2025-11
US57582RP753,US57582RP753,57582RP75,Commonwealth of Massachusetts,,DBT,US,2025-11
US57582RPA85,US57582RPA85,57582RPA8,Commonwealth of Massachusetts,,DBT,US,2025-11
US57582RPK67,US57582RPK67,57582RPK6,Commonwealth of Massachusetts,,DBT,US,2025-11
US57582RQK58,US57582RQK58,57582RQK5,Commonwealth of Massachusetts,,DBT,US,2025-11
US57582RQN97,US57582RQN97,57582RQN9,Commonwealth of Massachusetts,,DBT,US,2025-11
US57582RQR02,US57582RQR02,57582RQR0,Commonwealth of Massachusetts,,DBT,US,2025-11
US57582RQW96,US57582RQW96,57582RQW9,Commonwealth of Massachusetts,,DBT,US,2025-11
US57582RQX79,US57582RQX79,57582RQX7,Commonwealth of Massachusetts,,DBT,US,2025-11
US57582RQZ28,US57582RQZ28,57582RQZ2,Commonwealth of Massachusetts,,DBT,US,2025-11
US57582RR817,US57582RR817,57582RR81,Commonwealth of Massachusetts,,DBT,US,2025-11
US57582RRD07,US57582RRD07,57582RRD0,Commonwealth of Massachusetts,,DBT,US,2025-11
US57582RRE89,US57582RRE89,57582RRE8,Commonwealth of Massachusetts,,DBT,US,2025-11
US57582RRH11,US57582RRH11,57582RRH1,Commonwealth of Massachusetts,,DBT,US,2025-11
US57582RRJ76,US57582RRJ76,57582RRJ7,Commonwealth of Massachusetts,,DBT,US,2025-11
US57582RRP37,US57582RRP37,57582RRP3,Commonwealth of Massachusetts,,DBT,US,2025-11
US57582RS310,US57582RS310,57582RS31,Commonwealth of Massachusetts,,DBT,US,2025-11
US57582RS989,US57582RS989,57582RS98,Commonwealth of Massachusetts,,DBT,US,2025-11
US57582RSK31,US57582RSK31,57582RSK3,Commonwealth of Massachusetts,,DBT,US,2025-11
US57582RT227,US57582RT227,57582RT22,Commonwealth of Massachusetts,,DBT,US,2025-11
US57582RTK22,US57582RTK22,57582RTK2,Commonwealth of Massachusetts,,DBT,US,2025-11
US57582RTL05,US57582RTL05,57582RTL0,Commonwealth of Massachusetts,,DBT,US,2025-11
US57582RUK03,US57582RUK03,57582RUK0,Commonwealth of Massachusetts,,DBT,US,2025-11
US57582RUL85,US57582RUL85,57582RUL8,Commonwealth of Massachusetts,,DBT,US,2025-11
US57582RV371,US57582RV371,57582RV37,Commonwealth of Massachusetts,,DBT,US,2026-02
US57582RV520,US57582RV520,57582RV52,Commonwealth of Massachusetts,,DBT,US,2025-11
US57582RV603,US57582RV603,57582RV60,Commonwealth of Massachusetts,,DBT,US,2026-02
US57582RVY97,US57582RVY97,57582RVY9,Commonwealth of Massachusetts,,DBT,US,2025-11
US57582RXZ45,US57582RXZ45,57582RXZ4,Commonwealth of Massachusetts,,DBT,US,2025-11
US57582RY599,US57582RY599,57582RY59,Commonwealth of Massachusetts,,DBT,US,2025-11
US57582RY839,US57582RY839,57582RY83,Commonwealth of Massachusetts,,DBT,US,2025-11
US57582RYL40,US57582RYL40,57582RYL4,Commonwealth of Massachusetts,,DBT,US,2025-11
US57582RYM23,US57582RYM23,57582RYM2,Commonwealth of Massachusetts,,DBT,US,2025-11
US57582RZ257,US57582RZ257,57582RZ25,Commonwealth of Massachusetts,,DBT,US,2025-11
US57582RZ588,US57582RZ588,57582RZ58,Commonwealth of Massachusetts,,DBT,US,2025-11
US57582RZ745,US57582RZ745,57582RZ74,Commonwealth of Massachusetts,,DBT,US,2025-11
US57582RZ828,US57582RZ828,57582RZ82,Commonwealth of Massachusetts,,DBT,US,2025-11
US57582RZY51,US57582RZY51,57582RZY5,Commonwealth of Massachusetts,,DBT,US,2025-11
US57582RZZ27,US57582RZZ27,57582RZZ2,Commonwealth of Massachusetts,,DBT,US,2025-11
US57582TAJ16,US57582TAJ16,57582TAJ1,Commonwealth of Massachusetts,,DBT,US,2025-11
US57582TAP75,US57582TAP75,57582TAP7,Commonwealth of Massachusetts,,DBT,US,2025-11
US57582TAQ58,US57582TAQ58,57582TAQ5,Commonwealth of Massachusetts,,DBT,US,2025-11
US57582TAR32,US57582TAR32,57582TAR3,Commonwealth of Massachusetts,,DBT,US,2025-11
US57582TBS06,US57582TBS06,57582TBS0,Commonwealth of Massachusetts,,DBT,US,2025-11
US57582TCG58,US57582TCG58,57582TCG5,Commonwealth of Massachusetts,,DBT,US,2025-11
US57582TCH32,US57582TCH32,57582TCH3,Commonwealth of Massachusetts,,DBT,US,2025-11
US57582TCJ97,US57582TCJ97,57582TCJ9,Commonwealth of Massachusetts,,DBT,US,2025-11
US57582TCQ31,US57582TCQ31,57582TCQ3,Commonwealth of Massachusetts,,DBT,US,2025-11
US57582TCR14,US57582TCR14,57582TCR1,Commonwealth of Massachusetts,,DBT,US,2025-11
US57582TCS96,US57582TCS96,57582TCS9,Commonwealth of Massachusetts,,DBT,US,2025-11
US57582TCW09,US57582TCW09,57582TCW0,Commonwealth of Massachusetts,,DBT,US,2025-11
US57582TCX81,US57582TCX81,57582TCX8,Commonwealth of Massachusetts,,DBT,US,2025-11
US57582TDE91,US57582TDE91,57582TDE9,Commonwealth of Massachusetts,,DBT,US,2025-11
US57582TDL35,US57582TDL35,57582TDL3,Commonwealth of Massachusetts,,DBT,US,2025-11
US57582TES78,US57582TES78,57582TES7,Commonwealth of Massachusetts,,DBT,US,2025-11
US57582TEZ12,US57582TEZ12,57582TEZ1,Commonwealth of Massachusetts,,DBT,US,2025-11
US57582TFG22,US57582TFG22,57582TFG2,Commonwealth of Massachusetts,,DBT,US,2025-11
US57582TFR86,US57582TFR86,57582TFR8,Commonwealth of Massachusetts,,DBT,US,2026-02
US57582TFW71,US57582TFW71,57582TFW7,Commonwealth of Massachusetts,,DBT,US,2026-02
US57582TFX54,US57582TFX54,57582TFX5,Commonwealth of Massachusetts,,DBT,US,2026-02
US57582TGB26,US57582TGB26,57582TGB2,Commonwealth of Massachusetts,,DBT,US,2026-02
US57582TGC09,US57582TGC09,57582TGC0,Commonwealth of Massachusetts,,DBT,US,2026-02
US57582TGE64,US57582TGE64,57582TGE6,Commonwealth of Massachusetts,,DBT,US,2026-02
US57582TGG13,US57582TGG13,57582TGG1,Commonwealth of Massachusetts,,DBT,US,2026-02
US57582TGK25,US57582TGK25,57582TGK2,Commonwealth of Massachusetts,,DBT,US,2026-02
US57582TGL08,US57582TGL08,57582TGL0,Commonwealth of Massachusetts,,DBT,US,2026-02
US57582TGM80,US57582TGM80,57582TGM8,Commonwealth of Massachusetts,,DBT,US,2026-02
US57583PGE34,US57583PGE34,57583PGE3,Commonwealth of Massachusetts Federal Highway Grant Anticipation Note,,DBT,US,2025-11
US57604TDE38,US57604TDE38,57604TDE3,Commonwealth of Massachusetts Transportation Fund,,DBT,US,2025-11
US57604TEE29,US57604TEE29,57604TEE2,Commonwealth of Massachusetts Transportation Fund,,DBT,US,2025-11
US57604TFL52,US57604TFL52,57604TFL5,Commonwealth of Massachusetts Transportation Fund,,DBT,US,2025-11
US57604TGG58,US57604TGG58,57604TGG5,Commonwealth of Massachusetts Transportation Fund,,DBT,US,2025-11
US57604TGH32,US57604TGH32,57604TGH3,Commonwealth of Massachusetts Transportation Fund,,DBT,US,2025-11
US57604THN90,US57604THN90,57604THN9,Commonwealth of Massachusetts Transportation Fund,,DBT,US,2025-11
US57604TKE54,US57604TKE54,57604TKE5,Commonwealth of Massachusetts Transportation Fund,,DBT,US,2025-11
US57604TKF20,US57604TKF20,57604TKF2,Commonwealth of Massachusetts Transportation Fund,,DBT,US,2025-11
US57604TKG03,US57604TKG03,57604TKG0,Commonwealth of Massachusetts Transportation Fund,,DBT,US,2025-11
US57604TKH85,US57604TKH85,57604TKH8,Commonwealth of Massachusetts Transportation Fund,,DBT,US,2025-11
US57604TKJ42,US57604TKJ42,57604TKJ4,Commonwealth of Massachusetts Transportation Fund,,DBT,US,2025-11
US57604TLH76,US57604TLH76,57604TLH7,Commonwealth of Massachusetts Transportation Fund,,DBT,US,2025-11
US57604TLV60,US57604TLV60,57604TLV6,Commonwealth of Massachusetts Transportation Fund,,DBT,US,2025-11
US57604TLW44,US57604TLW44,57604TLW4,Commonwealth of Massachusetts Transportation Fund,,DBT,US,2025-11
US57604TMC70,US57604TMC70,57604TMC7,Commonwealth of Massachusetts Transportation Fund,,DBT,US,2025-11
US57604TMU78,US57604TMU78,57604TMU7,Commonwealth of Massachusetts Transportation Fund,,DBT,US,2025-11
US70914P2B76,US70914P2B76,70914P2B7,Commonwealth of Pennsylvania,,DBT,US,2025-11
US70914P2L58,US70914P2L58,70914P2L5,Commonwealth of Pennsylvania,,DBT,US,2025-11
US70914P2P62,US70914P2P62,70914P2P6,Commonwealth of Pennsylvania,,DBT,US,2025-11
US70914P2Q46,US70914P2Q46,70914P2Q4,Commonwealth of Pennsylvania,,DBT,US,2025-11
US70914P2X96,US70914P2X96,70914P2X9,Commonwealth of Pennsylvania,,DBT,US,2025-11
US70914P3Q37,US70914P3Q37,70914P3Q3,Commonwealth of Pennsylvania,,DBT,US,2025-11
US70914P3U49,US70914P3U49,70914P3U4,Commonwealth of Pennsylvania,,DBT,US,2025-11
US70914P3Z36,US70914P3Z36,70914P3Z3,Commonwealth of Pennsylvania,,DBT,US,2025-11
US70914P4A75,US70914P4A75,70914P4A7,Commonwealth of Pennsylvania,,DBT,US,2025-11
US70914P4R01,US70914P4R01,70914P4R0,Commonwealth of Pennsylvania,,DBT,US,2025-11
US70914P4U30,US70914P4U30,70914P4U3,Commonwealth of Pennsylvania,,DBT,US,2025-11
US70914P4X78,US70914P4X78,70914P4X7,Commonwealth of Pennsylvania,,DBT,US,2025-11
US70914P5F53,US70914P5F53,70914P5F5,Commonwealth of Pennsylvania,,DBT,US,2026-02
US70914P5G37,US70914P5G37,70914P5G3,Commonwealth of Pennsylvania,,DBT,US,2026-02
US70914P5H10,US70914P5H10,70914P5H1,Commonwealth of Pennsylvania,,DBT,US,2026-02
US70914P5J75,US70914P5J75,70914P5J7,Commonwealth of Pennsylvania,,DBT,US,2026-02
US70914P5Q19,US70914P5Q19,70914P5Q1,Commonwealth of Pennsylvania,,DBT,US,2026-02
US70914P5W86,US70914P5W86,70914P5W8,Commonwealth of Pennsylvania,,DBT,US,2026-02
US70914PE320,US70914PE320,70914PE32,Commonwealth of Pennsylvania,,DBT,US,2025-11
US70914PE403,US70914PE403,70914PE40,Commonwealth of Pennsylvania,,DBT,US,2025-11
US70914PE577,US70914PE577,70914PE57,Commonwealth of Pennsylvania,,DBT,US,2025-11
US70914PE650,US70914PE650,70914PE65,Commonwealth of Pennsylvania,,DBT,US,2025-11
US70914PE734,US70914PE734,70914PE73,Commonwealth of Pennsylvania,,DBT,US,2025-11
US70914PE999,US70914PE999,70914PE99,Commonwealth of Pennsylvania,,DBT,US,2026-02
US70914PH471,US70914PH471,70914PH47,Commonwealth of Pennsylvania,,DBT,US,2025-11
US70914PK350,US70914PK350,70914PK35,Commonwealth of Pennsylvania,,DBT,US,2025-11
US70914PK509,US70914PK509,70914PK50,Commonwealth of Pennsylvania,,DBT,US,2025-11
US70914PM414,US70914PM414,70914PM41,Commonwealth of Pennsylvania,,DBT,US,2025-11
US70914PM901,US70914PM901,70914PM90,Commonwealth of Pennsylvania,,DBT,US,2025-11
US70914PN248,US70914PN248,70914PN24,Commonwealth of Pennsylvania,,DBT,US,2025-11
US70914PQ217,US70914PQ217,70914PQ21,Commonwealth of Pennsylvania,,DBT,US,2025-11
US70914PQ399,US70914PQ399,70914PQ39,Commonwealth of Pennsylvania,,DBT,US,2025-11
US70914PQ472,US70914PQ472,70914PQ47,Commonwealth of Pennsylvania,,DBT,US,2025-11
US70914PR389,US70914PR389,70914PR38,Commonwealth of Pennsylvania,,DBT,US,2025-11
US70914PS452,US70914PS452,70914PS45,Commonwealth of Pennsylvania,,DBT,US,2026-02
US70914PS866,US70914PS866,70914PS86,Commonwealth of Pennsylvania,,DBT,US,2025-11
US70914PU268,US70914PU268,70914PU26,Commonwealth of Pennsylvania,,DBT,US,2025-11
US70914PU425,US70914PU425,70914PU42,Commonwealth of Pennsylvania,,DBT,US,2025-11
US70914PU599,US70914PU599,70914PU59,Commonwealth of Pennsylvania,,DBT,US,2025-11
US70914PU839,US70914PU839,70914PU83,Commonwealth of Pennsylvania,,DBT,US,2025-11
US70914PV415,US70914PV415,70914PV41,Commonwealth of Pennsylvania,,DBT,US,2025-11
US70914PV589,US70914PV589,70914PV58,Commonwealth of Pennsylvania,,DBT,US,2025-11
US70914PY302,US70914PY302,70914PY30,Commonwealth of Pennsylvania,,DBT,US,2025-11
US70914PY633,US70914PY633,70914PY63,Commonwealth of Pennsylvania,,DBT,US,2025-11
US70914PZ218,US70914PZ218,70914PZ21,Commonwealth of Pennsylvania,,DBT,US,2025-11
US70914PZ473,US70914PZ473,70914PZ47,Commonwealth of Pennsylvania,,DBT,US,2025-11
US70914PZ549,US70914PZ549,70914PZ54,Commonwealth of Pennsylvania,,DBT,US,2025-11
US70914PZ622,US70914PZ622,70914PZ62,Commonwealth of Pennsylvania,,DBT,US,2025-11
US20774Y3C91,US20774Y3C91,20774Y3C9,Connecticut State Health & Educational Facilities Authority,,DBT,US,2025-11
US20775DGP15,US20775DGP15,20775DGP1,Connecticut State Health & Educational Facilities Authority,,DBT,US,2025-11
US20775DH390,US20775DH390,20775DH39,Connecticut State Health & Educational Facilities Authority,,DBT,US,2026-02
US20775DUY65,US20775DUY65,20775DUY6,Connecticut State Health & Educational Facilities Authority,,DBT,US,2025-11
US20775DYA44,US20775DYA44,20775DYA4,Connecticut State Health & Educational Facilities Authority,,DBT,US,2025-11
US20775DZS43,US20775DZS43,20775DZS4,Connecticut State Health & Educational Facilities Authority,,DBT,US,2025-11
US20775DZT26,US20775DZT26,20775DZT2,Connecticut State Health & Educational Facilities Authority,,DBT,US,2025-11
US20775DZU98,US20775DZU98,20775DZU9,Connecticut State Health & Educational Facilities Authority,,DBT,US,2025-11
US2084183Y74,US2084183Y74,2084183Y7,Conroe Independent School District,,DBT,US,2025-11
US2084184J98,US2084184J98,2084184J9,Conroe Independent School District,,DBT,US,2025-11
US2084184M28,US2084184M28,2084184M2,Conroe Independent School District,,DBT,US,2025-11
US2084184N01,US2084184N01,2084184N0,Conroe Independent School District,,DBT,US,2025-11
US2084185B53,US2084185B53,2084185B5,Conroe Independent School District,,DBT,US,2025-11
US2084185M19,US2084185M19,2084185M1,Conroe Independent School District,,DBT,US,2025-11
US2084185T61,US2084185T61,2084185T6,Conroe Independent School District,,DBT,US,2025-11
US2084186N82,US2084186N82,2084186N8,Conroe Independent School District,,DBT,US,2026-02
US2084186P31,US2084186P31,2084186P3,Conroe Independent School District,,DBT,US,2026-02
US2084186Q14,US2084186Q14,2084186Q1,Conroe Independent School District,,DBT,US,2026-02
US2084186R96,US2084186R96,2084186R9,Conroe Independent School District,,DBT,US,2026-02
US2084186S79,US2084186S79,2084186S7,Conroe Independent School District,,DBT,US,2026-02
US2084186T52,US2084186T52,2084186T5,Conroe Independent School District,,DBT,US,2026-02
US2084187A52,US2084187A52,2084187A5,Conroe Independent School District,,DBT,US,2026-02
US208418T522,US208418T522,208418T52,Conroe Independent School District,,DBT,US,2025-11
US212204HZ72,US212204HZ72,212204HZ7,Contra Costa Community College District,,DBT,US,2025-11
US005596EJ61,US005596EJ61,005596EJ6,County of Adams,,DBT,US,2025-11
US01728VSJ07,US01728VSJ07,01728VSJ0,County of Allegheny,,DBT,US,2025-11
US01728VSK79,US01728VSK79,01728VSK7,County of Allegheny,,DBT,US,2025-11
US01728VTH32,US01728VTH32,01728VTH3,County of Allegheny,,DBT,US,2025-11
US01728VVE72,US01728VVE72,01728VVE7,County of Allegheny,,DBT,US,2025-11
US01728VWT33,US01728VWT33,01728VWT3,County of Allegheny,,DBT,US,2025-11
US03588H3B01,US03588H3B01,03588H3B0,County of Anne Arundel,,DBT,US,2025-11
US03588HQ663,US03588HQ663,03588HQ66,County of Anne Arundel,,DBT,US,2025-11
US03588HQ747,US03588HQ747,03588HQ74,County of Anne Arundel,,DBT,US,2025-11
US03588HU467,US03588HU467,03588HU46,County of Anne Arundel,,DBT,US,2025-11
US03588HU533,US03588HU533,03588HU53,County of Anne Arundel,,DBT,US,2025-11
US03588HUY07,US03588HUY07,03588HUY0,County of Anne Arundel,,DBT,US,2025-11
US03588HW695,US03588HW695,03588HW69,County of Anne Arundel,,DBT,US,2025-11
US041431XC69,US041431XC69,041431XC6,County of Arlington,,DBT,US,2025-11
US0882815N64,US0882815N64,0882815N6,County of Bexar,,DBT,US,2025-11
US088281B253,US088281B253,088281B25,County of Bexar,,DBT,US,2025-11
US088281B337,US088281B337,088281B33,County of Bexar,,DBT,US,2025-11
US088281H524,US088281H524,088281H52,County of Bexar,,DBT,US,2025-11
US088281YB04,US088281YB04,088281YB0,County of Bexar,,DBT,US,2025-11
US115117MB66,US115117MB66,115117MB6,County of Broward Water & Sewer Utility,,DBT,US,2025-11
US160069ZR42,US160069ZR42,160069ZR4,County of Charleston,,DBT,US,2025-11
US180848RY15,US180848RY15,180848RY1,County of Clark,,DBT,US,2025-11
US180848RZ89,US180848RZ89,180848RZ8,County of Clark,,DBT,US,2025-11
US180848ST11,US180848ST11,180848ST1,County of Clark,,DBT,US,2025-11
US180848TA11,US180848TA11,180848TA1,County of Clark,,DBT,US,2025-11
US180848WH27,US180848WH27,180848WH2,County of Clark,,DBT,US,2025-11
US181006HK68,US181006HK68,181006HK6,County of Clark,,DBT,US,2025-11
US181006HS94,US181006HS94,181006HS9,County of Clark,,DBT,US,2025-11
US18085PRB21,US18085PRB21,18085PRB2,County of Clark Department of Aviation,,DBT,US,2025-11
US18085PRH90,US18085PRH90,18085PRH9,County of Clark Department of Aviation,,DBT,US,2025-11
US18085PSG09,US18085PSG09,18085PSG0,County of Clark Department of Aviation,,DBT,US,2025-11
US18085PSJ48,US18085PSJ48,18085PSJ4,County of Clark Department of Aviation,,DBT,US,2025-11
US18085PSK11,US18085PSK11,18085PSK1,County of Clark Department of Aviation,,DBT,US,2025-11
US18085PTD68,US18085PTD68,18085PTD6,County of Clark Department of Aviation,,DBT,US,2025-11
US18085PTE42,US18085PTE42,18085PTE4,County of Clark Department of Aviation,,DBT,US,2025-11
US213248ER48,US213248ER48,213248ER4,County of Cook,,DBT,US,2025-11
US213248ES21,US213248ES21,213248ES2,County of Cook,,DBT,US,2025-11
US240523E711,US240523E711,240523E71,County of DeKalb,,DBT,US,2025-11
US240523UK44,US240523UK44,240523UK4,County of DeKalb,,DBT,US,2025-11
US266705U834,US266705U834,266705U83,County of Durham,,DBT,US,2025-11
US279245KU72,US279245KU72,279245KU7,County of Ector,,DBT,US,2025-11
US30382AEP30,US30382AEP30,30382AEP3,County of Fairfax,,DBT,US,2025-11
US30382AFM99,US30382AFM99,30382AFM9,County of Fairfax,,DBT,US,2025-11
US30382AFR86,US30382AFR86,30382AFR8,County of Fairfax,,DBT,US,2025-11
US30382AJL70,US30382AJL70,30382AJL7,County of Fairfax,,DBT,US,2025-11
US30382AMB51,US30382AMB51,30382AMB5,County of Fairfax,,DBT,US,2025-11
US30382AML34,US30382AML34,30382AML3,County of Fairfax,,DBT,US,2025-11
US30382AMN99,US30382AMN99,30382AMN9,County of Fairfax,,DBT,US,2025-11
US30382AMY54,US30382AMY54,30382AMY5,County of Fairfax,,DBT,US,2025-11
US30382ANH13,US30382ANH13,30382ANH1,County of Fairfax,,DBT,US,2025-11
US30382ANJ78,US30382ANJ78,30382ANJ7,County of Fairfax,,DBT,US,2025-11
US30382ANK42,US30382ANK42,30382ANK4,County of Fairfax,,DBT,US,2025-11
US30382AQJ42,US30382AQJ42,30382AQJ4,County of Fairfax,,DBT,US,2026-02
US30382AQK15,US30382AQK15,30382AQK1,County of Fairfax,,DBT,US,2026-02
US30382AQQ84,US30382AQQ84,30382AQQ8,County of Fairfax,,DBT,US,2026-02
US30382AQR67,US30382AQR67,30382AQR6,County of Fairfax,,DBT,US,2026-02
US303867ME26,US303867ME26,303867ME2,County of Fairfax,,DBT,US,2025-11
US353204AX81,US353204AX81,353204AX8,County of Franklin,,DBT,US,2025-11
US35569PEF62,US35569PEF62,35569PEF6,County of Frederick,,DBT,US,2025-11
US360066NT76,US360066NT76,360066NT7,County of Fulton,,DBT,US,2025-11
US360066NV23,US360066NV23,360066NV2,County of Fulton,,DBT,US,2025-11
US401784X326,US401784X326,401784X32,County of Guilford,,DBT,US,2025-11
US401784X409,US401784X409,401784X40,County of Guilford,,DBT,US,2025-11
US407287ME84,US407287ME84,407287ME8,County of Hamilton,,DBT,US,2025-11
US407287MG33,US407287MG33,407287MG3,County of Hamilton,,DBT,US,2025-11
US407325BR94,US407325BR94,407325BR9,County of Hamilton,,DBT,US,2025-11
US407325BS77,US407325BS77,407325BS7,County of Hamilton,,DBT,US,2025-11
US407288G863,US407288G863,407288G86,County of Hamilton Sewer System,,DBT,US,2025-11
US4140052T44,US4140052T44,4140052T4,County of Harris,,DBT,US,2025-11
US4140052U17,US4140052U17,4140052U1,County of Harris,,DBT,US,2025-11
US4140052V99,US4140052V99,4140052V9,County of Harris,,DBT,US,2025-11
US4140052W72,US4140052W72,4140052W7,County of Harris,,DBT,US,2025-11
US4140054E56,US4140054E56,4140054E5,County of Harris,,DBT,US,2025-11
US4140054F22,US4140054F22,4140054F2,County of Harris,,DBT,US,2025-11
US4140055H78,US4140055H78,4140055H7,County of Harris,,DBT,US,2025-11
US4140055J35,US4140055J35,4140055J3,County of Harris,,DBT,US,2025-11
US414005WL80,US414005WL80,414005WL8,County of Harris,,DBT,US,2025-11
US414005WS34,US414005WS34,414005WS3,County of Harris,,DBT,US,2025-11
US41423PAN78,US41423PAN78,41423PAN7,County of Harris,,DBT,US,2025-11
US41423PAP27,US41423PAP27,41423PAP2,County of Harris,,DBT,US,2025-11
US41423PAW77,US41423PAW77,41423PAW7,County of Harris,,DBT,US,2025-11
US41423PCA30,US41423PCA30,41423PCA3,County of Harris,,DBT,US,2025-11
US41423PEA12,US41423PEA12,41423PEA1,County of Harris,,DBT,US,2025-11
US41423PDZ71,US41423PDZ71,41423PDZ7,County of Harris Toll Road,,DBT,US,2025-11
US4210202E74,US4210202E74,4210202E7,County of Hays,,DBT,US,2026-02
US425507FA34,US425507FA34,425507FA3,County of Hennepin,,DBT,US,2025-11
US425507NV88,US425507NV88,425507NV8,County of Hennepin,,DBT,US,2025-11
US425507NX45,US425507NX45,425507NX4,County of Hennepin,,DBT,US,2025-11
US425507NY28,US425507NY28,425507NY2,County of Hennepin,,DBT,US,2025-11
US425507NZ92,US425507NZ92,425507NZ9,County of Hennepin,,DBT,US,2025-11
US425507PA24,US425507PA24,425507PA2,County of Hennepin,,DBT,US,2025-11
US425507PB07,US425507PB07,425507PB0,County of Hennepin,,DBT,US,2025-11
US425507PC89,US425507PC89,425507PC8,County of Hennepin,,DBT,US,2025-11
US425507PD62,US425507PD62,425507PD6,County of Hennepin,,DBT,US,2025-11
US432347MS84,US432347MS84,432347MS8,County of Hillsborough Utility,,DBT,US,2025-11
US44256PGK30,US44256PGK30,44256PGK3,County of Howard,,DBT,US,2025-11
US472682ZG17,US472682ZG17,472682ZG1,County of Jefferson,,DBT,US,2025-11
US472682ZJ55,US472682ZJ55,472682ZJ5,County of Jefferson,,DBT,US,2025-11
US472682ZM84,US472682ZM84,472682ZM8,County of Jefferson,,DBT,US,2025-11
US472682ZN67,US472682ZN67,472682ZN6,County of Jefferson,,DBT,US,2025-11
US472682ZP16,US472682ZP16,472682ZP1,County of Jefferson,,DBT,US,2025-11
US472682ZQ98,US472682ZQ98,472682ZQ9,County of Jefferson,,DBT,US,2025-11
US472682ZR71,US472682ZR71,472682ZR7,County of Jefferson,,DBT,US,2025-11
US472682ZS54,US472682ZS54,472682ZS5,County of Jefferson,,DBT,US,2025-11
US49474FN556,US49474FN556,49474FN55,County of King,,DBT,US,2025-11
US49474FZL74,US49474FZL74,49474FZL7,County of King,,DBT,US,2025-11
US49474FZP88,US49474FZP88,49474FZP8,County of King,,DBT,US,2025-11
US4952894F40,US4952894F40,4952894F4,County of King,,DBT,US,2025-11
US495290CL04,US495290CL04,495290CL0,County of King,,DBT,US,2025-11
US495290FG81,US495290FG81,495290FG8,County of King,,DBT,US,2025-11
US495290FH64,US495290FH64,495290FH6,County of King,,DBT,US,2025-11
US495290FJ21,US495290FJ21,495290FJ2,County of King,,DBT,US,2025-11
US495290FK93,US495290FK93,495290FK9,County of King,,DBT,US,2025-11
US495290FS20,US495290FS20,495290FS2,County of King,,DBT,US,2025-11
US495290GR38,US495290GR38,495290GR3,County of King,,DBT,US,2025-11
US495290GT93,US495290GT93,495290GT9,County of King,,DBT,US,2025-11
US495290HK75,US495290HK75,495290HK7,County of King,,DBT,US,2025-11
US495290JE97,US495290JE97,495290JE9,County of King,,DBT,US,2025-11
US54589TKQ49,US54589TKQ49,54589TKQ4,County of Loudoun,,DBT,US,2025-11
US584002RX94,US584002RX94,584002RX9,County of Mecklenburg,,DBT,US,2025-11
US584002YL73,US584002YL73,584002YL7,County of Mecklenburg,,DBT,US,2025-11
US584002YP87,US584002YP87,584002YP8,County of Mecklenburg,,DBT,US,2025-11
US584002YS27,US584002YS27,584002YS2,County of Mecklenburg,,DBT,US,2025-11
US584002YT00,US584002YT00,584002YT0,County of Mecklenburg,,DBT,US,2025-11
US59333FM645,US59333FM645,59333FM64,County of Miami-Dade,,DBT,US,2025-11
US59333FR693,US59333FR693,59333FR69,County of Miami-Dade,,DBT,US,2025-11
US59333FR859,US59333FR859,59333FR85,County of Miami-Dade,,DBT,US,2025-11
US59333FRZ52,US59333FRZ52,59333FRZ5,County of Miami-Dade,,DBT,US,2025-11
US59333FS279,US59333FS279,59333FS27,County of Miami-Dade,,DBT,US,2025-11
US59333FSW13,US59333FSW13,59333FSW1,County of Miami-Dade,,DBT,US,2025-11
US59333FUA64,US59333FUA64,59333FUA6,County of Miami-Dade,,DBT,US,2025-11
US59333FXM75,US59333FXM75,59333FXM7,County of Miami-Dade,,DBT,US,2025-11
US59333N5M16,US59333N5M16,59333N5M1,County of Miami-Dade,,DBT,US,2025-11
US59333N5Q20,US59333N5Q20,59333N5Q2,County of Miami-Dade,,DBT,US,2025-11
US59333NYT44,US59333NYT44,59333NYT4,County of Miami-Dade,,DBT,US,2025-11
US59333NZA44,US59333NZA44,59333NZA4,County of Miami-Dade,,DBT,US,2025-11
US59333P5P91,US59333P5P91,59333P5P9,County of Miami-Dade,,DBT,US,2025-11
US59333P5Z73,US59333P5Z73,59333P5Z7,County of Miami-Dade,,DBT,US,2025-11
US59333P8A95,US59333P8A95,59333P8A9,County of Miami-Dade,,DBT,US,2025-11
US59333PU308,US59333PU308,59333PU30,County of Miami-Dade,,DBT,US,2025-11
US593340AC66,US593340AC66,593340AC6,County of Miami-Dade,,DBT,US,2025-11
US593340AD40,US593340AD40,593340AD4,County of Miami-Dade,,DBT,US,2025-11
US59334DJM74,US59334DJM74,59334DJM7,County of Miami-Dade,,DBT,US,2025-11
US59334DJQ88,US59334DJQ88,59334DJQ8,County of Miami-Dade,,DBT,US,2025-11
US59334DJZ87,US59334DJZ87,59334DJZ8,County of Miami-Dade,,DBT,US,2025-11
US59334DKL72,US59334DKL72,59334DKL7,County of Miami-Dade,,DBT,US,2025-11
US59334DLT99,US59334DLT99,59334DLT9,County of Miami-Dade,,DBT,US,2025-11
US59334DLV46,US59334DLV46,59334DLV4,County of Miami-Dade,,DBT,US,2025-11
US59334DMJ09,US59334DMJ09,59334DMJ0,County of Miami-Dade,,DBT,US,2025-11
US59334DML54,US59334DML54,59334DML5,County of Miami-Dade,,DBT,US,2025-11
US59334DMQ42,US59334DMQ42,59334DMQ4,County of Miami-Dade,,DBT,US,2025-11
US59334DMR25,US59334DMR25,59334DMR2,County of Miami-Dade,,DBT,US,2025-11
US59334DMT80,US59334DMT80,59334DMT8,County of Miami-Dade,,DBT,US,2025-11
US59334DNX83,US59334DNX83,59334DNX8,County of Miami-Dade,,DBT,US,2025-11
US59334PGN15,US59334PGN15,59334PGN1,County of Miami-Dade,,DBT,US,2025-11
US59334PGT84,US59334PGT84,59334PGT8,County of Miami-Dade,,DBT,US,2025-11
US59334PHM23,US59334PHM23,59334PHM2,County of Miami-Dade,,DBT,US,2025-11
US59334PHU49,US59334PHU49,59334PHU4,County of Miami-Dade,,DBT,US,2025-11
US59334PHV22,US59334PHV22,59334PHV2,County of Miami-Dade,,DBT,US,2025-11
US59334PKQ99,US59334PKQ99,59334PKQ9,County of Miami-Dade,,DBT,US,2025-11
US59334PKT39,US59334PKT39,59334PKT3,County of Miami-Dade,,DBT,US,2025-11
US59334PKZ98,US59334PKZ98,59334PKZ9,County of Miami-Dade Transit System,,DBT,US,2025-11
US59334DLZ59,US59334DLZ59,59334DLZ5,County of Miami-Dade Water & Sewer System,,DBT,US,2025-11
US59334DNV28,US59334DNV28,59334DNV2,County of Miami-Dade Water & Sewer System,,DBT,US,2025-11
US59334DQN74,US59334DQN74,59334DQN7,County of Miami-Dade Water & Sewer System,,DBT,US,2025-11
US59334DQP23,US59334DQP23,59334DQP2,County of Miami-Dade Water & Sewer System,,DBT,US,2025-11
US59334DQQ06,US59334DQQ06,59334DQQ0,County of Miami-Dade Water & Sewer System,,DBT,US,2025-11
US59334DQV90,US59334DQV90,59334DQV9,County of Miami-Dade Water & Sewer System,,DBT,US,2025-11
US59334DRE66,US59334DRE66,59334DRE6,County of Miami-Dade Water & Sewer System,,DBT,US,2025-11
US6133407M46,US6133407M46,6133407M4,County of Montgomery,,DBT,US,2025-11
US6133407N29,US6133407N29,6133407N2,County of Montgomery,,DBT,US,2025-11
US6133408B71,US6133408B71,6133408B7,County of Montgomery,,DBT,US,2025-11
US61334PAH64,US61334PAH64,61334PAH6,County of Montgomery,,DBT,US,2025-11
US61334PBC68,US61334PBC68,61334PBC6,County of Montgomery,,DBT,US,2025-11
US61334PBE25,US61334PBE25,61334PBE2,County of Montgomery,,DBT,US,2025-11
US61334PCT84,US61334PCT84,61334PCT8,County of Montgomery,,DBT,US,2025-11
US61334PDW05,US61334PDW05,61334PDW0,County of Montgomery,,DBT,US,2025-11
US61334PDX87,US61334PDX87,61334PDX8,County of Montgomery,,DBT,US,2025-11
US61334PEE97,US61334PEE97,61334PEE9,County of Montgomery,,DBT,US,2025-11
US61334PEF62,US61334PEF62,61334PEF6,County of Montgomery,,DBT,US,2025-11
US61334PFW86,US61334PFW86,61334PFW8,County of Montgomery,,DBT,US,2025-11
US61334PFX69,US61334PFX69,61334PFX6,County of Montgomery,,DBT,US,2025-11
US61334PGX50,US61334PGX50,61334PGX5,County of Montgomery,,DBT,US,2025-11
US61334PHC05,US61334PHC05,61334PHC0,County of Montgomery,,DBT,US,2025-11
US61334PHG19,US61334PHG19,61334PHG1,County of Montgomery,,DBT,US,2025-11
US61366AFB89,US61366AFB89,61366AFB8,County of Montgomery,,DBT,US,2025-11
US613682BD41,US613682BD41,613682BD4,County of Montgomery,,DBT,US,2025-11
US625506QG80,US625506QG80,625506QG8,County of Multnomah,,DBT,US,2025-11
US625506QH63,US625506QH63,625506QH6,County of Multnomah,,DBT,US,2025-11
US625506QJ20,US625506QJ20,625506QJ2,County of Multnomah,,DBT,US,2025-11
US63165T4K81,US63165T4K81,63165T4K8,County of Nassau,,DBT,US,2025-11
US72205RJF01,US72205RJF01,72205RJF0,County of Pinal,,DBT,US,2025-11
US7417013E48,US7417013E48,7417013E4,County of Prince George's,,DBT,US,2025-11
US7417014Q68,US7417014Q68,7417014Q6,County of Prince George's,,DBT,US,2025-11
US7417014R42,US7417014R42,7417014R4,County of Prince George's,,DBT,US,2025-11
US7417014S25,US7417014S25,7417014S2,County of Prince George's,,DBT,US,2025-11
US7417014U70,US7417014U70,7417014U7,County of Prince George's,,DBT,US,2025-11
US7417016Y74,US7417016Y74,7417016Y7,County of Prince George's,,DBT,US,2025-11
US7417017W00,US7417017W00,7417017W0,County of Prince George's,,DBT,US,2025-11
US7417017Y65,US7417017Y65,7417017Y6,County of Prince George's,,DBT,US,2025-11
US7417017Z31,US7417017Z31,7417017Z3,County of Prince George's,,DBT,US,2025-11
US741702AK06,US741702AK06,741702AK0,County of Prince George's,,DBT,US,2025-11
US741702AL88,US741702AL88,741702AL8,County of Prince George's,,DBT,US,2025-11
US741702BC70,US741702BC70,741702BC7,County of Prince George's,,DBT,US,2025-11
US741702BD53,US741702BD53,741702BD5,County of Prince George's,,DBT,US,2025-11
US741702BE37,US741702BE37,741702BE3,County of Prince George's,,DBT,US,2025-11
US741702BH67,US741702BH67,741702BH6,County of Prince George's,,DBT,US,2025-11
US786107UZ35,US786107UZ35,786107UZ3,County of Sacramento Airport System,,DBT,US,2025-11
US786107VB57,US786107VB57,786107VB5,County of Sacramento Airport System,,DBT,US,2025-11
US786107VZ26,US786107VZ26,786107VZ2,County of Sacramento Airport System,,DBT,US,2025-11
US801546QP05,US801546QP05,801546QP0,County of Santa Clara,,DBT,US,2025-11
US801546QQ87,US801546QQ87,801546QQ8,County of Santa Clara,,DBT,US,2025-11
US801546SD56,US801546SD56,801546SD5,County of Santa Clara,,DBT,US,2025-11
US821686X721,US821686X721,821686X72,County of Shelby,,DBT,US,2025-11
US821686Z478,US821686Z478,821686Z47,County of Shelby,,DBT,US,2025-11
US792069BD79,US792069BD79,792069BD7,County of St. Lucie,,DBT,US,2025-11
US9063954R69,US9063954R69,9063954R6,County of Union,,DBT,US,2025-11
US9063954U98,US9063954U98,9063954U9,County of Union,,DBT,US,2025-11
US930864GM92,US930864GM92,930864GM9,County of Wake,,DBT,US,2025-11
US930864GP24,US930864GP24,930864GP2,County of Wake,,DBT,US,2025-11
US930876FJ11,US930876FJ11,930876FJ1,County of Wake,,DBT,US,2025-11
US95736VBZ40,US95736VBZ40,95736VBZ4,County of Westchester,,DBT,US,2025-11
US9698876F04,US9698876F04,9698876F0,County of Williamson,,DBT,US,2025-11
US9698876L71,US9698876L71,9698876L7,County of Williamson,,DBT,US,2025-11
US969888AE64,US969888AE64,969888AE6,County of Williamson,,DBT,US,2025-11
US969888AF30,US969888AF30,969888AF3,County of Williamson,,DBT,US,2025-11
US969888EU60,US969888EU60,969888EU6,County of Williamson,,DBT,US,2025-11
US228130LD02,US228130LD02,228130LD0,Crowley Independent School District,,DBT,US,2025-11
US228130LX65,US228130LX65,228130LX6,Crowley Independent School District,,DBT,US,2025-11
US231266MV66,US231266MV66,231266MV6,Curators of the University of Missouri (The),,DBT,US,2025-11
US231266MW40,US231266MW40,231266MW4,Curators of the University of Missouri (The),,DBT,US,2025-11
US231266MZ70,US231266MZ70,231266MZ7,Curators of the University of Missouri (The),,DBT,US,2025-11
US232769CF43,US232769CF43,232769CF4,Cypress-Fairbanks Independent School District,,DBT,US,2025-11
US232769CG26,US232769CG26,232769CG2,Cypress-Fairbanks Independent School District,,DBT,US,2025-11
US232769DZ97,US232769DZ97,232769DZ9,Cypress-Fairbanks Independent School District,,DBT,US,2025-11
US232769EU91,US232769EU91,232769EU9,Cypress-Fairbanks Independent School District,,DBT,US,2025-11
US232769GV56,US232769GV56,232769GV5,Cypress-Fairbanks Independent School District,,DBT,US,2025-11
US232769LZ06,US232769LZ06,232769LZ0,Cypress-Fairbanks Independent School District,,DBT,US,2025-11
US232769MR70,US232769MR70,232769MR7,Cypress-Fairbanks Independent School District,,DBT,US,2025-11
US232769PU72,US232769PU72,232769PU7,Cypress-Fairbanks Independent School District,,DBT,US,2025-11
US232769QF96,US232769QF96,232769QF9,Cypress-Fairbanks Independent School District,,DBT,US,2025-11
US232769QJ19,US232769QJ19,232769QJ1,Cypress-Fairbanks Independent School District,,DBT,US,2026-02
US232769QK81,US232769QK81,232769QK8,Cypress-Fairbanks Independent School District,,DBT,US,2026-02
US232769QV47,US232769QV47,232769QV4,Cypress-Fairbanks Independent School District,,DBT,US,2026-02
US232769QW20,US232769QW20,232769QW2,Cypress-Fairbanks Independent School District,,DBT,US,2026-02
US232769QX03,US232769QX03,232769QX0,Cypress-Fairbanks Independent School District,,DBT,US,2026-02
US23503CBM82,US23503CBM82,23503CBM8,DALLAS-FORT WORTH TX INTERNATI,,DBT,US,2026-01
US23503CEF05,US23503CEF05,23503CEF0,DALLAS-FORT WORTH TX INTERNATI,,DBT,US,2026-02
US23503CEK99,US23503CEK99,23503CEK9,DALLAS-FORT WORTH TX INTERNATI,,DBT,US,2026-01
US23503CFC64,US23503CFC64,23503CFC6,DALLAS-FORT WORTH TX INTERNATI,,DBT,US,2026-01
US23503CGF86,US23503CGF86,23503CGF8,DALLAS-FORT WORTH TX INTERNATI,,DBT,US,2026-02
US24024BAA52,US24024BAA52,24024BAA5,DBR LAND HOLDINGS LLC,,DBT,US,2026-01
US233104AA67,US233104AA67,233104AA6,DCLI BIDCO LLC,,DBT,US,2026-01
US24229JAA16,US24229JAA16,24229JAA1,DEALER TIRE LLC/DT ISSR,,DBT,US,2026-01
US245505YR77,US245505YR77,245505YR7,DEL VALLE TX INDEP SCH DIST,,DBT,US,2026-02
US245903AB55,US245903AB55,245903AB5,DELAWARE CNTY PA INDL DEV AUTH,,DBT,US,2026-01
US246371AA65,US246371AA65,246371AA6,DELAWARE ST ECON DEV AUTH RETM,,DBT,US,2026-01
US24665FAC68,US24665FAC68,24665FAC6,DELEK LOG PART/FINANCE,,DBT,US,2026-01
US24665FAD42,US24665FAD42,24665FAD4,DELEK LOG PART/FINANCE,,DBT,US,2026-01
US24665FAE25,US24665FAE25,24665FAE2,DELEK LOG PART/FINANCE,,DBT,US,2026-02
US247025AE93,US247025AE93,247025AE9,DELL INC,,DBT,US,2026-03
US24703DBJ90,US24703DBJ90,24703DBJ9,DELL INT LLC / EMC CORP,,DBT,US,2026-01
US24703DBP50,US24703DBP50,24703DBP5,DELL INT LLC / EMC CORP,,DBT,US,2026-01
US24703DBR17,US24703DBR17,24703DBR1,DELL INT LLC / EMC CORP,,DBT,US,2026-01
US24703DBS99,US24703DBS99,24703DBS9,DELL INT LLC / EMC CORP,,DBT,US,2026-01
US24703TAE64,US24703TAE64,24703TAE6,DELL INT LLC / EMC CORP,,DBT,US,2026-01
US24703TAF30,US24703TAF30,24703TAF3,DELL INT LLC / EMC CORP,,DBT,US,2026-01
US24703TAG13,US24703TAG13,24703TAG1,DELL INT LLC / EMC CORP,,DBT,US,2026-01
US24703TAH95,US24703TAH95,24703TAH9,DELL INT LLC / EMC CORP,,DBT,US,2026-01
US24703TAL08,US24703TAL08,24703TAL0,DELL INT LLC / EMC CORP,,DBT,US,2026-01
US24703TAM80,US24703TAM80,24703TAM8,DELL INT LLC / EMC CORP,,DBT,US,2026-01
US249182SR85,US249182SR85,249182SR8,DENVER CITY & CNTY CO ARPT REV,,DBT,US,2026-01
US249182TK24,US249182TK24,249182TK2,DENVER CITY & CNTY CO ARPT REV,,DBT,US,2026-02
US249174ZE65,US249174ZE65,249174ZE6,DENVER CITY & CNTY CO SCH DIST,,DBT,US,2026-02
US241722HC48,US241722HC48,241722HC4,DESOTO TX INDEP SCH DIST,,DBT,US,2026-01
US25457VBV71,US25457VBV71,25457VBV7,DIRECTOR OF THE ST OF NEVADA D,,DBT,US,2026-02
US25461LAA08,US25461LAA08,25461LAA0,DIRECTV FIN LLC/COINC,,DBT,US,2026-01
US25461LAD47,US25461LAD47,25461LAD4,DIRECTV FIN LLC/COINC,,DBT,US,2026-01
US25461LAB80,US25461LAB80,25461LAB8,DIRECTV FINANCING LLC,,DBT,US,2026-01
US254945AA66,US254945AA66,254945AA6,DIRECTV FINANCING LLC,,DBT,US,2026-01
US55903VBB80,US55903VBB80,55903VBB8,DISCOVERY HOLDINGS INC,,DBT,US,2026-03
US55903VBL62,US55903VBL62,55903VBL6,DISCOVERY HOLDINGS INC,,DBT,US,2026-02
US55903VBQ59,US55903VBQ59,55903VBQ5,DISCOVERY HOLDINGS INC,,DBT,US,2026-02
US55903VBY83,US55903VBY83,55903VBY8,DISCOVERY HOLDINGS INC,,DBT,US,2026-02
US25470XAY13,US25470XAY13,25470XAY1,DISH DBS CORP,,DBT,US,2026-01
US25470XBB01,US25470XBB01,25470XBB0,DISH DBS CORP,,DBT,US,2026-01
US25470XBD66,US25470XBD66,25470XBD6,DISH DBS CORP,,DBT,US,2026-01
US25470XBE40,US25470XBE40,25470XBE4,DISH DBS CORP,,DBT,US,2026-01
US25470XBF15,US25470XBF15,25470XBF1,DISH DBS CORP,,DBT,US,2026-01
US25476FM213,US25476FM213,25476FM21,DIST OF COLUMBIA,,DBT,US,2026-02
US25476FXV56,US25476FXV56,25476FXV5,DIST OF COLUMBIA,,DBT,US,2026-01
US25477GTG00,US25477GTG00,25477GTG0,DIST OF COLUMBIA INCOME TAX SE,,DBT,US,2026-02
US25477GUM58,US25477GUM58,25477GUM5,DIST OF COLUMBIA INCOME TAX SE,,DBT,US,2026-01
US25477GUV57,US25477GUV57,25477GUV5,DIST OF COLUMBIA INCOME TAX SE,,DBT,US,2026-02
US25483VQX54,US25483VQX54,25483VQX5,DIST OF COLUMBIA REVENUE,,DBT,US,2026-01
US25483VSE55,US25483VSE55,25483VSE5,DIST OF COLUMBIA REVENUE,,DBT,US,2026-01
US25483VSF21,US25483VSF21,25483VSF2,DIST OF COLUMBIA REVENUE,,DBT,US,2026-01
US25483VVQ49,US25483VVQ49,25483VVQ4,DIST OF COLUMBIA REVENUE,,DBT,US,2026-01
US254845VW74,US254845VW74,254845VW7,DIST OF COLUMBIA WTR & SWR AUT,,DBT,US,2026-01
US25525PAB31,US25525PAB31,25525PAB3,DIVERSIFIED HEALTHCARE T,,DBT,US,2026-02
US25525PAE79,US25525PAE79,25525PAE7,DIVERSIFIED HEALTHCARE T,,DBT,US,2026-01
US81721MAM10,US81721MAM10,81721MAM1,DIVERSIFIED HEALTHCARE T,,DBT,US,2026-01
US70478JAA25,US70478JAA25,70478JAA2,DOMTAR CORP,,DBT,US,2026-01
US25830JAA97,US25830JAA97,25830JAA9,DORNOCH DEBT MERGER SUB,,DBT,US,2026-01
US25849JAA88,US25849JAA88,25849JAA8,DOTDASH MEREDITH INC,,DBT,US,2026-03
US26350TAB35,US26350TAB35,26350TAB3,DU PAGE CNTY IL SPL SVC AREA #,,DBT,US,2026-01
US262615KV87,US262615KV87,262615KV8,DU PAGE COOK & WILL CNTYS IL C,,DBT,US,2026-02
US235241EX08,US235241EX08,235241EX0,Dallas Area Rapid Transit,,DBT,US,2025-11
US235241EY80,US235241EY80,235241EY8,Dallas Area Rapid Transit,,DBT,US,2025-11
US235241SN79,US235241SN79,235241SN7,Dallas Area Rapid Transit,,DBT,US,2025-11
US235241TE61,US235241TE61,235241TE6,Dallas Area Rapid Transit,,DBT,US,2025-11
US235241TF37,US235241TF37,235241TF3,Dallas Area Rapid Transit,,DBT,US,2025-11
US235241TG10,US235241TG10,235241TG1,Dallas Area Rapid Transit,,DBT,US,2025-11
US235241WS11,US235241WS11,235241WS1,Dallas Area Rapid Transit,,DBT,US,2025-11
US2350365C00,US2350365C00,2350365C0,Dallas Fort Worth International Airport,,DBT,US,2025-11
US2350365F31,US2350365F31,2350365F3,Dallas Fort Worth International Airport,,DBT,US,2025-11
US2350365H96,US2350365H96,2350365H9,Dallas Fort Worth International Airport,,DBT,US,2025-11
US2350365K26,US2350365K26,2350365K2,Dallas Fort Worth International Airport,,DBT,US,2025-11
US2350365L09,US2350365L09,2350365L0,Dallas Fort Worth International Airport,,DBT,US,2025-11
US2350366B18,US2350366B18,2350366B1,Dallas Fort Worth International Airport,,DBT,US,2025-11
US2350366C90,US2350366C90,2350366C9,Dallas Fort Worth International Airport,,DBT,US,2025-11
US2350367U89,US2350367U89,2350367U8,Dallas Fort Worth International Airport,,DBT,US,2025-11
US23503CAK36,US23503CAK36,23503CAK3,Dallas Fort Worth International Airport,,DBT,US,2025-11
US23503CAL19,US23503CAL19,23503CAL1,Dallas Fort Worth International Airport,,DBT,US,2025-11
US23503CAV90,US23503CAV90,23503CAV9,Dallas Fort Worth International Airport,,DBT,US,2025-11
US23503CAX56,US23503CAX56,23503CAX5,Dallas Fort Worth International Airport,,DBT,US,2025-11
US23503CBJ53,US23503CBJ53,23503CBJ5,Dallas Fort Worth International Airport,,DBT,US,2025-11
US23503CBN65,US23503CBN65,23503CBN6,Dallas Fort Worth International Airport,,DBT,US,2025-11
US23503CCP05,US23503CCP05,23503CCP0,Dallas Fort Worth International Airport,,DBT,US,2025-11
US23503CCW55,US23503CCW55,23503CCW5,Dallas Fort Worth International Airport,,DBT,US,2025-11
US23503CCZ86,US23503CCZ86,23503CCZ8,Dallas Fort Worth International Airport,,DBT,US,2025-11
US23503CDD65,US23503CDD65,23503CDD6,Dallas Fort Worth International Airport,,DBT,US,2025-11
US23503CEB90,US23503CEB90,23503CEB9,Dallas Fort Worth International Airport,,DBT,US,2025-11
US23503CEE30,US23503CEE30,23503CEE3,Dallas Fort Worth International Airport,,DBT,US,2025-11
US23503CEG87,US23503CEG87,23503CEG8,Dallas Fort Worth International Airport,,DBT,US,2025-11
US23503CEJ27,US23503CEJ27,23503CEJ2,Dallas Fort Worth International Airport,,DBT,US,2025-11
US23503CFH51,US23503CFH51,23503CFH5,Dallas Fort Worth International Airport,,DBT,US,2025-11
US23503CFJ18,US23503CFJ18,23503CFJ1,Dallas Fort Worth International Airport,,DBT,US,2025-11
US235308C767,US235308C767,235308C76,Dallas Independent School District,,DBT,US,2025-11
US235308C924,US235308C924,235308C92,Dallas Independent School District,,DBT,US,2025-11
US235308Q221,US235308Q221,235308Q22,Dallas Independent School District,,DBT,US,2025-11
US235308Q486,US235308Q486,235308Q48,Dallas Independent School District,,DBT,US,2025-11
US235308Q551,US235308Q551,235308Q55,Dallas Independent School District,,DBT,US,2025-11
US235308Q635,US235308Q635,235308Q63,Dallas Independent School District,,DBT,US,2025-11
US235308Q890,US235308Q890,235308Q89,Dallas Independent School District,,DBT,US,2025-11
US235308Q973,US235308Q973,235308Q97,Dallas Independent School District,,DBT,US,2025-11
US235308U355,US235308U355,235308U35,Dallas Independent School District,,DBT,US,2025-11
US235308V833,US235308V833,235308V83,Dallas Independent School District,,DBT,US,2026-02
US235308W336,US235308W336,235308W33,Dallas Independent School District,,DBT,US,2026-02
US235308W583,US235308W583,235308W58,Dallas Independent School District,,DBT,US,2026-02
US235308W666,US235308W666,235308W66,Dallas Independent School District,,DBT,US,2026-02
US235308W740,US235308W740,235308W74,Dallas Independent School District,,DBT,US,2026-02
US235308W823,US235308W823,235308W82,Dallas Independent School District,,DBT,US,2026-02
US235308X326,US235308X326,235308X32,Dallas Independent School District,,DBT,US,2026-02
US235308X813,US235308X813,235308X81,Dallas Independent School District,,DBT,US,2026-02
US235308X995,US235308X995,235308X99,Dallas Independent School District,,DBT,US,2026-02
US235308Y233,US235308Y233,235308Y23,Dallas Independent School District,,DBT,US,2026-02
US235308YB34,US235308YB34,235308YB3,Dallas Independent School District,,DBT,US,2025-11
US235308YF48,US235308YF48,235308YF4,Dallas Independent School District,,DBT,US,2025-11
US246343LJ43,US246343LJ43,246343LJ4,Delaware River Joint Toll Bridge Commission,,DBT,US,2025-11
US246343LL98,US246343LL98,246343LL9,Delaware River Joint Toll Bridge Commission,,DBT,US,2025-11
US246352HC51,US246352HC51,246352HC5,Delaware River Port Authority,,DBT,US,2025-11
US246352HL50,US246352HL50,246352HL5,Delaware River Port Authority,,DBT,US,2025-11
US246352JE99,US246352JE99,246352JE9,Delaware River Port Authority,,DBT,US,2025-11
US246419BT18,US246419BT18,246419BT1,Delaware Transportation Authority,,DBT,US,2025-11
US246428K391,US246428K391,246428K39,Delaware Transportation Authority,,DBT,US,2025-11
US246428K474,US246428K474,246428K47,Delaware Transportation Authority,,DBT,US,2026-02
US246430AD46,US246430AD46,246430AD4,Delaware Transportation Authority,,DBT,US,2025-11
US246579ER39,US246579ER39,246579ER3,Delaware Valley Regional Finance Authority,,DBT,US,2025-11
US249002LS30,US249002LS30,249002LS3,Denton Independent School District,,DBT,US,2025-11
US249002LU85,US249002LU85,249002LU8,Denton Independent School District,,DBT,US,2025-11
US249002LV68,US249002LV68,249002LV6,Denton Independent School District,,DBT,US,2025-11
US249002LW42,US249002LW42,249002LW4,Denton Independent School District,,DBT,US,2025-11
US249002LZ72,US249002LZ72,249002LZ7,Denton Independent School District,,DBT,US,2025-11
US249002MC78,US249002MC78,249002MC7,Denton Independent School District,,DBT,US,2025-11
US249002NL68,US249002NL68,249002NL6,Denton Independent School District,,DBT,US,2025-11
US249002NM42,US249002NM42,249002NM4,Denton Independent School District,,DBT,US,2025-11
US249174SJ36,US249174SJ36,249174SJ3,Denver City & County School District No. 1,,DBT,US,2025-11
US249174VR15,US249174VR15,249174VR1,Denver City & County School District No. 1,,DBT,US,2025-11
US249174VS97,US249174VS97,249174VS9,Denver City & County School District No. 1,,DBT,US,2025-11
US249174YC19,US249174YC19,249174YC1,Denver City & County School District No. 1,,DBT,US,2025-11
US249174YN73,US249174YN73,249174YN7,Denver City & County School District No. 1,,DBT,US,2025-11
US249174YP22,US249174YP22,249174YP2,Denver City & County School District No. 1,,DBT,US,2025-11
US249174YW72,US249174YW72,249174YW7,Denver City & County School District No. 1,,DBT,US,2025-11
US249174YY39,US249174YY39,249174YY3,Denver City & County School District No. 1,,DBT,US,2025-11
US249174YZ04,US249174YZ04,249174YZ0,Denver City & County School District No. 1,,DBT,US,2025-11
US249174ZA44,US249174ZA44,249174ZA4,Denver City & County School District No. 1,,DBT,US,2025-11
US249174ZC00,US249174ZC00,249174ZC0,Denver City & County School District No. 1,,DBT,US,2025-11
US250375HB16,US250375HB16,250375HB1,Desert Community College District,,DBT,US,2025-11
US25476FA242,US25476FA242,25476FA24,District of Columbia,,DBT,US,2025-11
US25476FA325,US25476FA325,25476FA32,District of Columbia,,DBT,US,2025-11
US25476FA572,US25476FA572,25476FA57,District of Columbia,,DBT,US,2025-11
US25476FA994,US25476FA994,25476FA99,District of Columbia,,DBT,US,2025-11
US25476FB315,US25476FB315,25476FB31,District of Columbia,,DBT,US,2025-11
US25476FB497,US25476FB497,25476FB49,District of Columbia,,DBT,US,2025-11
US25476FE384,US25476FE384,25476FE38,District of Columbia,,DBT,US,2025-11
US25476FE467,US25476FE467,25476FE46,District of Columbia,,DBT,US,2025-11
US25476FF860,US25476FF860,25476FF86,District of Columbia,,DBT,US,2025-11
US25476FF944,US25476FF944,25476FF94,District of Columbia,,DBT,US,2025-11
US25476FH684,US25476FH684,25476FH68,District of Columbia,,DBT,US,2025-11
US25476FH841,US25476FH841,25476FH84,District of Columbia,,DBT,US,2025-11
US25476FK803,US25476FK803,25476FK80,District of Columbia,,DBT,US,2026-02
US25476FL488,US25476FL488,25476FL48,District of Columbia,,DBT,US,2026-02
US25476FL553,US25476FL553,25476FL55,District of Columbia,,DBT,US,2026-02
US25476FL975,US25476FL975,25476FL97,District of Columbia,,DBT,US,2026-02
US25476FM478,US25476FM478,25476FM47,District of Columbia,,DBT,US,2026-02
US25476FN385,US25476FN385,25476FN38,District of Columbia,,DBT,US,2026-02
US25476FQW13,US25476FQW13,25476FQW1,District of Columbia,,DBT,US,2025-11
US25476FSD14,US25476FSD14,25476FSD1,District of Columbia,,DBT,US,2025-11
US25476FTB49,US25476FTB49,25476FTB4,District of Columbia,,DBT,US,2025-11
US25476FUE68,US25476FUE68,25476FUE6,District of Columbia,,DBT,US,2025-11
US25476FUG17,US25476FUG17,25476FUG1,District of Columbia,,DBT,US,2025-11
US25476FUL02,US25476FUL02,25476FUL0,District of Columbia,,DBT,US,2025-11
US25476FUM84,US25476FUM84,25476FUM8,District of Columbia,,DBT,US,2025-11
US25476FVG08,US25476FVG08,25476FVG0,District of Columbia,,DBT,US,2025-11
US25476FWG98,US25476FWG98,25476FWG9,District of Columbia,,DBT,US,2025-11
US25476FXE32,US25476FXE32,25476FXE3,District of Columbia,,DBT,US,2025-11
US25476FXF07,US25476FXF07,25476FXF0,District of Columbia,,DBT,US,2025-11
US25476FXG89,US25476FXG89,25476FXG8,District of Columbia,,DBT,US,2025-11
US25476FXK91,US25476FXK91,25476FXK9,District of Columbia,,DBT,US,2025-11
US25476FXL74,US25476FXL74,25476FXL7,District of Columbia,,DBT,US,2025-11
US25476FXQ61,US25476FXQ61,25476FXQ6,District of Columbia,,DBT,US,2025-11
US25476FXU73,US25476FXU73,25476FXU7,District of Columbia,,DBT,US,2025-11
US25476FYJ10,US25476FYJ10,25476FYJ1,District of Columbia,,DBT,US,2025-11
US25476FYS19,US25476FYS19,25476FYS1,District of Columbia,,DBT,US,2025-11
US25476FYY86,US25476FYY86,25476FYY8,District of Columbia,,DBT,US,2025-11
US25476FZA91,US25476FZA91,25476FZA9,District of Columbia,,DBT,US,2025-11
US25476FZH45,US25476FZH45,25476FZH4,District of Columbia,,DBT,US,2025-11
US25476FZS00,US25476FZS00,25476FZS0,District of Columbia,,DBT,US,2025-11
US25476FZT82,US25476FZT82,25476FZT8,District of Columbia,,DBT,US,2025-11
US25476FZU55,US25476FZU55,25476FZU5,District of Columbia,,DBT,US,2025-11
US25476FZV39,US25476FZV39,25476FZV3,District of Columbia,,DBT,US,2025-11
US25476FZW12,US25476FZW12,25476FZW1,District of Columbia,,DBT,US,2025-11
US25476FZZ43,US25476FZZ43,25476FZZ4,District of Columbia,,DBT,US,2025-11
US25483VWV25,US25483VWV25,25483VWV2,District of Columbia,,DBT,US,2025-11
US25483VWW08,US25483VWW08,25483VWW0,District of Columbia,,DBT,US,2025-11
US25484JDJ60,US25484JDJ60,25484JDJ6,District of Columbia,,DBT,US,2025-11
US25477GNZ45,US25477GNZ45,25477GNZ4,District of Columbia Income Tax,,DBT,US,2025-11
US25477GPC32,US25477GPC32,25477GPC3,District of Columbia Income Tax,,DBT,US,2025-11
US25477GPD15,US25477GPD15,25477GPD1,District of Columbia Income Tax,,DBT,US,2025-11
US25477GPE97,US25477GPE97,25477GPE9,District of Columbia Income Tax,,DBT,US,2025-11
US25477GPF62,US25477GPF62,25477GPF6,District of Columbia Income Tax,,DBT,US,2025-11
US25477GPG46,US25477GPG46,25477GPG4,District of Columbia Income Tax,,DBT,US,2025-11
US25477GPH29,US25477GPH29,25477GPH2,District of Columbia Income Tax,,DBT,US,2025-11
US25477GPL31,US25477GPL31,25477GPL3,District of Columbia Income Tax,,DBT,US,2025-11
US25477GPN96,US25477GPN96,25477GPN9,District of Columbia Income Tax,,DBT,US,2025-11
US25477GPW95,US25477GPW95,25477GPW9,District of Columbia Income Tax,,DBT,US,2025-11
US25477GPX78,US25477GPX78,25477GPX7,District of Columbia Income Tax,,DBT,US,2025-11
US25477GPZ27,US25477GPZ27,25477GPZ2,District of Columbia Income Tax,,DBT,US,2025-11
US25477GRQ00,US25477GRQ00,25477GRQ0,District of Columbia Income Tax,,DBT,US,2025-11
US25477GRW77,US25477GRW77,25477GRW7,District of Columbia Income Tax,,DBT,US,2025-11
US25477GSF36,US25477GSF36,25477GSF3,District of Columbia Income Tax,,DBT,US,2025-11
US25477GSK21,US25477GSK21,25477GSK2,District of Columbia Income Tax,,DBT,US,2025-11
US25477GTF27,US25477GTF27,25477GTF2,District of Columbia Income Tax,,DBT,US,2025-11
US25477GUK92,US25477GUK92,25477GUK9,District of Columbia Income Tax,,DBT,US,2025-11
US25477GUR46,US25477GUR46,25477GUR4,District of Columbia Income Tax,,DBT,US,2025-11
US25477GVG71,US25477GVG71,25477GVG7,District of Columbia Income Tax,,DBT,US,2025-11
US25477GVH54,US25477GVH54,25477GVH5,District of Columbia Income Tax,,DBT,US,2025-11
US25477GVJ11,US25477GVJ11,25477GVJ1,District of Columbia Income Tax,,DBT,US,2025-11
US25477GVK83,US25477GVK83,25477GVK8,District of Columbia Income Tax,,DBT,US,2025-11
US25477GVL66,US25477GVL66,25477GVL6,District of Columbia Income Tax,,DBT,US,2025-11
US25477GVM40,US25477GVM40,25477GVM4,District of Columbia Income Tax,,DBT,US,2025-11
US25477GVN23,US25477GVN23,25477GVN2,District of Columbia Income Tax,,DBT,US,2025-11
US25477GVV49,US25477GVV49,25477GVV4,District of Columbia Income Tax,,DBT,US,2025-11
US25477GVW22,US25477GVW22,25477GVW2,District of Columbia Income Tax,,DBT,US,2025-11
US25477GVY87,US25477GVY87,25477GVY8,District of Columbia Income Tax,,DBT,US,2025-11
US25477GVZ52,US25477GVZ52,25477GVZ5,District of Columbia Income Tax,,DBT,US,2025-11
US25477GWB75,US25477GWB75,25477GWB7,District of Columbia Income Tax,,DBT,US,2025-11
US25477GWG62,US25477GWG62,25477GWG6,District of Columbia Income Tax,,DBT,US,2025-11
US25477GWM31,US25477GWM31,25477GWM3,District of Columbia Income Tax,,DBT,US,2025-11
US25477GWN14,US25477GWN14,25477GWN1,District of Columbia Income Tax,,DBT,US,2025-11
US25477GWH46,US25477GWH46,25477GWH4,District of Columbia Income Tax Revenue,,DBT,US,2026-02
US254845MN76,US254845MN76,254845MN7,District of Columbia Water & Sewer Authority,,DBT,US,2025-11
US254845MX58,US254845MX58,254845MX5,District of Columbia Water & Sewer Authority,,DBT,US,2025-11
US254845QA10,US254845QA10,254845QA1,District of Columbia Water & Sewer Authority,,DBT,US,2025-11
US254845TW03,US254845TW03,254845TW0,District of Columbia Water & Sewer Authority,,DBT,US,2025-11
US254845TY68,US254845TY68,254845TY6,District of Columbia Water & Sewer Authority,,DBT,US,2025-11
US254845UA63,US254845UA63,254845UA6,District of Columbia Water & Sewer Authority,,DBT,US,2025-11
US254845UB47,US254845UB47,254845UB4,District of Columbia Water & Sewer Authority,,DBT,US,2025-11
US254845UC20,US254845UC20,254845UC2,District of Columbia Water & Sewer Authority,,DBT,US,2025-11
US254845WC02,US254845WC02,254845WC0,District of Columbia Water & Sewer Authority,,DBT,US,2026-02
US254845WN66,US254845WN66,254845WN6,District of Columbia Water & Sewer Authority,,DBT,US,2026-02
US254845XB10,US254845XB10,254845XB1,District of Columbia Water & Sewer Authority,,DBT,US,2026-02
US254845XJ46,US254845XJ46,254845XJ4,District of Columbia Water & Sewer Authority,,DBT,US,2026-02
US259561TW87,US259561TW87,259561TW8,Douglas County Public Utility District No. 1 Wells Hydroelectric Project,,DBT,US,2025-11
US259030RA47,US259030RA47,259030RA4,Douglas County School District,,DBT,US,2025-11
US259030RB20,US259030RB20,259030RB2,Douglas County School District,,DBT,US,2025-11
US259030RC03,US259030RC03,259030RC0,Douglas County School District,,DBT,US,2025-11
US259030RN67,US259030RN67,259030RN6,Douglas County School District,,DBT,US,2025-11
US259030RQ98,US259030RQ98,259030RQ9,Douglas County School District,,DBT,US,2025-11
US258885S291,US258885S291,258885S29,Douglas County School District No. Re-1 Douglas & Elbert Counties,,DBT,US,2025-11
US258885S457,US258885S457,258885S45,Douglas County School District No. Re-1 Douglas & Elbert Counties,,DBT,US,2025-11
US26118TAW09,US26118TAW09,26118TAW0,Downtown Revitalization Public Infrastructure District,,DBT,US,2025-11
US26118TAX81,US26118TAX81,26118TAX8,Downtown Revitalization Public Infrastructure District,,DBT,US,2025-11
US26118TBU34,US26118TBU34,26118TBU3,Downtown Revitalization Public Infrastructure District,,DBT,US,2025-11
US26362VSV17,US26362VSV17,26362VSV1,Dublin Unified School District,,DBT,US,2025-11
US26362VTC27,US26362VTC27,26362VTC2,Dublin Unified School District,,DBT,US,2025-11
US26362VTG31,US26362VTG31,26362VTG3,Dublin Unified School District,,DBT,US,2025-11
US267045JX12,US267045JX12,267045JX1,Dutchess County Local Development Corp.,,DBT,US,2025-11
US267169HE33,US267169HE33,267169HE3,Duval County Public Schools,,DBT,US,2025-11
US26822LDV36,US26822LDV36,26822LDV3,E-470 Public Highway Authority,,DBT,US,2025-11
US26822LDW19,US26822LDW19,26822LDW1,E-470 Public Highway Authority,,DBT,US,2025-11
US26822LEN01,US26822LEN01,26822LEN0,E-470 Public Highway Authority,,DBT,US,2025-11
US26822LEP58,US26822LEP58,26822LEP5,E-470 Public Highway Authority,,DBT,US,2025-11
US26822LLN28,US26822LLN28,26822LLN2,E-470 Public Highway Authority,,DBT,US,2025-11
US26822LLS15,US26822LLS15,26822LLS1,E-470 Public Highway Authority,,DBT,US,2025-11
US26822LLT97,US26822LLT97,26822LLT9,E-470 Public Highway Authority,,DBT,US,2025-11
US269696TD20,US269696TD20,269696TD2,EAGLE MOUNTAIN & SAGINAW TX IN,,DBT,US,2026-01
US269696TE03,US269696TE03,269696TE0,EAGLE MOUNTAIN & SAGINAW TX IN,,DBT,US,2026-01
US289178AA37,US289178AA37,289178AA3,ELLUCIAN HOLDINGS INC,,DBT,US,2026-01
US29082KAA34,US29082KAA34,29082KAA3,EMBECTA CORP,,DBT,US,2026-01
US29103HAC16,US29103HAC16,29103HAC1,EMERA US FINANCE LLC,,DBT,US,2026-03
US29103DAJ54,US29103DAJ54,29103DAJ5,EMERA US FINANCE LP,,DBT,US,2026-01
US26873CAB81,US26873CAB81,26873CAB8,EMRLD BOR / EMRLD CO-ISS,,DBT,US,2026-01
US29103CAA62,US29103CAA62,29103CAA6,EMRLD BOR / EMRLD CO-ISS,,DBT,US,2026-01
US29281RAA77,US29281RAA77,29281RAA7,ENDO FINANCE HOLDINGS LP,,DBT,US,2026-02
US29281WAA62,US29281WAA62,29281WAA6,ENERFLEX INC,,DBT,US,2026-01
US292723AK96,US292723AK96,292723AK9,ENERGY S E AL A COOPERATIVE DI,,DBT,US,2026-01
US51808BAE20,US51808BAE20,51808BAE2,ENI USA INC,,DBT,US,2026-03
US29364DAU46,US29364DAU46,29364DAU4,ENTERGY ARKANSAS LLC,,DBT,US,2026-01
US29364NAT54,US29364NAT54,29364NAT5,ENTERGY MISSISSIPPI LLC,,DBT,US,2026-03
US29379VBH50,US29379VBH50,29379VBH5,ENTERPRISE PRODUCTS OPER,,DBT,US,2026-01
US29390XAG97,US29390XAG97,29390XAG9,EQUINIX EU 2 FINANCING C,,DBT,US,2026-01
CUSIP:26882SDL7,,26882SDL7,ERAC USA FINANCE LLC,,DBT,US,2026-03
CUSIP:26882SDP8,,26882SDP8,ERAC USA FINANCE LLC,,DBT,US,2026-03
CUSIP:26882SDQ6,,26882SDQ6,ERAC USA FINANCE LLC,,DBT,US,2026-03
CUSIP:749ESCAB5,,749ESCAB5,ESCROW RCN CORP,,DBT,US,2026-01
US29882DAB91,US29882DAB91,29882DAB9,EUSHI FINANCE INC,,DBT,US,2026-02
US29882DAC74,US29882DAC74,29882DAC7,EUSHI FINANCE INC,,DBT,US,2026-02
US30069UAA60,US30069UAA60,30069UAA6,EXCELERATE ENERGY LP,,DBT,US,2026-01
US30231GAT94,US30231GAT94,30231GAT9,EXXON MOBIL CORPORATION,,DBT,US,2026-01
US269696TF77,US269696TF77,269696TF7,Eagle Mountain & Saginaw Independent School District,,DBT,US,2025-11
US269696TQ33,US269696TQ33,269696TQ3,Eagle Mountain & Saginaw Independent School District,,DBT,US,2026-02
US270618FQ99,US270618FQ99,270618FQ9,East Baton Rouge Sewerage Commission,,DBT,US,2025-11
US270618HR54,US270618HR54,270618HR5,East Baton Rouge Sewerage Commission,,DBT,US,2025-11
US271014D418,US271014D418,271014D41,East Bay Municipal Utility District Water System,,DBT,US,2025-11
US271014D582,US271014D582,271014D58,East Bay Municipal Utility District Water System,,DBT,US,2025-11
US271014E812,US271014E812,271014E81,East Bay Municipal Utility District Water System,,DBT,US,2025-11
US271014F314,US271014F314,271014F31,East Bay Municipal Utility District Water System,,DBT,US,2025-11
US271014F561,US271014F561,271014F56,East Bay Municipal Utility District Water System,,DBT,US,2025-11
US271014J605,US271014J605,271014J60,East Bay Municipal Utility District Water System,,DBT,US,2025-11
US271014Q626,US271014Q626,271014Q62,East Bay Municipal Utility District Water System,,DBT,US,2025-11
US271014T448,US271014T448,271014T44,East Bay Municipal Utility District Water System,,DBT,US,2025-11
US271014T513,US271014T513,271014T51,East Bay Municipal Utility District Water System,,DBT,US,2025-11
US271014T695,US271014T695,271014T69,East Bay Municipal Utility District Water System,,DBT,US,2025-11
US271014U347,US271014U347,271014U34,East Bay Municipal Utility District Water System,,DBT,US,2025-11
US271014U834,US271014U834,271014U83,East Bay Municipal Utility District Water System,,DBT,US,2025-11
US271843AB05,US271843AB05,271843AB0,East County Advanced Water Purification Joint Powers Authority,,DBT,US,2025-11
US273735DW79,US273735DW79,273735DW7,East Montgomery County Improvement District Sales Tax,,DBT,US,2025-11
US27677SAW35,US27677SAW35,27677SAW3,Eastern Municipal Water District Financing Authority,,DBT,US,2025-11
US27677SBN27,US27677SBN27,27677SBN2,Eastern Municipal Water District Financing Authority,,DBT,US,2025-11
US282726DR60,US282726DR60,282726DR6,El Camino Community College District Fountation (The),,DBT,US,2025-11
US282726DT27,US282726DT27,282726DT2,El Camino Community College District Fountation (The),,DBT,US,2025-11
US282726DU99,US282726DU99,282726DU9,El Camino Community College District Fountation (The),,DBT,US,2025-11
US282726DV72,US282726DV72,282726DV7,El Camino Community College District Fountation (The),,DBT,US,2025-11
US282726DW55,US282726DW55,282726DW5,El Camino Community College District Fountation (The),,DBT,US,2025-11
US282726FE30,US282726FE30,282726FE3,El Camino Community College District Fountation (The),,DBT,US,2025-11
US282726FF05,US282726FF05,282726FF0,El Camino Community College District Fountation (The),,DBT,US,2025-11
US283059GC10,US283059GC10,283059GC1,El Dorado Irrigation District,,DBT,US,2025-11
US286533UM43,US286533UM43,286533UM4,Elgin Independent School District,,DBT,US,2025-11
US287281XP98,US287281XP98,287281XP9,Elk Grove Unified School District,,DBT,US,2025-11
US287281XQ71,US287281XQ71,287281XQ7,Elk Grove Unified School District,,DBT,US,2025-11
US64985TAE10,US64985TAE10,64985TAE1,Empire State Development Corp.,,DBT,US,2025-11
US64985TAF84,US64985TAF84,64985TAF8,Empire State Development Corp.,,DBT,US,2025-11
US64985TAJ07,US64985TAJ07,64985TAJ0,Empire State Development Corp.,,DBT,US,2025-11
US64985TAK79,US64985TAK79,64985TAK7,Empire State Development Corp.,,DBT,US,2025-11
US64985TAM36,US64985TAM36,64985TAM3,Empire State Development Corp.,,DBT,US,2025-11
US64985TAN19,US64985TAN19,64985TAN1,Empire State Development Corp.,,DBT,US,2025-11
US64985TAP66,US64985TAP66,64985TAP6,Empire State Development Corp.,,DBT,US,2025-11
US64985TAR23,US64985TAR23,64985TAR2,Empire State Development Corp.,,DBT,US,2025-11
US64985TCC36,US64985TCC36,64985TCC3,Empire State Development Corp.,,DBT,US,2025-11
US64985TCJ88,US64985TCJ88,64985TCJ8,Empire State Development Corp.,,DBT,US,2025-11
US64985TCL35,US64985TCL35,64985TCL3,Empire State Development Corp.,,DBT,US,2025-11
US64985TCN90,US64985TCN90,64985TCN9,Empire State Development Corp.,,DBT,US,2025-11
US64985TCR05,US64985TCR05,64985TCR0,Empire State Development Corp.,,DBT,US,2025-11
US64985TCS87,US64985TCS87,64985TCS8,Empire State Development Corp.,,DBT,US,2025-11
US64985TCU34,US64985TCU34,64985TCU3,Empire State Development Corp.,,DBT,US,2025-11
US64985TCX72,US64985TCX72,64985TCX7,Empire State Development Corp.,,DBT,US,2025-11
US64985TEG22,US64985TEG22,64985TEG2,Empire State Development Corp.,,DBT,US,2025-11
US64985TET43,US64985TET43,64985TET4,Empire State Development Corp.,,DBT,US,2025-11
US64985TFB26,US64985TFB26,64985TFB2,Empire State Development Corp.,,DBT,US,2025-11
US64985TGH86,US64985TGH86,64985TGH8,Empire State Development Corp.,,DBT,US,2025-11
US6500353T35,US6500353T35,6500353T3,Empire State Development Corp.,,DBT,US,2025-11
US6500353U08,US6500353U08,6500353U0,Empire State Development Corp.,,DBT,US,2025-11
US6500353W63,US6500353W63,6500353W6,Empire State Development Corp.,,DBT,US,2025-11
US6500354E56,US6500354E56,6500354E5,Empire State Development Corp.,,DBT,US,2025-11
US6500354G05,US6500354G05,6500354G0,Empire State Development Corp.,,DBT,US,2025-11
US6500354H87,US6500354H87,6500354H8,Empire State Development Corp.,,DBT,US,2025-11
US6500357J17,US6500357J17,6500357J1,Empire State Development Corp.,,DBT,US,2025-11
US6500357K89,US6500357K89,6500357K8,Empire State Development Corp.,,DBT,US,2025-11
US6500357Q59,US6500357Q59,6500357Q5,Empire State Development Corp.,,DBT,US,2025-11
US6500357U61,US6500357U61,6500357U6,Empire State Development Corp.,,DBT,US,2025-11
US6500357V45,US6500357V45,6500357V4,Empire State Development Corp.,,DBT,US,2025-11
US6500358A98,US6500358A98,6500358A9,Empire State Development Corp.,,DBT,US,2025-11
US6500358E11,US6500358E11,6500358E1,Empire State Development Corp.,,DBT,US,2025-11
US650035U558,US650035U558,650035U55,Empire State Development Corp.,,DBT,US,2025-11
US650036AG10,US650036AG10,650036AG1,Empire State Development Corp.,,DBT,US,2025-11
US650036AJ58,US650036AJ58,650036AJ5,Empire State Development Corp.,,DBT,US,2025-11
US650036AK22,US650036AK22,650036AK2,Empire State Development Corp.,,DBT,US,2025-11
US650036AP19,US650036AP19,650036AP1,Empire State Development Corp.,,DBT,US,2025-11
US650036BN51,US650036BN51,650036BN5,Empire State Development Corp.,,DBT,US,2025-11
US650036BQ82,US650036BQ82,650036BQ8,Empire State Development Corp.,,DBT,US,2025-11
US650036BR65,US650036BR65,650036BR6,Empire State Development Corp.,,DBT,US,2025-11
US650036BT22,US650036BT22,650036BT2,Empire State Development Corp.,,DBT,US,2025-11
US650036BU94,US650036BU94,650036BU9,Empire State Development Corp.,,DBT,US,2025-11
US650036BV77,US650036BV77,650036BV7,Empire State Development Corp.,,DBT,US,2025-11
US650036BX34,US650036BX34,650036BX3,Empire State Development Corp.,,DBT,US,2025-11
US650036BY17,US650036BY17,650036BY1,Empire State Development Corp.,,DBT,US,2025-11
US650036CA22,US650036CA22,650036CA2,Empire State Development Corp.,,DBT,US,2025-11
US650036CB05,US650036CB05,650036CB0,Empire State Development Corp.,,DBT,US,2025-11
US650036CD60,US650036CD60,650036CD6,Empire State Development Corp.,,DBT,US,2025-11
US650036CF19,US650036CF19,650036CF1,Empire State Development Corp.,,DBT,US,2025-11
US650036CH74,US650036CH74,650036CH7,Empire State Development Corp.,,DBT,US,2025-11
US650036CJ31,US650036CJ31,650036CJ3,Empire State Development Corp.,,DBT,US,2025-11
US650036CK04,US650036CK04,650036CK0,Empire State Development Corp.,,DBT,US,2025-11
US650036CL86,US650036CL86,650036CL8,Empire State Development Corp.,,DBT,US,2025-11
US650036CS30,US650036CS30,650036CS3,Empire State Development Corp.,,DBT,US,2025-11
US650036CY08,US650036CY08,650036CY0,Empire State Development Corp.,,DBT,US,2025-11
US650036CZ72,US650036CZ72,650036CZ7,Empire State Development Corp.,,DBT,US,2025-11
US650036DE35,US650036DE35,650036DE3,Empire State Development Corp.,,DBT,US,2025-11
US650036DF00,US650036DF00,650036DF0,Empire State Development Corp.,,DBT,US,2025-11
US650036DQ64,US650036DQ64,650036DQ6,Empire State Development Corp.,,DBT,US,2025-11
US650036FA94,US650036FA94,650036FA9,Empire State Development Corp.,,DBT,US,2025-11
US650036FW15,US650036FW15,650036FW1,Empire State Development Corp.,,DBT,US,2025-11
US650036GA85,US650036GA85,650036GA8,Empire State Development Corp.,,DBT,US,2025-11
US650036GB68,US650036GB68,650036GB6,Empire State Development Corp.,,DBT,US,2025-11
US650036GC42,US650036GC42,650036GC4,Empire State Development Corp.,,DBT,US,2025-11
US650036GN07,US650036GN07,650036GN0,Empire State Development Corp.,,DBT,US,2025-11
US650036GP54,US650036GP54,650036GP5,Empire State Development Corp.,,DBT,US,2025-11
US650036GR11,US650036GR11,650036GR1,Empire State Development Corp.,,DBT,US,2025-11
US650036HA76,US650036HA76,650036HA7,Empire State Development Corp.,,DBT,US,2025-11
US650036HD16,US650036HD16,650036HD1,Empire State Development Corp.,,DBT,US,2025-11
US650036HE98,US650036HE98,650036HE9,Empire State Development Corp.,,DBT,US,2025-11
US650036JT40,US650036JT40,650036JT4,Empire State Development Corp.,,DBT,US,2025-11
US29270C2F12,US29270C2F12,29270C2F1,Energy Northwest,,DBT,US,2025-11
US29270C2H77,US29270C2H77,29270C2H7,Energy Northwest,,DBT,US,2025-11
US29270C2T16,US29270C2T16,29270C2T1,Energy Northwest,,DBT,US,2025-11
US29270C3B98,US29270C3B98,29270C3B9,Energy Northwest,,DBT,US,2025-11
US29270C3Q67,US29270C3Q67,29270C3Q6,Energy Northwest,,DBT,US,2025-11
US29270C4E29,US29270C4E29,29270C4E2,Energy Northwest,,DBT,US,2025-11
US29270C4K88,US29270C4K88,29270C4K8,Energy Northwest,,DBT,US,2025-11
US29270C4L61,US29270C4L61,29270C4L6,Energy Northwest,,DBT,US,2025-11
US29270C4M45,US29270C4M45,29270C4M4,Energy Northwest,,DBT,US,2025-11
US29270C4N28,US29270C4N28,29270C4N2,Energy Northwest,,DBT,US,2025-11
US29270C4Q58,US29270C4Q58,29270C4Q5,Energy Northwest,,DBT,US,2025-11
US29270C4U60,US29270C4U60,29270C4U6,Energy Northwest,,DBT,US,2025-11
US29270C5G67,US29270C5G67,29270C5G6,Energy Northwest,,DBT,US,2025-11
US29270C5L52,US29270C5L52,29270C5L5,Energy Northwest,,DBT,US,2025-11
US29270C5U51,US29270C5U51,29270C5U5,Energy Northwest,,DBT,US,2025-11
US29270C5V35,US29270C5V35,29270C5V3,Energy Northwest,,DBT,US,2025-11
US29270C6L44,US29270C6L44,29270C6L4,Energy Northwest,,DBT,US,2025-11
US29270C6T79,US29270C6T79,29270C6T7,Energy Northwest,,DBT,US,2025-11
US29270C6V26,US29270C6V26,29270C6V2,Energy Northwest,,DBT,US,2025-11
US29270C6X81,US29270C6X81,29270C6X8,Energy Northwest,,DBT,US,2025-11
US29270C7C36,US29270C7C36,29270C7C3,Energy Northwest,,DBT,US,2025-11
US29270C7E91,US29270C7E91,29270C7E9,Energy Northwest,,DBT,US,2025-11
US29270CJ227,US29270CJ227,29270CJ22,Energy Northwest,,DBT,US,2025-11
US29270CR311,US29270CR311,29270CR31,Energy Northwest,,DBT,US,2025-11
US29270CU455,US29270CU455,29270CU45,Energy Northwest,,DBT,US,2025-11
US29270CU521,US29270CU521,29270CU52,Energy Northwest,,DBT,US,2025-11
US29270CV933,US29270CV933,29270CV93,Energy Northwest,,DBT,US,2025-11
US29270CY903,US29270CY903,29270CY90,Energy Northwest,,DBT,US,2025-11
US29270CZ249,US29270CZ249,29270CZ24,Energy Northwest,,DBT,US,2025-11
US296353LZ60,US296353LZ60,296353LZ6,Escondido Union High School District,,DBT,US,2025-11
US296353MA01,US296353MA01,296353MA0,Escondido Union High School District,,DBT,US,2025-11
US31222PAW14,US31222PAW14,31222PAW1,FAYETTE CNTY GA DEV AUTH REVEN,,DBT,US,2026-01
US31222PAX96,US31222PAX96,31222PAX9,FAYETTE CNTY GA DEV AUTH REVEN,,DBT,US,2026-01
US3137H9JP59,US3137H9JP59,3137H9JP5,FEDERAL HOME LOAN MTGE CORP MU,,DBT,US,2026-02
US3137H9JQ33,US3137H9JQ33,3137H9JQ3,FEDERAL HOME LOAN MTGE CORP MU,,DBT,US,2026-02
US314352AA31,US314352AA31,314352AA3,FEDEX FREIGHT HOLDING CO,,DBT,US,2026-03
US314382AA01,US314382AA01,314382AA0,FELLS POINT FUNDING TRUST,,DBT,US,2026-03
US315289AC26,US315289AC26,315289AC2,FERRELLGAS LP/FERRELLGAS,,DBT,US,2026-01
US315292AU60,US315292AU60,315292AU6,FERRELLGAS LP/FERRELLGAS,,DBT,US,2026-01
US31620MBR60,US31620MBR60,31620MBR6,FIDELITY NATL INFO SERV,,DBT,US,2026-01
US31659AAA43,US31659AAA43,31659AAA4,FIESTA PURCHASER INC,,DBT,US,2026-01
US33767QAC06,US33767QAC06,33767QAC0,FIRSTENERGY PENN ELECTRI,,DBT,US,2026-03
US338042EE04,US338042EE04,338042EE0,FISHERS TOWN HALL BLDG CORP IN,,DBT,US,2026-02
US338042EH35,US338042EH35,338042EH3,FISHERS TOWN HALL BLDG CORP IN,,DBT,US,2026-02
US33834YAC21,US33834YAC21,33834YAC2,FIVE POINT OPERATING CO,,DBT,US,2026-01
US33853QAA94,US33853QAA94,33853QAA9,FLASH COMPUTE LLC,,DBT,US,2026-01
US34077UAH32,US34077UAH32,34077UAH3,FLORIDA LOC GOVT FIN COMMISSIO,,DBT,US,2026-01
US345856AV07,US345856AV07,345856AV0,FOREST LAKE MN CHARTER SCH LEA,,DBT,US,2026-01
US347658ZX77,US347658ZX77,347658ZX7,FORT LAUDERDALE FL WTR & SWR R,,DBT,US,2026-02
US348172VW44,US348172VW44,348172VW4,FORT MYERS FL UTILITY REVENUE,,DBT,US,2026-02
US349461FC20,US349461FC20,349461FC2,FORT WORTH TX INDEP SCH DIST,,DBT,US,2026-02
US349507DT78,US349507DT78,349507DT7,FORT WORTH TX SPL TAX REVENUE,,DBT,US,2026-02
US349507DU42,US349507DU42,349507DU4,FORT WORTH TX SPL TAX REVENUE,,DBT,US,2026-02
US34966MAA09,US34966MAA09,34966MAA0,FORTRESS INTERMEDIATE,,DBT,US,2026-01
US350930AF07,US350930AF07,350930AF0,FOUNDRY JV HOLDCO LLC,,DBT,US,2026-01
US351136HR06,US351136HR06,351136HR0,FOWLER CA UNIF SCH DIST,,DBT,US,2026-02
US35641AAA60,US35641AAA60,35641AAA6,FREEDOM MORTGAGE HOLD,,DBT,US,2026-01
US35641AAB44,US35641AAB44,35641AAB4,FREEDOM MORTGAGE HOLD,,DBT,US,2026-01
US35641AAC27,US35641AAC27,35641AAC2,FREEDOM MORTGAGE HOLD,,DBT,US,2026-01
US35641AAD00,US35641AAD00,35641AAD0,FREEDOM MORTGAGE HOLD,,DBT,US,2026-02
US35641AAE82,US35641AAE82,35641AAE8,FREEDOM MORTGAGE HOLD,,DBT,US,2026-01
US30312CAD56,US30312CAD56,30312CAD5,FRETE 2019-ML06 TRUST,,DBT,US,2026-02
US35833FAC95,US35833FAC95,35833FAC9,FRETE 2020-ML07 TRUST,,DBT,US,2026-02
US30318LAK35,US30318LAK35,30318LAK3,FRETE 2021-ML08 TRUST,,DBT,US,2026-02
US30319NAA00,US30319NAA00,30319NAA0,FRETE 2021-ML09 TRUST,,DBT,US,2026-02
US35833JAE73,US35833JAE73,35833JAE7,FRETE 2021-ML10 TRUST,,DBT,US,2026-02
US35833JAG22,US35833JAG22,35833JAG2,FRETE 2021-ML10 TRUST,,DBT,US,2026-02
US302610AD23,US302610AD23,302610AD2,FRETE 2021-ML11 TRUST,,DBT,US,2026-02
US35833TAB17,US35833TAB17,35833TAB1,FRETE 2021-ML12 TRUST,,DBT,US,2026-02
US35906ABF49,US35906ABF49,35906ABF4,FRONTIER COMMUNICATIONS,,DBT,US,2026-01
US35906ABG22,US35906ABG22,35906ABG2,FRONTIER COMMUNICATIONS,,DBT,US,2026-01
US35908MAA80,US35908MAA80,35908MAA8,FRONTIER COMMUNICATIONS,,DBT,US,2026-01
US35908MAB63,US35908MAB63,35908MAB6,FRONTIER COMMUNICATIONS,,DBT,US,2026-01
US35908MAD20,US35908MAD20,35908MAD2,FRONTIER COMMUNICATIONS,,DBT,US,2026-01
US35908MAE03,US35908MAE03,35908MAE0,FRONTIER COMMUNICATIONS,,DBT,US,2026-01
US337120AA74,US337120AA74,337120AA7,FRST STU BID/FRST TRANS,,DBT,US,2026-01
US359427AD34,US359427AD34,359427AD3,FRUITA CO HLTHCARE REVENUE,,DBT,US,2026-02
US360059AM10,US360059AM10,360059AM1,FULTON CNTY GA RSDL CARE FACS,,DBT,US,2026-01
US312391BL83,US312391BL83,312391BL8,Fayette County School District,,DBT,US,2025-11
US34160PEC95,US34160PEC95,34160PEC9,Florida Department of Management Services,,DBT,US,2025-11
US34074EAC30,US34074EAC30,34074EAC3,"Florida Insurance Assistance Interlocal Agency, Inc.",,DBT,US,2025-11
US34074EAD13,US34074EAD13,34074EAD1,"Florida Insurance Assistance Interlocal Agency, Inc.",,DBT,US,2025-11
US34074EAE95,US34074EAE95,34074EAE9,"Florida Insurance Assistance Interlocal Agency, Inc.",,DBT,US,2025-11
US342816U456,US342816U456,342816U45,Florida Municipal Power Agency,,DBT,US,2025-11
US342816U522,US342816U522,342816U52,Florida Municipal Power Agency,,DBT,US,2025-11
US342816U787,US342816U787,342816U78,Florida Municipal Power Agency,,DBT,US,2025-11
US345102GH43,US345102GH43,345102GH4,Foothill-De Anza Community College District,,DBT,US,2025-11
US345102GK71,US345102GK71,345102GK7,Foothill-De Anza Community College District,,DBT,US,2025-11
US345102GT80,US345102GT80,345102GT8,Foothill-De Anza Community College District,,DBT,US,2025-11
US345102JC29,US345102JC29,345102JC2,Foothill-De Anza Community College District,,DBT,US,2025-11
US345102MW46,US345102MW46,345102MW4,Foothill-De Anza Community College District,,DBT,US,2025-11
US345105BA75,US345105BA75,345105BA7,Foothill-Eastern Transportation Corridor Agency,,DBT,US,2025-11
US345105BC32,US345105BC32,345105BC3,Foothill-Eastern Transportation Corridor Agency,,DBT,US,2025-11
US345105BE97,US345105BE97,345105BE9,Foothill-Eastern Transportation Corridor Agency,,DBT,US,2025-11
US345105GT12,US345105GT12,345105GT1,Foothill-Eastern Transportation Corridor Agency,,DBT,US,2025-11
US345105HF09,US345105HF09,345105HF0,Foothill-Eastern Transportation Corridor Agency,,DBT,US,2025-11
US345105HH64,US345105HH64,345105HH6,Foothill-Eastern Transportation Corridor Agency,,DBT,US,2025-11
US345105HT03,US345105HT03,345105HT0,Foothill-Eastern Transportation Corridor Agency,,DBT,US,2025-11
US345105HU75,US345105HU75,345105HU7,Foothill-Eastern Transportation Corridor Agency,,DBT,US,2025-11
US345105HZ62,US345105HZ62,345105HZ6,Foothill-Eastern Transportation Corridor Agency,,DBT,US,2025-11
US345105JA93,US345105JA93,345105JA9,Foothill-Eastern Transportation Corridor Agency,,DBT,US,2025-11
US345105JH47,US345105JH47,345105JH4,Foothill-Eastern Transportation Corridor Agency,,DBT,US,2025-11
US345105JL58,US345105JL58,345105JL5,Foothill-Eastern Transportation Corridor Agency,,DBT,US,2025-11
US346609KT64,US346609KT64,346609KT6,Forsyth County Water & Sewerage Authority,,DBT,US,2025-11
US346843NC58,US346843NC58,346843NC5,Fort Bend Independent School District,,DBT,US,2025-11
US346843VT91,US346843VT91,346843VT9,Fort Bend Independent School District,,DBT,US,2025-11
US3494606Y65,US3494606Y65,3494606Y6,Fort Worth Independent School District,,DBT,US,2025-11
US349461FF50,US349461FF50,349461FF5,Fort Worth Independent School District,,DBT,US,2025-11
US349461FW83,US349461FW83,349461FW8,Fort Worth Independent School District,,DBT,US,2026-02
US357172F598,US357172F598,357172F59,Fremont Union High School District,,DBT,US,2025-11
US357172L943,US357172L943,357172L94,Fremont Union High School District,,DBT,US,2025-11
US357172XG50,US357172XG50,357172XG5,Fremont Union High School District,,DBT,US,2025-11
US357172ZW82,US357172ZW82,357172ZW8,Fremont Union High School District,,DBT,US,2025-11
US357866K439,US357866K439,357866K43,Frenship Independent School District,,DBT,US,2025-11
US35880C2N36,US35880C2N36,35880C2N3,Frisco Independent School District,,DBT,US,2025-11
US35880C6F65,US35880C6F65,35880C6F6,Frisco Independent School District,,DBT,US,2025-11
US35880C6G49,US35880C6G49,35880C6G4,Frisco Independent School District,,DBT,US,2025-11
US35880C6R04,US35880C6R04,35880C6R0,Frisco Independent School District,,DBT,US,2025-11
US35880CZZ03,US35880CZZ03,35880CZZ0,Frisco Independent School District,,DBT,US,2025-11
US366504AA61,US366504AA61,366504AA6,GARRETT MOTION HLD/SARL,,DBT,US,2026-03
US367398AA27,US367398AA27,367398AA2,GATES CORPORATION/DE,,DBT,US,2026-01
US36266GAA58,US36266GAA58,36266GAA5,GE HEALTHCARE TECH INC,,DBT,US,2026-01
US36266GAB32,US36266GAB32,36266GAB3,GE HEALTHCARE TECH INC,,DBT,US,2026-01
US36266GAD97,US36266GAD97,36266GAD9,GE HEALTHCARE TECH INC,,DBT,US,2026-01
US36267VAF04,US36267VAF04,36267VAF0,GE HEALTHCARE TECH INC,,DBT,US,2026-01
US36267VAH69,US36267VAH69,36267VAH6,GE HEALTHCARE TECH INC,,DBT,US,2026-01
US36846VAA17,US36846VAA17,36846VAA1,GEE AUTOMOTIVE HOLDINGS,,DBT,US,2026-03
US37185LAL62,US37185LAL62,37185LAL6,GENESIS ENERGY LP/FIN,,DBT,US,2026-01
US37185LAN29,US37185LAN29,37185LAN2,GENESIS ENERGY LP/FIN,,DBT,US,2026-01
US37185LAP76,US37185LAP76,37185LAP7,GENESIS ENERGY LP/FIN,,DBT,US,2026-01
US37185LAQ59,US37185LAQ59,37185LAQ5,GENESIS ENERGY LP/FIN,,DBT,US,2026-02
US37185LAR33,US37185LAR33,37185LAR3,GENESIS ENERGY LP/FIN,,DBT,US,2026-02
US37185LAS16,US37185LAS16,37185LAS1,GENESIS ENERGY LP/FIN,,DBT,US,2026-02
US37255JAB89,US37255JAB89,37255JAB8,GENTING NY LLC/GENNY CAP,,DBT,US,2026-01
US373385KR37,US373385KR37,373385KR3,GEORGIA ST,,DBT,US,2026-01
US373385MQ36,US373385MQ36,373385MQ3,GEORGIA ST,,DBT,US,2026-01
US373298BR83,US373298BR83,373298BR8,GEORGIA-PACIFIC LLC,,DBT,US,2026-01
US36273TAA88,US36273TAA88,36273TAA8,GFL ENVIRONMENTAL HOL,,DBT,US,2026-01
US37959GAG29,US37959GAG29,37959GAG2,GLOBAL ATLANTIC FIN CO,,DBT,US,2026-02
US37959GAH02,US37959GAH02,37959GAH0,GLOBAL ATLANTIC FIN CO,,DBT,US,2026-02
US37954FAJ30,US37954FAJ30,37954FAJ3,GLOBAL PART/GLP FINANCE,,DBT,US,2026-01
US37954FAK03,US37954FAK03,37954FAK0,GLOBAL PART/GLP FINANCE,,DBT,US,2026-02
US37954FAL85,US37954FAL85,37954FAL8,GLOBAL PART/GLP FINANCE,,DBT,US,2026-02
US361841AK54,US361841AK54,361841AK5,GLP CAPITAL LP / FIN II,,DBT,US,2026-01
US361841AL38,US361841AL38,361841AL3,GLP CAPITAL LP / FIN II,,DBT,US,2026-01
US361841AP42,US361841AP42,361841AP4,GLP CAPITAL LP / FIN II,,DBT,US,2026-01
US38016LAA35,US38016LAA35,38016LAA3,GO DADDY OPCO/FINCO,,DBT,US,2026-01
US38016LAC90,US38016LAC90,38016LAC9,GO DADDY OPCO/FINCO,,DBT,US,2026-01
US38021MAA45,US38021MAA45,38021MAA4,GOAT HOLDCO LLC,,DBT,US,2026-01
US38152BAA98,US38152BAA98,38152BAA9,GOLDMAN SACHS PRIVATE CR,,DBT,US,2026-03
US38152BAC54,US38152BAC54,38152BAC5,GOLDMAN SACHS PRIVATE CR,,DBT,US,2026-01
US38152BAE11,US38152BAE11,38152BAE1,GOLDMAN SACHS PRIVATE CR,,DBT,US,2026-01
US38152BAG68,US38152BAG68,38152BAG6,GOLDMAN SACHS PRIVATE CR,,DBT,US,2026-01
US38152BAJ08,US38152BAJ08,38152BAJ0,GOLDMAN SACHS PRIVATE CR,,DBT,US,2026-03
US38179RAB15,US38179RAB15,38179RAB1,GOLUB CAPITAL CAP FND,,DBT,US,2026-01
US38179RAD70,US38179RAD70,38179RAD7,GOLUB CAPITAL CAP FND,,DBT,US,2026-01
US38179RAE53,US38179RAE53,38179RAE5,GOLUB CAPITAL CAP FND,,DBT,US,2026-01
US38179RAG02,US38179RAG02,38179RAG0,GOLUB CAPITAL CAP FND,,DBT,US,2026-01
US38349YAA38,US38349YAA38,38349YAA3,GOTO GROUP INC,,DBT,US,2026-03
US38349YAB11,US38349YAB11,38349YAB1,GOTO GROUP INC,,DBT,US,2026-03
US36262BAA08,US36262BAA08,36262BAA0,GPS HOSPITALITY HOLDING,,DBT,US,2026-01
US38431AAB26,US38431AAB26,38431AAB2,GRAFTECH GLOBAL ENTERPRI,,DBT,US,2026-01
US38528UAE64,US38528UAE64,38528UAE6,GRAND CANYON UNIVERSITY,,DBT,US,2026-01
US39081JEV61,US39081JEV61,39081JEV6,GREAT LAKES MI WTR AUTH WTR SP,,DBT,US,2026-01
US39167GLR01,US39167GLR01,39167GLR0,GREATER CLARK IN BLDG CORP,,DBT,US,2026-02
US394532LN38,US394532LN38,394532LN3,GREENE CNTY MO REORG SCH DIST#,,DBT,US,2026-02
US394532LP85,US394532LP85,394532LP8,GREENE CNTY MO REORG SCH DIST#,,DBT,US,2026-02
US40010PAC23,US40010PAC23,40010PAC2,GRUBHUB HOLDINGS INC,,DBT,US,2026-01
US392275EL34,US392275EL34,392275EL3,GTR ORLANDO FL AVIATION AUTH A,,DBT,US,2026-02
US392275FE81,US392275FE81,392275FE8,GTR ORLANDO FL AVIATION AUTH A,,DBT,US,2026-02
US40065NDF15,US40065NDF15,40065NDF1,GUAM GOVT BUSINESS PRIVILEGE T,,DBT,US,2026-01
US40065NDG97,US40065NDG97,40065NDG9,GUAM GOVT BUSINESS PRIVILEGE T,,DBT,US,2026-01
US402040AS81,US402040AS81,402040AS8,GUITAR CENTER INC,,DBT,US,2026-01
US365418BX94,US365418BX94,365418BX9,Garden State Preservation Trust,,DBT,US,2025-11
US3661552D01,US3661552D01,3661552D0,Garland Independent School District,,DBT,US,2025-11
US373046F487,US373046F487,373046F48,Georgetown Independent School District,,DBT,US,2025-11
US373046G626,US373046G626,373046G62,Georgetown Independent School District,,DBT,US,2025-11
US373046G709,US373046G709,373046G70,Georgetown Independent School District,,DBT,US,2025-11
US373586GM27,US373586GM27,373586GM2,Georgia Ports Authority,,DBT,US,2025-11
US373586GN00,US373586GN00,373586GN0,Georgia Ports Authority,,DBT,US,2025-11
US373586GQ31,US373586GQ31,373586GQ3,Georgia Ports Authority,,DBT,US,2025-11
US373586GR14,US373586GR14,373586GR1,Georgia Ports Authority,,DBT,US,2025-11
US373586GU43,US373586GU43,373586GU4,Georgia Ports Authority,,DBT,US,2025-11
US373586GZ30,US373586GZ30,373586GZ3,Georgia Ports Authority,,DBT,US,2025-11
US373586HA79,US373586HA79,373586HA7,Georgia Ports Authority,,DBT,US,2025-11
US373586HC36,US373586HC36,373586HC3,Georgia Ports Authority,,DBT,US,2025-11
US373586HE91,US373586HE91,373586HE9,Georgia Ports Authority,,DBT,US,2025-11
US373586HG40,US373586HG40,373586HG4,Georgia Ports Authority,,DBT,US,2025-11
US373586HJ88,US373586HJ88,373586HJ8,Georgia Ports Authority,,DBT,US,2025-11
US373586HM18,US373586HM18,373586HM1,Georgia Ports Authority,,DBT,US,2025-11
US373586HQ22,US373586HQ22,373586HQ2,Georgia Ports Authority,,DBT,US,2025-11
US373586HR05,US373586HR05,373586HR0,Georgia Ports Authority,,DBT,US,2025-11
US373586HU34,US373586HU34,373586HU3,Georgia Ports Authority,,DBT,US,2025-11
US373586HV17,US373586HV17,373586HV1,Georgia Ports Authority,,DBT,US,2025-11
US373586HW99,US373586HW99,373586HW9,Georgia Ports Authority,,DBT,US,2025-11
US37358MEH07,US37358MEH07,37358MEH0,Georgia State Road & Tollway Authority,,DBT,US,2025-11
US37358MEJ62,US37358MEJ62,37358MEJ6,Georgia State Road & Tollway Authority,,DBT,US,2025-11
US37358MEN74,US37358MEN74,37358MEN7,Georgia State Road & Tollway Authority,,DBT,US,2025-11
US37358MEP23,US37358MEP23,37358MEP2,Georgia State Road & Tollway Authority,,DBT,US,2025-11
US37358MEX56,US37358MEX56,37358MEX5,Georgia State Road & Tollway Authority,,DBT,US,2025-11
US37358MEY30,US37358MEY30,37358MEY3,Georgia State Road & Tollway Authority,,DBT,US,2025-11
US37358MFC01,US37358MFC01,37358MFC0,Georgia State Road & Tollway Authority,,DBT,US,2025-11
US37530ABV98,US37530ABV98,37530ABV9,Gilbert Water Resource Municipal Property Corp.,,DBT,US,2025-11
US37530ABW71,US37530ABW71,37530ABW7,Gilbert Water Resource Municipal Property Corp.,,DBT,US,2025-11
US378394LA66,US378394LA66,378394LA6,Glendale Community College District,,DBT,US,2026-02
US38611TBL08,US38611TBL08,38611TBL0,Grand Parkway Transportation Corp.,,DBT,US,2025-11
US38611TBM80,US38611TBM80,38611TBM8,Grand Parkway Transportation Corp.,,DBT,US,2025-11
US38611TBP12,US38611TBP12,38611TBP1,Grand Parkway Transportation Corp.,,DBT,US,2025-11
US38611TBQ94,US38611TBQ94,38611TBQ9,Grand Parkway Transportation Corp.,,DBT,US,2025-11
US38611TBR77,US38611TBR77,38611TBR7,Grand Parkway Transportation Corp.,,DBT,US,2025-11
US38611TCB17,US38611TCB17,38611TCB1,Grand Parkway Transportation Corp.,,DBT,US,2025-11
US38611TCC99,US38611TCC99,38611TCC9,Grand Parkway Transportation Corp.,,DBT,US,2025-11
US38611TCD72,US38611TCD72,38611TCD7,Grand Parkway Transportation Corp.,,DBT,US,2025-11
US38611TDQ76,US38611TDQ76,38611TDQ7,Grand Parkway Transportation Corp.,,DBT,US,2025-11
US386442WM56,US386442WM56,386442WM5,Grand River Dam Authority,,DBT,US,2025-11
US386442WN30,US386442WN30,386442WN3,Grand River Dam Authority,,DBT,US,2025-11
US386442WP87,US386442WP87,386442WP8,Grand River Dam Authority,,DBT,US,2025-11
US386442WQ60,US386442WQ60,386442WQ6,Grand River Dam Authority,,DBT,US,2025-11
US386442ZX84,US386442ZX84,386442ZX8,Grand River Dam Authority,,DBT,US,2025-11
US386442ZY67,US386442ZY67,386442ZY6,Grand River Dam Authority,,DBT,US,2025-11
US386442ZZ33,US386442ZZ33,386442ZZ3,Grand River Dam Authority,,DBT,US,2025-11
US387883C906,US387883C906,387883C90,Grant County Public Utility District No. 2 Priest Rapids Hydroelectric Project,,DBT,US,2025-11
US387883D243,US387883D243,387883D24,Grant County Public Utility District No. 2 Priest Rapids Hydroelectric Project,,DBT,US,2025-11
US3886407K44,US3886407K44,3886407K4,Grapevine-Colleyville Independent School District,,DBT,US,2025-11
US389712HP83,US389712HP83,389712HP8,Grayson County Junior College District,,DBT,US,2025-11
US39081HFG20,US39081HFG20,39081HFG2,Great Lakes Water Authority Sewage Disposal Sys,,DBT,US,2025-11
US39081HGQ92,US39081HGQ92,39081HGQ9,Great Lakes Water Authority Sewage Disposal Sys,,DBT,US,2025-11
US39081HBY71,US39081HBY71,39081HBY7,Great Lakes Water Authority Sewage Disposal System,,DBT,US,2025-11
US39081HEQ11,US39081HEQ11,39081HEQ1,Great Lakes Water Authority Sewage Disposal System,,DBT,US,2025-11
US39081HER93,US39081HER93,39081HER9,Great Lakes Water Authority Sewage Disposal System,,DBT,US,2025-11
US39081HGA41,US39081HGA41,39081HGA4,Great Lakes Water Authority Sewage Disposal System,,DBT,US,2025-11
US39081HGH93,US39081HGH93,39081HGH9,Great Lakes Water Authority Sewage Disposal System,,DBT,US,2025-11
US39081HGU05,US39081HGU05,39081HGU0,Great Lakes Water Authority Sewage Disposal System,,DBT,US,2025-11
US39081JAA60,US39081JAA60,39081JAA6,Great Lakes Water Authority Water Supply System,,DBT,US,2025-11
US39081JAG31,US39081JAG31,39081JAG3,Great Lakes Water Authority Water Supply System,,DBT,US,2025-11
US39081JAH14,US39081JAH14,39081JAH1,Great Lakes Water Authority Water Supply System,,DBT,US,2025-11
US39081JAJ79,US39081JAJ79,39081JAJ7,Great Lakes Water Authority Water Supply System,,DBT,US,2025-11
US39081JAZ12,US39081JAZ12,39081JAZ1,Great Lakes Water Authority Water Supply System,,DBT,US,2025-11
US39081JBE73,US39081JBE73,39081JBE7,Great Lakes Water Authority Water Supply System,,DBT,US,2025-11
US39081JEU88,US39081JEU88,39081JEU8,Great Lakes Water Authority Water Supply System,,DBT,US,2025-11
US39081JHA97,US39081JHA97,39081JHA9,Great Lakes Water Authority Water Supply System,,DBT,US,2025-11
US39081JHN19,US39081JHN19,39081JHN1,Great Lakes Water Authority Water Supply System,,DBT,US,2025-11
US39081JHS06,US39081JHS06,39081JHS0,Great Lakes Water Authority Water Supply System,,DBT,US,2025-11
US39081JHU51,US39081JHU51,39081JHU5,Great Lakes Water Authority Water Supply System,,DBT,US,2025-11
US39081JHV35,US39081JHV35,39081JHV3,Great Lakes Water Authority Water Supply System,,DBT,US,2025-11
US392643WC20,US392643WC20,392643WC2,Green Bay Area Public School District,,DBT,US,2025-11
US396066JG89,US396066JG89,396066JG8,Greenville County School District,,DBT,US,2025-11
US396730NY53,US396730NY53,396730NY5,Greenville Independent School District,,DBT,US,2026-02
US396730PY36,US396730PY36,396730PY3,Greenville Independent School District,,DBT,US,2026-02
US397370KJ58,US397370KJ58,397370KJ5,Greenwood Independent School District,,DBT,US,2025-11
US397586TD06,US397586TD06,397586TD0,Gregory-Portland Independent School District,,DBT,US,2025-11
US399267DF79,US399267DF79,399267DF7,Grossmont-Cuyamaca Community College District,,DBT,US,2025-11
US403755V658,US403755V658,403755V65,Gwinnett County School District,,DBT,US,2025-11
US403755Y470,US403755Y470,403755Y47,Gwinnett County School District,,DBT,US,2025-11
US40408AAA97,US40408AAA97,40408AAA9,HA SUSTAINABLE INF CAP,,DBT,US,2026-01
US40518JAA79,US40518JAA79,40518JAA7,HAH GROUP HOLDING CO LLC,,DBT,US,2026-03
US40727RBU14,US40727RBU14,40727RBU1,HAMILTON CNTY OH HLTH CARE REV,,DBT,US,2026-01
US40727RCL06,US40727RCL06,40727RCL0,HAMILTON CNTY OH HLTH CARE REV,,DBT,US,2026-01
US40727RDH84,US40727RDH84,40727RDH8,HAMILTON CNTY OH HLTH CARE REV,,DBT,US,2026-01
US40727RDJ41,US40727RDJ41,40727RDJ4,HAMILTON CNTY OH HLTH CARE REV,,DBT,US,2026-01
US407272W252,US407272W252,407272W25,HAMILTON CNTY OH HOSP FACS REV,,DBT,US,2026-02
US407311AC31,US407311AC31,407311AC3,HAMILTON CNTY OH STUDENT REVEN,,DBT,US,2026-01
CUSIP:41282KD70,,41282KD70,HARLEY-DAVIDSON FINANCIAL SERVICES INC,,DBT,US,2026-03
CUSIP:41282KD88,,41282KD88,HARLEY-DAVIDSON FINANCIAL SERVICES INC,,DBT,US,2026-03
CUSIP:41282KDG0,,41282KDG0,HARLEY-DAVIDSON FINANCIAL SERVICES INC,,DBT,US,2026-03
US414009LE88,US414009LE88,414009LE8,HARRIS CNTY TX CULTURAL EDU FA,,DBT,US,2026-01
US414009TQ37,US414009TQ37,414009TQ3,HARRIS CNTY TX CULTURAL EDU FA,,DBT,US,2026-01
US41315RGV06,US41315RGV06,41315RGV0,HARRIS CNTY TX HLTH FACS DEV C,,DBT,US,2026-01
US41415UBW53,US41415UBW53,41415UBW5,HARRIS CNTY TX HOSP DIST CTFS,,DBT,US,2026-02
US414189AK69,US414189AK69,414189AK6,HARRIS CNTY TX INDL DEV CORP,,DBT,US,2026-01
US413890GV05,US413890GV05,413890GV0,HARRIS CNTY-HOUSTON TX SPORTS,,DBT,US,2026-01
US413890GW87,US413890GW87,413890GW8,HARRIS CNTY-HOUSTON TX SPORTS,,DBT,US,2026-01
US40414LAQ23,US40414LAQ23,40414LAQ2,HEALTHPEAK OP LLC,,DBT,US,2026-01
US40414LAR06,US40414LAR06,40414LAR0,HEALTHPEAK OP LLC,,DBT,US,2026-01
US42250PAA12,US42250PAA12,42250PAA1,HEALTHPEAK OP LLC,,DBT,US,2026-01
US42250PAD50,US42250PAD50,42250PAD5,HEALTHPEAK OP LLC,,DBT,US,2026-01
US426170UN42,US426170UN42,426170UN4,HENRICO CNTY VA WTR & SWR REVE,,DBT,US,2026-01
US428102AE79,US428102AE79,428102AE7,HESS MIDSTREAM OPERATION,,DBT,US,2026-01
US428102AF45,US428102AF45,428102AF4,HESS MIDSTREAM OPERATION,,DBT,US,2026-01
US428102AG28,US428102AG28,428102AG2,HESS MIDSTREAM OPERATION,,DBT,US,2026-01
US428102AH01,US428102AH01,428102AH0,HESS MIDSTREAM OPERATION,,DBT,US,2026-01
US428104AA14,US428104AA14,428104AA1,HESS MIDSTREAM OPERATION,,DBT,US,2026-01
US431318AS36,US431318AS36,431318AS3,HILCORP ENERGY I/HILCORP,,DBT,US,2026-01
US431318AU81,US431318AU81,431318AU8,HILCORP ENERGY I/HILCORP,,DBT,US,2026-01
US431318AV64,US431318AV64,431318AV6,HILCORP ENERGY I/HILCORP,,DBT,US,2026-02
US431318AY04,US431318AY04,431318AY0,HILCORP ENERGY I/HILCORP,,DBT,US,2026-01
US431318AZ78,US431318AZ78,431318AZ7,HILCORP ENERGY I/HILCORP,,DBT,US,2026-01
US431318BC74,US431318BC74,431318BC7,HILCORP ENERGY I/HILCORP,,DBT,US,2026-02
US431318BE31,US431318BE31,431318BE3,HILCORP ENERGY I/HILCORP,,DBT,US,2026-02
US431318BG88,US431318BG88,431318BG8,HILCORP ENERGY I/HILCORP,,DBT,US,2026-02
US432308K605,US432308K605,432308K60,HILLSBOROUGH CNTY FL AVIATION,,DBT,US,2026-01
US43233KAA25,US43233KAA25,43233KAA2,HILLSBOROUGH CNTY FLA INDL DEV,,DBT,US,2026-01
US43233KAE47,US43233KAE47,43233KAE4,HILLSBOROUGH CNTY FLA INDL DEV,,DBT,US,2026-01
US43283QAC42,US43283QAC42,43283QAC4,HILTON GRAND VAC LLC/INC,,DBT,US,2026-02
US43284MAA62,US43284MAA62,43284MAA6,HILTON GRAND VAC LLC/INC,,DBT,US,2026-01
US43284MAB46,US43284MAB46,43284MAB4,HILTON GRAND VAC LLC/INC,,DBT,US,2026-02
US432891AK52,US432891AK52,432891AK5,HILTON WORLDWIDE FIN LLC,,DBT,US,2026-01
US40390DAC92,US40390DAC92,40390DAC9,HLF FIN SARL LLC/HERBALI,,DBT,US,2026-01
US40390DAD75,US40390DAD75,40390DAD7,HLF FIN SARL LLC/HERBALI,,DBT,US,2026-01
US435765AH53,US435765AH53,435765AH5,HOLLY NRG PRTNR/FIN CORP,,DBT,US,2026-03
US43849RAA32,US43849RAA32,43849RAA3,HONEYWELL AEROSPACE INC,,DBT,US,2026-03
US43849RAC97,US43849RAC97,43849RAC9,HONEYWELL AEROSPACE INC,,DBT,US,2026-03
US439413EK78,US439413EK78,439413EK7,HOPE CA ELEM SCH DIST,,DBT,US,2026-02
US43990FAA66,US43990FAA66,43990FAA6,HORIZON MUTUAL HOLDINGS,,DBT,US,2026-03
US440671AW57,US440671AW57,440671AW5,HORRY CNTY SC LTD OBLIG,,DBT,US,2026-02
US442722AC80,US442722AC80,442722AC8,HOWARD MIDSTREAM ENERGY,,DBT,US,2026-02
US442722AD63,US442722AD63,442722AD6,HOWARD MIDSTREAM ENERGY,,DBT,US,2026-02
US40440VAF22,US40440VAF22,40440VAF2,HPS CORPORATE LENDING FU,,DBT,US,2026-03
US40440VAH87,US40440VAH87,40440VAH8,HPS CORPORATE LENDING FU,,DBT,US,2026-03
US40440VAL99,US40440VAL99,40440VAL9,HPS CORPORATE LENDING FU,,DBT,US,2026-03
US40440VAQ86,US40440VAQ86,40440VAQ8,HPS CORPORATE LENDING FU,,DBT,US,2026-03
US42239PAB58,US42239PAB58,42239PAB5,HRT DNT / HRT DNT FIN,,DBT,US,2026-01
US444454AD48,US444454AD48,444454AD4,HUGHES SATELLITE SYSTEMS,,DBT,US,2026-01
US444454AF95,US444454AF95,444454AF9,HUGHES SATELLITE SYSTEMS,,DBT,US,2026-01
US409327HH94,US409327HH94,409327HH9,Hampton Roads Sanitation District,,DBT,US,2025-11
US409327HQ93,US409327HQ93,409327HQ9,Hampton Roads Sanitation District,,DBT,US,2025-11
US409327MT77,US409327MT77,409327MT7,Hampton Roads Sanitation District,,DBT,US,2025-11
US409327MU41,US409327MU41,409327MU4,Hampton Roads Sanitation District,,DBT,US,2025-11
US409328AR23,US409328AR23,409328AR2,Hampton Roads Transportation Accountability Commission,,DBT,US,2025-11
US409328AV35,US409328AV35,409328AV3,Hampton Roads Transportation Accountability Commission,,DBT,US,2025-11
US409328AX90,US409328AX90,409328AX9,Hampton Roads Transportation Accountability Commission,,DBT,US,2025-11
US409328BR14,US409328BR14,409328BR1,Hampton Roads Transportation Accountability Commission,,DBT,US,2025-11
US409328BT79,US409328BT79,409328BT7,Hampton Roads Transportation Accountability Commission,,DBT,US,2025-11
US409328CR05,US409328CR05,409328CR0,Hampton Roads Transportation Accountability Commission,,DBT,US,2025-11
US40934TAQ67,US40934TAQ67,40934TAQ6,Hampton Roads Transportation Accountability Commission,,DBT,US,2025-11
US40934TAS24,US40934TAS24,40934TAS2,Hampton Roads Transportation Accountability Commission,,DBT,US,2025-11
US40934TAT07,US40934TAT07,40934TAT0,Hampton Roads Transportation Accountability Commission,,DBT,US,2025-11
US40934TAW36,US40934TAW36,40934TAW3,Hampton Roads Transportation Accountability Commission,,DBT,US,2025-11
US4211102J52,US4211102J52,4211102J5,Hays Consolidated Independent School District,,DBT,US,2026-02
US421111AT27,US421111AT27,421111AT2,Hays Consolidated Independent School District,,DBT,US,2025-11
US421111AW55,US421111AW55,421111AW5,Hays Consolidated Independent School District,,DBT,US,2025-11
US421207BJ98,US421207BJ98,421207BJ9,Hayward Area Recreation & Park District,,DBT,US,2025-11
US4212905A17,US4212905A17,4212905A1,Hayward Unified School District,,DBT,US,2025-11
US421295BS41,US421295BS41,421295BS4,Hayward Unified School District,,DBT,US,2025-11
US421295BT24,US421295BT24,421295BT2,Hayward Unified School District,,DBT,US,2025-11
US426362NN56,US426362NN56,426362NN5,Henry County School District,,DBT,US,2025-11
US426362NP05,US426362NP05,426362NP0,Henry County School District,,DBT,US,2025-11
US426362NQ87,US426362NQ87,426362NQ8,Henry County School District,,DBT,US,2025-11
US430686RX51,US430686RX51,430686RX5,Highland Park Independent School District,,DBT,US,2025-11
US939307JK14,US939307JK14,939307JK1,Hillsboro School District No. 1J,,DBT,US,2025-11
US432275AA35,US432275AA35,432275AA3,Hillsborough County Aviation Authority,,DBT,US,2025-11
US432308S541,US432308S541,432308S54,Hillsborough County Aviation Authority,,DBT,US,2025-11
US440673K834,US440673K834,440673K83,Horry County School District,,DBT,US,2025-11
US442378GP45,US442378GP45,442378GP4,Houston Higher Education Finance Corp.,,DBT,US,2025-11
US442403KV24,US442403KV24,442403KV2,Houston Independent School District,,DBT,US,2025-11
US442403KW07,US442403KW07,442403KW0,Houston Independent School District,,DBT,US,2025-11
US442403LZ29,US442403LZ29,442403LZ2,Houston Independent School District,,DBT,US,2025-11
US442403MB42,US442403MB42,442403MB4,Houston Independent School District,,DBT,US,2025-11
US442403QL87,US442403QL87,442403QL8,Houston Independent School District,,DBT,US,2025-11
US442403QM60,US442403QM60,442403QM6,Houston Independent School District,,DBT,US,2025-11
US442403RD52,US442403RD52,442403RD5,Houston Independent School District,,DBT,US,2025-11
US442403RT05,US442403RT05,442403RT0,Houston Independent School District,,DBT,US,2025-11
US442403SF91,US442403SF91,442403SF9,Houston Independent School District,,DBT,US,2025-11
US443114WS80,US443114WS80,443114WS8,Howell Public Schools,,DBT,US,2025-11
US44420RAK68,US44420RAK68,44420RAK6,Hudson Yards Infrastructure Corp.,,DBT,US,2025-11
US44420RAP55,US44420RAP55,44420RAP5,Hudson Yards Infrastructure Corp.,,DBT,US,2025-11
US44420RAS94,US44420RAS94,44420RAS9,Hudson Yards Infrastructure Corp.,,DBT,US,2025-11
US44420RAV24,US44420RAV24,44420RAV2,Hudson Yards Infrastructure Corp.,,DBT,US,2025-11
US44420RAW07,US44420RAW07,44420RAW0,Hudson Yards Infrastructure Corp.,,DBT,US,2025-11
US44420RAX89,US44420RAX89,44420RAX8,Hudson Yards Infrastructure Corp.,,DBT,US,2025-11
US44420RBA77,US44420RBA77,44420RBA7,Hudson Yards Infrastructure Corp.,,DBT,US,2025-11
US44420RBC34,US44420RBC34,44420RBC3,Hudson Yards Infrastructure Corp.,,DBT,US,2025-11
US44420RBF64,US44420RBF64,44420RBF6,Hudson Yards Infrastructure Corp.,,DBT,US,2025-11
US44420RBH21,US44420RBH21,44420RBH2,Hudson Yards Infrastructure Corp.,,DBT,US,2025-11
US44420RBT68,US44420RBT68,44420RBT6,Hudson Yards Infrastructure Corp.,,DBT,US,2025-11
US44420RCC25,US44420RCC25,44420RCC2,Hudson Yards Infrastructure Corp.,,DBT,US,2025-11
US445047NE92,US445047NE92,445047NE9,Humble Independent School District,,DBT,US,2025-11
US445047NH24,US445047NH24,445047NH2,Humble Independent School District,,DBT,US,2025-11
US445047NJ89,US445047NJ89,445047NJ8,Humble Independent School District,,DBT,US,2025-11
US445047PE74,US445047PE74,445047PE7,Humble Independent School District,,DBT,US,2025-11
US445047QB27,US445047QB27,445047QB2,Humble Independent School District,,DBT,US,2026-02
US447819KL64,US447819KL64,447819KL6,Hurst-Euless-Bedford Independent School District,,DBT,US,2026-02
US451102BT32,US451102BT32,451102BT3,ICAHN ENTERPRISES/FIN,,DBT,US,2026-01
US451102BZ91,US451102BZ91,451102BZ9,ICAHN ENTERPRISES/FIN,,DBT,US,2026-01
US451102CC97,US451102CC97,451102CC9,ICAHN ENTERPRISES/FIN,,DBT,US,2026-01
US451102CF29,US451102CF29,451102CF2,ICAHN ENTERPRISES/FIN,,DBT,US,2026-01
US451102CJ41,US451102CJ41,451102CJ4,ICAHN ENTERPRISES/FIN,,DBT,US,2026-01
US451102CK14,US451102CK14,451102CK1,ICAHN ENTERPRISES/FIN,,DBT,US,2026-01
US45130ACR41,US45130ACR41,45130ACR4,IDAHO ST HSG & FIN ASSN SALES,,DBT,US,2026-01
US4521522J98,US4521522J98,4521522J9,ILLINOIS ST,,DBT,US,2026-01
US452152Q203,US452152Q203,452152Q20,ILLINOIS ST,,DBT,US,2026-01
US452152Q617,US452152Q617,452152Q61,ILLINOIS ST,,DBT,US,2026-01
US452153AV19,US452153AV19,452153AV1,ILLINOIS ST,,DBT,US,2026-01
US452153FL81,US452153FL81,452153FL8,ILLINOIS ST,,DBT,US,2026-01
US452153KX64,US452153KX64,452153KX6,ILLINOIS ST,,DBT,US,2026-01
US45203H8V73,US45203H8V73,45203H8V7,ILLINOIS ST FIN AUTH REVENUE,,DBT,US,2026-01
US452252PQ68,US452252PQ68,452252PQ6,ILLINOIS ST TOLL HIGHWAY AUTH,,DBT,US,2026-02
US452252QX01,US452252QX01,452252QX0,ILLINOIS ST TOLL HIGHWAY AUTH,,DBT,US,2026-02
US452252QY83,US452252QY83,452252QY8,ILLINOIS ST TOLL HIGHWAY AUTH,,DBT,US,2026-02
US45258LAA52,US45258LAA52,45258LAA5,IMOLA MERGER CORP,,DBT,US,2026-01
CUSIP:000000000,,000000000,INCORA TOP HOLDCO LLC 6 31JA,,DBT,US,2026-01
US45505MNG77,US45505MNG77,45505MNG7,INDIANA FIN AUTH IN WSTWTR UTI,,DBT,US,2026-01
US45470YGE59,US45470YGE59,45470YGE5,INDIANA ST FIN AUTH HLTH SYS R,,DBT,US,2026-01
US45471AUS94,US45471AUS94,45471AUS9,INDIANA ST FIN AUTH HOSP REVEN,,DBT,US,2026-01
US45506ENZ24,US45506ENZ24,45506ENZ2,INDIANA ST FIN AUTH REVENUE,,DBT,US,2026-01
US45506EPE76,US45506EPE76,45506EPE7,INDIANA ST FIN AUTH REVENUE,,DBT,US,2026-02
US454898VR57,US454898VR57,454898VR5,INDIANA ST MUNI PWR AGY,,DBT,US,2026-01
US454898YB78,US454898YB78,454898YB7,INDIANA ST MUNI PWR AGY,,DBT,US,2026-01
US45528U6X43,US45528U6X43,45528U6X4,INDIANAPOLIS IN LOCAL PUBLIC I,,DBT,US,2026-01
US45528U6Y26,US45528U6Y26,45528U6Y2,INDIANAPOLIS IN LOCAL PUBLIC I,,DBT,US,2026-01
US45528U7V77,US45528U7V77,45528U7V7,INDIANAPOLIS IN LOCAL PUBLIC I,,DBT,US,2026-02
US456142AA68,US456142AA68,456142AA6,INDUSTRIAL F&B INV,,DBT,US,2026-03
US45690BAA35,US45690BAA35,45690BAA3,INFINITY NATURAL RESOURC,,DBT,US,2026-03
US45734TAJ34,US45734TAJ34,45734TAJ3,INLAND EMPIRE CA TOBACCO SECUR,,DBT,US,2026-02
US46150DAA00,US46150DAA00,46150DAA0,INVERSION ESCROW ISSUER,,DBT,US,2026-01
US46188BAB80,US46188BAB80,46188BAB8,INVITATION HOMES OP,,DBT,US,2026-01
US46206AAA07,US46206AAA07,46206AAA0,ION PLAT FIN US/SARL,,DBT,US,2026-01
US46206AAB89,US46206AAB89,46206AAB8,ION PLAT FIN US/SARL,,DBT,US,2026-01
US46206AAD46,US46206AAD46,46206AAD4,ION PLAT FIN US/SARL,,DBT,US,2026-01
US46206AAE29,US46206AAE29,46206AAE2,ION PLAT FIN US/SARL,,DBT,US,2026-01
US46206AAF93,US46206AAF93,46206AAF9,ION PLAT FIN US/SARL,,DBT,US,2026-01
US46205QAB41,US46205QAB41,46205QAB4,ION PLATFORM FINANCE US,,DBT,US,2026-01
US46246SAU96,US46246SAU96,46246SAU9,IOWA ST FIN AUTH MIDWSTRN DISA,,DBT,US,2026-01
US46263RRM96,US46263RRM96,46263RRM9,IPS MULTI-SCH BLDG CORP IN,,DBT,US,2026-02
US449934AD05,US449934AD05,449934AD0,IQVIA INC,,DBT,US,2026-01
US46266TAA60,US46266TAA60,46266TAA6,IQVIA INC,,DBT,US,2026-01
US46266TAC27,US46266TAC27,46266TAC2,IQVIA INC,,DBT,US,2026-01
US46266TAD00,US46266TAD00,46266TAD0,IQVIA INC,,DBT,US,2026-01
US46266TAF57,US46266TAF57,46266TAF5,IQVIA INC,,DBT,US,2026-01
US46266TAG31,US46266TAG31,46266TAG3,IQVIA INC,,DBT,US,2026-01
US462914AA05,US462914AA05,462914AA0,IRIS HOLDING INC,,DBT,US,2026-01
US46285MAA80,US46285MAA80,46285MAA8,IRON MOUNTAIN INFO MGMT,,DBT,US,2026-02
US45074JAA25,US45074JAA25,45074JAA2,ITT HOLDINGS LLC,,DBT,US,2026-01
US45129WMR87,US45129WMR87,45129WMR8,Idaho Housing & Finance Association,,DBT,US,2025-11
US45129WQG86,US45129WQG86,45129WQG8,Idaho Housing & Finance Association,,DBT,US,2025-11
US45130ADP75,US45130ADP75,45130ADP7,Idaho Housing & Finance Association,,DBT,US,2025-11
US45130ADQ58,US45130ADQ58,45130ADQ5,Idaho Housing & Finance Association,,DBT,US,2025-11
US451446AE84,US451446AE84,451446AE8,Idaho State Building Authority,,DBT,US,2025-11
US451446AG33,US451446AG33,451446AG3,Idaho State Building Authority,,DBT,US,2025-11
US451446AH16,US451446AH16,451446AH1,Idaho State Building Authority,,DBT,US,2025-11
US451446AK45,US451446AK45,451446AK4,Idaho State Building Authority,,DBT,US,2025-11
US45203HB505,US45203HB505,45203HB50,Illinois Finance Authority,,DBT,US,2025-11
US45204ED704,US45204ED704,45204ED70,Illinois Finance Authority,,DBT,US,2025-11
US45204EX942,US45204EX942,45204EX94,Illinois Finance Authority,,DBT,US,2025-11
US45204EY288,US45204EY288,45204EY28,Illinois Finance Authority,,DBT,US,2025-11
US45204FC372,US45204FC372,45204FC37,Illinois Finance Authority,,DBT,US,2025-11
US45204FC521,US45204FC521,45204FC52,Illinois Finance Authority,,DBT,US,2025-11
US45204FC604,US45204FC604,45204FC60,Illinois Finance Authority,,DBT,US,2025-11
US45204FE352,US45204FE352,45204FE35,Illinois Finance Authority,,DBT,US,2025-11
US45204FFT75,US45204FFT75,45204FFT7,Illinois Finance Authority,,DBT,US,2025-11
US45204FFU49,US45204FFU49,45204FFU4,Illinois Finance Authority,,DBT,US,2025-11
US45204FFX87,US45204FFX87,45204FFX8,Illinois Finance Authority,,DBT,US,2025-11
US45204FFY60,US45204FFY60,45204FFY6,Illinois Finance Authority,,DBT,US,2025-11
US45204FGV13,US45204FGV13,45204FGV1,Illinois Finance Authority,,DBT,US,2025-11
US45204FR982,US45204FR982,45204FR98,Illinois Finance Authority,,DBT,US,2025-11
US45204FS303,US45204FS303,45204FS30,Illinois Finance Authority,,DBT,US,2025-11
US45204FWD31,US45204FWD31,45204FWD3,Illinois Finance Authority,,DBT,US,2025-11
US45204FWF88,US45204FWF88,45204FWF8,Illinois Finance Authority,,DBT,US,2025-11
US45204FWZ43,US45204FWZ43,45204FWZ4,Illinois Finance Authority,,DBT,US,2025-11
US45204FXA82,US45204FXA82,45204FXA8,Illinois Finance Authority,,DBT,US,2025-11
US45204FXD22,US45204FXD22,45204FXD2,Illinois Finance Authority,,DBT,US,2025-11
US45204FXE05,US45204FXE05,45204FXE0,Illinois Finance Authority,,DBT,US,2025-11
US452024JK93,US452024JK93,452024JK9,Illinois Municipal Electric Agency,,DBT,US,2025-11
US452024JL76,US452024JL76,452024JL7,Illinois Municipal Electric Agency,,DBT,US,2025-11
US452024JN33,US452024JN33,452024JN3,Illinois Municipal Electric Agency,,DBT,US,2025-11
US452024JP80,US452024JP80,452024JP8,Illinois Municipal Electric Agency,,DBT,US,2025-11
US452024JQ63,US452024JQ63,452024JQ6,Illinois Municipal Electric Agency,,DBT,US,2025-11
US452252JT71,US452252JT71,452252JT7,Illinois State Toll Highway Authority,,DBT,US,2025-11
US452252JU45,US452252JU45,452252JU4,Illinois State Toll Highway Authority,,DBT,US,2025-11
US452252KS79,US452252KS79,452252KS7,Illinois State Toll Highway Authority,,DBT,US,2025-11
US452252LC19,US452252LC19,452252LC1,Illinois State Toll Highway Authority,,DBT,US,2025-11
US452252LE74,US452252LE74,452252LE7,Illinois State Toll Highway Authority,,DBT,US,2025-11
US452252LF40,US452252LF40,452252LF4,Illinois State Toll Highway Authority,,DBT,US,2025-11
US452252LG23,US452252LG23,452252LG2,Illinois State Toll Highway Authority,,DBT,US,2025-11
US452252LH06,US452252LH06,452252LH0,Illinois State Toll Highway Authority,,DBT,US,2025-11
US452252LX55,US452252LX55,452252LX5,Illinois State Toll Highway Authority,,DBT,US,2025-11
US452252MT35,US452252MT35,452252MT3,Illinois State Toll Highway Authority,,DBT,US,2025-11
US452252NC90,US452252NC90,452252NC9,Illinois State Toll Highway Authority,,DBT,US,2025-11
US452252NF22,US452252NF22,452252NF2,Illinois State Toll Highway Authority,,DBT,US,2025-11
US452252NG05,US452252NG05,452252NG0,Illinois State Toll Highway Authority,,DBT,US,2025-11
US452252NQ86,US452252NQ86,452252NQ8,Illinois State Toll Highway Authority,,DBT,US,2025-11
US452252NS43,US452252NS43,452252NS4,Illinois State Toll Highway Authority,,DBT,US,2025-11
US452252NV71,US452252NV71,452252NV7,Illinois State Toll Highway Authority,,DBT,US,2025-11
US452252NX38,US452252NX38,452252NX3,Illinois State Toll Highway Authority,,DBT,US,2025-11
US452252PC72,US452252PC72,452252PC7,Illinois State Toll Highway Authority,,DBT,US,2025-11
US452252PD55,US452252PD55,452252PD5,Illinois State Toll Highway Authority,,DBT,US,2025-11
US452252PE39,US452252PE39,452252PE3,Illinois State Toll Highway Authority,,DBT,US,2025-11
US452252PF04,US452252PF04,452252PF0,Illinois State Toll Highway Authority,,DBT,US,2025-11
US452252PG86,US452252PG86,452252PG8,Illinois State Toll Highway Authority,,DBT,US,2025-11
US452252PH69,US452252PH69,452252PH6,Illinois State Toll Highway Authority,,DBT,US,2025-11
US452252PU70,US452252PU70,452252PU7,Illinois State Toll Highway Authority,,DBT,US,2025-11
US452252PV53,US452252PV53,452252PV5,Illinois State Toll Highway Authority,,DBT,US,2025-11
US452252PY92,US452252PY92,452252PY9,Illinois State Toll Highway Authority,,DBT,US,2025-11
US452252PZ67,US452252PZ67,452252PZ6,Illinois State Toll Highway Authority,,DBT,US,2025-11
US452252QA08,US452252QA08,452252QA0,Illinois State Toll Highway Authority,,DBT,US,2025-11
US452252QB80,US452252QB80,452252QB8,Illinois State Toll Highway Authority,,DBT,US,2025-11
US452252QQ59,US452252QQ59,452252QQ5,Illinois State Toll Highway Authority,,DBT,US,2025-11
US452252QS16,US452252QS16,452252QS1,Illinois State Toll Highway Authority,,DBT,US,2025-11
US452252QT98,US452252QT98,452252QT9,Illinois State Toll Highway Authority,,DBT,US,2025-11
US452252QV45,US452252QV45,452252QV4,Illinois State Toll Highway Authority,,DBT,US,2025-11
US452252QW28,US452252QW28,452252QW2,Illinois State Toll Highway Authority,,DBT,US,2025-11
US452252RA98,US452252RA98,452252RA9,Illinois State Toll Highway Authority,,DBT,US,2026-02
US45470RCT14,US45470RCT14,45470RCT1,Indiana Finance Authority,,DBT,US,2025-11
US45470RCU86,US45470RCU86,45470RCU8,Indiana Finance Authority,,DBT,US,2025-11
US45470RCX26,US45470RCX26,45470RCX2,Indiana Finance Authority,,DBT,US,2025-11
US45505MCD65,US45505MCD65,45505MCD6,Indiana Finance Authority,,DBT,US,2025-11
US45505MFD39,US45505MFD39,45505MFD3,Indiana Finance Authority,,DBT,US,2025-11
US45505MFE12,US45505MFE12,45505MFE1,Indiana Finance Authority,,DBT,US,2025-11
US45505MJK36,US45505MJK36,45505MJK3,Indiana Finance Authority,,DBT,US,2025-11
US45505MJQ06,US45505MJQ06,45505MJQ0,Indiana Finance Authority,,DBT,US,2025-11
US45505MJX56,US45505MJX56,45505MJX5,Indiana Finance Authority,,DBT,US,2025-11
US45505MNH50,US45505MNH50,45505MNH5,Indiana Finance Authority,,DBT,US,2025-11
US45505MPR15,US45505MPR15,45505MPR1,Indiana Finance Authority,,DBT,US,2025-11
US45505MPS97,US45505MPS97,45505MPS9,Indiana Finance Authority,,DBT,US,2026-02
US45506DJ487,US45506DJ487,45506DJ48,Indiana Finance Authority,,DBT,US,2025-11
US45506DW928,US45506DW928,45506DW92,Indiana Finance Authority,,DBT,US,2025-11
US45506DX264,US45506DX264,45506DX26,Indiana Finance Authority,,DBT,US,2025-11
US45506DYX73,US45506DYX73,45506DYX7,Indiana Finance Authority,,DBT,US,2025-11
US45506DZG32,US45506DZG32,45506DZG3,Indiana Finance Authority,,DBT,US,2025-11
US45506DZH15,US45506DZH15,45506DZH1,Indiana Finance Authority,,DBT,US,2025-11
US45506EEA73,US45506EEA73,45506EEA7,Indiana Finance Authority,,DBT,US,2025-11
US45506EEB56,US45506EEB56,45506EEB5,Indiana Finance Authority,,DBT,US,2025-11
US45506EFM03,US45506EFM03,45506EFM0,Indiana Finance Authority,,DBT,US,2025-11
US45506ELK72,US45506ELK72,45506ELK7,Indiana Finance Authority,,DBT,US,2025-11
US45506EMK63,US45506EMK63,45506EMK6,Indiana Finance Authority,,DBT,US,2025-11
US45506EML47,US45506EML47,45506EML4,Indiana Finance Authority,,DBT,US,2025-11
US45506EPV91,US45506EPV91,45506EPV9,Indiana Finance Authority,,DBT,US,2025-11
US45506EPW74,US45506EPW74,45506EPW7,Indiana Finance Authority,,DBT,US,2025-11
US454898TX53,US454898TX53,454898TX5,Indiana Municipal Power Agency,,DBT,US,2025-11
US454898YV33,US454898YV33,454898YV3,Indiana Municipal Power Agency,,DBT,US,2025-11
US45528UR942,US45528UR942,45528UR94,Indianapolis Local Public Improvement Bond Bank,,DBT,US,2025-11
US45528US445,US45528US445,45528US44,Indianapolis Local Public Improvement Bond Bank,,DBT,US,2025-11
US45528UZJ32,US45528UZJ32,45528UZJ3,Indianapolis Local Public Improvement Bond Bank,,DBT,US,2025-11
US45528UZK05,US45528UZK05,45528UZK0,Indianapolis Local Public Improvement Bond Bank,,DBT,US,2025-11
US45528VFS34,US45528VFS34,45528VFS3,Indianapolis Local Public Improvement Bond Bank,,DBT,US,2025-11
US45884AA293,US45884AA293,45884AA29,Intermountain Power Agency,,DBT,US,2025-11
US45884AA376,US45884AA376,45884AA37,Intermountain Power Agency,,DBT,US,2025-11
US45884AA525,US45884AA525,45884AA52,Intermountain Power Agency,,DBT,US,2025-11
US45884AA608,US45884AA608,45884AA60,Intermountain Power Agency,,DBT,US,2025-11
US45884AA780,US45884AA780,45884AA78,Intermountain Power Agency,,DBT,US,2025-11
US45884AA947,US45884AA947,45884AA94,Intermountain Power Agency,,DBT,US,2025-11
US45884AB366,US45884AB366,45884AB36,Intermountain Power Agency,,DBT,US,2025-11
US45884AB515,US45884AB515,45884AB51,Intermountain Power Agency,,DBT,US,2025-11
US45884AB770,US45884AB770,45884AB77,Intermountain Power Agency,,DBT,US,2025-11
US45884AB853,US45884AB853,45884AB85,Intermountain Power Agency,,DBT,US,2025-11
US45884AE584,US45884AE584,45884AE58,Intermountain Power Agency,,DBT,US,2025-11
US45884AF326,US45884AF326,45884AF32,Intermountain Power Agency,,DBT,US,2025-11
US45884AF730,US45884AF730,45884AF73,Intermountain Power Agency,,DBT,US,2025-11
US45884AZX44,US45884AZX44,45884AZX4,Intermountain Power Agency,,DBT,US,2025-11
US46246K4C31,US46246K4C31,46246K4C3,Iowa Finance Authority,,DBT,US,2025-11
US46246K4E96,US46246K4E96,46246K4E9,Iowa Finance Authority,,DBT,US,2025-11
US46246K4N95,US46246K4N95,46246K4N9,Iowa Finance Authority,,DBT,US,2025-11
US46246K7T39,US46246K7T39,46246K7T3,Iowa Finance Authority,,DBT,US,2025-11
US46246K7X41,US46246K7X41,46246K7X4,Iowa Finance Authority,,DBT,US,2025-11
US46247SCR31,US46247SCR31,46247SCR3,Iowa Finance Authority,,DBT,US,2025-11
US46247SCS14,US46247SCS14,46247SCS1,Iowa Finance Authority,,DBT,US,2025-11
US46247SDQ49,US46247SDQ49,46247SDQ4,Iowa Finance Authority,,DBT,US,2025-11
US46247SDV34,US46247SDV34,46247SDV3,Iowa Finance Authority,,DBT,US,2025-11
US46247SDW17,US46247SDW17,46247SDW1,Iowa Finance Authority,,DBT,US,2025-11
US4636325L99,US4636325L99,4636325L9,Irvine Ranch Water District,,DBT,US,2025-11
US463641CR93,US463641CR93,463641CR9,Irvine Ranch Water District,,DBT,US,2025-11
US463813L869,US463813L869,463813L86,Irving Independent School District,,DBT,US,2025-11
US463813L943,US463813L943,463813L94,Irving Independent School District,,DBT,US,2025-11
US467486YN09,US467486YN09,467486YN0,JACKSON CNTY MO REORG SCH DIST,,DBT,US,2026-02
US467486YQ30,US467486YQ30,467486YQ3,JACKSON CNTY MO REORG SCH DIST,,DBT,US,2026-02
US467520YL09,US467520YL09,467520YL0,JACKSON CNTY MO REORG SCH DIST,,DBT,US,2026-02
US467520YM81,US467520YM81,467520YM8,JACKSON CNTY MO REORG SCH DIST,,DBT,US,2026-02
US47029WEG87,US47029WEG87,47029WEG8,JAMES CITY CNTY VA ECON DEV AU,,DBT,US,2026-01
US47077WAA62,US47077WAA62,47077WAA6,JANE STREET GRP/JSG FIN,,DBT,US,2026-01
US47077WAC29,US47077WAC29,47077WAC2,JANE STREET GRP/JSG FIN,,DBT,US,2026-02
US47077WAD02,US47077WAD02,47077WAD0,JANE STREET GRP/JSG FIN,,DBT,US,2026-02
US47077WAE84,US47077WAE84,47077WAE8,JANE STREET GRP/JSG FIN,,DBT,US,2026-01
US445658CF29,US445658CF29,445658CF2,JB HUNT TRANSPRT SVCS,,DBT,US,2026-01
US46613SFW52,US46613SFW52,46613SFW5,JEA Electric System,,DBT,US,2025-11
US46613SGJ33,US46613SGJ33,46613SGJ3,JEA Electric System,,DBT,US,2025-11
US46613SRU68,US46613SRU68,46613SRU6,JEA Electric System,,DBT,US,2025-11
US46613SRX08,US46613SRX08,46613SRX0,JEA Electric System,,DBT,US,2025-11
US46613SRZ55,US46613SRZ55,46613SRZ5,JEA Electric System,,DBT,US,2025-11
US46613SSB78,US46613SSB78,46613SSB7,JEA Electric System,,DBT,US,2025-11
US46613SSD35,US46613SSD35,46613SSD3,JEA Electric System,,DBT,US,2025-11
US46613SSE18,US46613SSE18,46613SSE1,JEA Electric System,,DBT,US,2025-11
US46613SSM34,US46613SSM34,46613SSM3,JEA Electric System,,DBT,US,2025-11
US46613SSN17,US46613SSN17,46613SSN1,JEA Electric System,,DBT,US,2025-11
US46613P3G95,US46613P3G95,46613P3G9,JEA Water & Sewer System,,DBT,US,2025-11
US46615SET15,US46615SET15,46615SET1,JEA Water & Sewer System,,DBT,US,2025-11
US46615SFN36,US46615SFN36,46615SFN3,JEA Water & Sewer System,,DBT,US,2025-11
US46615SFP83,US46615SFP83,46615SFP8,JEA Water & Sewer System,,DBT,US,2025-11
US46615SGL60,US46615SGL60,46615SGL6,JEA Water & Sewer System,,DBT,US,2025-11
US472319AE27,US472319AE27,472319AE2,JEFFERIES FIN GROUP INC,,DBT,US,2026-03
US47233JAG31,US47233JAG31,47233JAG3,JEFFERIES FIN GROUP INC,,DBT,US,2026-01
US47233JBH05,US47233JBH05,47233JBH0,JEFFERIES FIN GROUP INC,,DBT,US,2026-01
US47232MAF95,US47232MAF95,47232MAF9,JEFFERIES FIN LLC / JFIN,,DBT,US,2026-01
US47232MAG78,US47232MAG78,47232MAG7,JEFFERIES FIN LLC / JFIN,,DBT,US,2026-02
US472481AB63,US472481AB63,472481AB6,JEFFERSON CAPITAL HOLDIN,,DBT,US,2026-01
US472481AC47,US472481AC47,472481AC4,JEFFERSON CAPITAL HOLDIN,,DBT,US,2026-01
US47770VCJ70,US47770VCJ70,47770VCJ7,JOBSOHIO BEVERAGE SYS STWD LIQ,,DBT,US,2026-02
US478164KY16,US478164KY16,478164KY1,JOHNSON & MIAMI CNTYS KS UNIF,,DBT,US,2026-02
US478164KZ80,US478164KZ80,478164KZ8,JOHNSON & MIAMI CNTYS KS UNIF,,DBT,US,2026-02
US478164LA21,US478164LA21,478164LA2,JOHNSON & MIAMI CNTYS KS UNIF,,DBT,US,2026-02
US479754NQ25,US479754NQ25,479754NQ2,JOLIET IL,,DBT,US,2026-02
US479754NR08,US479754NR08,479754NR0,JOLIET IL,,DBT,US,2026-02
US471146XX36,US471146XX36,471146XX3,Jarrell Independent School District,,DBT,US,2025-11
US47770VCD01,US47770VCD01,47770VCD0,JobsOhio Beverage System,,DBT,US,2025-11
US47770VCE83,US47770VCE83,47770VCE8,JobsOhio Beverage System,,DBT,US,2025-11
US47770VCL27,US47770VCL27,47770VCL2,JobsOhio Beverage System,,DBT,US,2025-11
US47770VCP31,US47770VCP31,47770VCP3,JobsOhio Beverage System,,DBT,US,2025-11
US47770VCQ14,US47770VCQ14,47770VCQ1,JobsOhio Beverage System,,DBT,US,2025-11
US478497E489,US478497E489,478497E48,Johnson County Public Building Commission,,DBT,US,2025-11
US481305MP27,US481305MP27,481305MP2,Judson Independent School District,,DBT,US,2025-11
US481305MR82,US481305MR82,481305MR8,Judson Independent School District,,DBT,US,2025-11
US483228EL21,US483228EL21,483228EL2,KALAMAZOO MI ECON DEV CORP,,DBT,US,2026-02
US48504MAD39,US48504MAD39,48504MAD3,KANSAS CITY MO LAND CLEARANCE,,DBT,US,2026-01
US485424UD51,US485424UD51,485424UD5,KANSAS ST DEPT OF TRANSPRTN HI,,DBT,US,2026-02
US487526AC91,US487526AC91,487526AC9,KEHE DIST/FIN / NEXTWAVE,,DBT,US,2026-01
US48850PAA21,US48850PAA21,48850PAA2,KEN GARFF AUTOMOTIVE LLC,,DBT,US,2026-01
US49126PFD78,US49126PFD78,49126PFD7,KENTUCKY ST ECON DEV FIN AUTH,,DBT,US,2026-02
US49151F6R64,US49151F6R64,49151F6R6,KENTUCKY ST PROPERTY & BLDGS C,,DBT,US,2026-02
US49151FY797,US49151FY797,49151FY79,KENTUCKY ST PROPERTY & BLDGS C,,DBT,US,2026-02
US49151FY870,US49151FY870,49151FY87,KENTUCKY ST PROPERTY & BLDGS C,,DBT,US,2026-02
US74440DDT81,US74440DDT81,74440DDT8,KENTUCKY ST PUBLIC ENERGY AUTH,,DBT,US,2026-01
US74440DFC39,US74440DFC39,74440DFC3,KENTUCKY ST PUBLIC ENERGY AUTH,,DBT,US,2026-01
US49306SAA42,US49306SAA42,49306SAA4,KEYBANK NATIONAL ASSN,,DBT,US,2026-03
US49327V2A11,US49327V2A11,49327V2A1,KEYBANK NATIONAL ASSN,,DBT,US,2026-01
US48250NAC92,US48250NAC92,48250NAC9,KFC HLD/PIZZA HUT/TACO,,DBT,US,2026-01
US49461MAA80,US49461MAA80,49461MAA8,KINETIK HOLDINGS LP,,DBT,US,2026-01
US49461MAB63,US49461MAB63,49461MAB6,KINETIK HOLDINGS LP,,DBT,US,2026-01
US494796AF22,US494796AF22,494796AF2,KING CNTY WA PUBLIC HOSP DIST,,DBT,US,2026-02
US494796AG05,US494796AG05,494796AG0,KING CNTY WA PUBLIC HOSP DIST,,DBT,US,2026-01
US49579RAB42,US49579RAB42,49579RAB4,KINGPIN INTERMEDIATE HO,,DBT,US,2026-03
US50076PAA66,US50076PAA66,50076PAA6,KRAKEN OIL & GAS PARTNER,,DBT,US,2026-01
US501044DC24,US501044DC24,501044DC2,KROGER CO,,DBT,US,2026-01
US50106GAG73,US50106GAG73,50106GAG7,KRONOS ACQUISITION HOLDI,,DBT,US,2026-02
US50106GAJ13,US50106GAJ13,50106GAJ1,KRONOS ACQUISITION HOLDI,,DBT,US,2026-02
US48542R2X17,US48542R2X17,48542R2X1,Kansas Development Finance Authority,,DBT,US,2026-02
US48542R2Y99,US48542R2Y99,48542R2Y9,Kansas Development Finance Authority,,DBT,US,2026-02
US48542R3C60,US48542R3C60,48542R3C6,Kansas Development Finance Authority,,DBT,US,2026-02
US48542R3D44,US48542R3D44,48542R3D4,Kansas Development Finance Authority,,DBT,US,2026-02
US48542RB452,US48542RB452,48542RB45,Kansas Development Finance Authority,,DBT,US,2025-11
US486063P618,US486063P618,486063P61,Katy Independent School District,,DBT,US,2025-11
US486063V640,US486063V640,486063V64,Katy Independent School District,,DBT,US,2025-11
US486063XS48,US486063XS48,486063XS4,Katy Independent School District,,DBT,US,2025-11
US486063Y388,US486063Y388,486063Y38,Katy Independent School District,,DBT,US,2025-11
US486063Y461,US486063Y461,486063Y46,Katy Independent School District,,DBT,US,2025-11
US491499AT63,US491499AT63,491499AT6,Kentucky Municipal Energy Agency,,DBT,US,2025-11
US49151F2Z27,US49151F2Z27,49151F2Z2,Kentucky State Property & Building Commission,,DBT,US,2025-11
US49151F3U21,US49151F3U21,49151F3U2,Kentucky State Property & Building Commission,,DBT,US,2025-11
US49151F3V04,US49151F3V04,49151F3V0,Kentucky State Property & Building Commission,,DBT,US,2025-11
US49151F4B31,US49151F4B31,49151F4B3,Kentucky State Property & Building Commission,,DBT,US,2025-11
US49151F4C14,US49151F4C14,49151F4C1,Kentucky State Property & Building Commission,,DBT,US,2025-11
US49151F4G28,US49151F4G28,49151F4G2,Kentucky State Property & Building Commission,,DBT,US,2025-11
US49151F4H01,US49151F4H01,49151F4H0,Kentucky State Property & Building Commission,,DBT,US,2025-11
US49151F4J66,US49151F4J66,49151F4J6,Kentucky State Property & Building Commission,,DBT,US,2025-11
US49151F4K30,US49151F4K30,49151F4K3,Kentucky State Property & Building Commission,,DBT,US,2025-11
US49151F4M95,US49151F4M95,49151F4M9,Kentucky State Property & Building Commission,,DBT,US,2025-11
US49151F4N78,US49151F4N78,49151F4N7,Kentucky State Property & Building Commission,,DBT,US,2025-11
US49151F4P27,US49151F4P27,49151F4P2,Kentucky State Property & Building Commission,,DBT,US,2025-11
US49151F4Q00,US49151F4Q00,49151F4Q0,Kentucky State Property & Building Commission,,DBT,US,2025-11
US49151F4S65,US49151F4S65,49151F4S6,Kentucky State Property & Building Commission,,DBT,US,2025-11
US49151F4T49,US49151F4T49,49151F4T4,Kentucky State Property & Building Commission,,DBT,US,2025-11
US49151F4W77,US49151F4W77,49151F4W7,Kentucky State Property & Building Commission,,DBT,US,2025-11
US49151F5F36,US49151F5F36,49151F5F3,Kentucky State Property & Building Commission,,DBT,US,2025-11
US49151F5H91,US49151F5H91,49151F5H9,Kentucky State Property & Building Commission,,DBT,US,2025-11
US49151F5J57,US49151F5J57,49151F5J5,Kentucky State Property & Building Commission,,DBT,US,2025-11
US49151F5W68,US49151F5W68,49151F5W6,Kentucky State Property & Building Commission,,DBT,US,2025-11
US49151F5X42,US49151F5X42,49151F5X4,Kentucky State Property & Building Commission,,DBT,US,2025-11
US49151F5Z99,US49151F5Z99,49151F5Z9,Kentucky State Property & Building Commission,,DBT,US,2025-11
US49151F6D78,US49151F6D78,49151F6D7,Kentucky State Property & Building Commission,,DBT,US,2025-11
US49151F6M77,US49151F6M77,49151F6M7,Kentucky State Property & Building Commission,,DBT,US,2025-11
US49151F6N50,US49151F6N50,49151F6N5,Kentucky State Property & Building Commission,,DBT,US,2025-11
US49151F6P09,US49151F6P09,49151F6P0,Kentucky State Property & Building Commission,,DBT,US,2025-11
US49151F6U93,US49151F6U93,49151F6U9,Kentucky State Property & Building Commission,,DBT,US,2025-11
US49151F6V76,US49151F6V76,49151F6V7,Kentucky State Property & Building Commission,,DBT,US,2025-11
US49151F6X33,US49151F6X33,49151F6X3,Kentucky State Property & Building Commission,,DBT,US,2025-11
US49151FNL03,US49151FNL03,49151FNL0,Kentucky State Property & Building Commission,,DBT,US,2025-11
US49151FYX22,US49151FYX22,49151FYX2,Kentucky State Property & Building Commission,,DBT,US,2025-11
US491552W684,US491552W684,491552W68,Kentucky Turnpike Authority,,DBT,US,2025-11
US494656T843,US494656T843,494656T84,King & Snohomish Counties School District No. 417 Northshore,,DBT,US,2025-11
US494656T926,US494656T926,494656T92,King & Snohomish Counties School District No. 417 Northshore,,DBT,US,2025-11
US494890C208,US494890C208,494890C20,King County School District No. 210 Federal Way,,DBT,US,2025-11
US494890E519,US494890E519,494890E51,King County School District No. 210 Federal Way,,DBT,US,2025-11
US495260M657,US495260M657,495260M65,King County School District No. 414 Lake Washington,,DBT,US,2025-11
US498044JA52,US498044JA52,498044JA5,Kitsap County School District No. 100-C Bremerton,,DBT,US,2025-11
US498531UH35,US498531UH35,498531UH3,Klein Independent School District,,DBT,US,2025-11
US498531UR17,US498531UR17,498531UR1,Klein Independent School District,,DBT,US,2025-11
US498531US99,US498531US99,498531US9,Klein Independent School District,,DBT,US,2025-11
US498531UV29,US498531UV29,498531UV2,Klein Independent School District,,DBT,US,2025-11
US498531UX84,US498531UX84,498531UX8,Klein Independent School District,,DBT,US,2025-11
US498531UZ33,US498531UZ33,498531UZ3,Klein Independent School District,,DBT,US,2025-11
US503768NV11,US503768NV11,503768NV1,LA PLATA CNTY CO SCH DIST #9-R,,DBT,US,2026-02
US50540RAX08,US50540RAX08,50540RAX0,LABORATORY CORP OF AMER,,DBT,US,2026-01
US505742AM88,US505742AM88,505742AM8,LADDER CAP FIN LLLP/CORP,,DBT,US,2026-01
US505742AP10,US505742AP10,505742AP1,LADDER CAP FIN LLLP/CORP,,DBT,US,2026-01
US505742AR75,US505742AR75,505742AR7,LADDER CAP FIN LLLP/CORP,,DBT,US,2026-02
US505742AS58,US505742AS58,505742AS5,LADDER CAP FIN LLLP/CORP,,DBT,US,2026-01
US510651BN10,US510651BN10,510651BN1,LAKE RIDGE IN MULTI-SCH BLDG C,,DBT,US,2026-02
US511665KJ90,US511665KJ90,511665KJ9,LAKELAND FL HOSP SYS REVENUE,,DBT,US,2026-01
US511665KL47,US511665KL47,511665KL4,LAKELAND FL HOSP SYS REVENUE,,DBT,US,2026-01
US512138DD76,US512138DD76,512138DD7,LAKESIDE CA UNION SCH DIST SAN,,DBT,US,2026-02
US512138DE59,US512138DE59,512138DE5,LAKESIDE CA UNION SCH DIST SAN,,DBT,US,2026-02
US51265KFT07,US51265KFT07,51265KFT0,LAKEWOOD RANCH FL STEWARDSHIP,,DBT,US,2026-01
US51265KGG76,US51265KGG76,51265KGG7,LAKEWOOD RANCH FL STEWARDSHIP,,DBT,US,2026-01
US513075BR18,US513075BR18,513075BR1,LAMAR MEDIA CORP,,DBT,US,2026-01
US513075BT73,US513075BT73,513075BT7,LAMAR MEDIA CORP,,DBT,US,2026-01
US513075BW03,US513075BW03,513075BW0,LAMAR MEDIA CORP,,DBT,US,2026-01
US513075BZ34,US513075BZ34,513075BZ3,LAMAR MEDIA CORP,,DBT,US,2026-01
US513075CA73,US513075CA73,513075CA7,LAMAR MEDIA CORP,,DBT,US,2026-02
US514045M261,US514045M261,514045M26,LANCASTER CNTY PA HOSP AUTH,,DBT,US,2026-01
US514350AL19,US514350AL19,514350AL1,LANCASTER PA MUNI AUTH HLTHCAR,,DBT,US,2026-01
US514350AM91,US514350AM91,514350AM9,LANCASTER PA MUNI AUTH HLTHCAR,,DBT,US,2026-01
US517210XV70,US517210XV70,517210XV7,LARIMER WELD & BOULDER CNTY CO,,DBT,US,2026-02
US517210XW53,US517210XW53,517210XW5,LARIMER WELD & BOULDER CNTY CO,,DBT,US,2026-02
US517845UF84,US517845UF84,517845UF8,LAS VEGAS VLY NV WTR DIST,,DBT,US,2026-02
US05552BAA44,US05552BAA44,05552BAA4,LBM ACQUISITION LLC,,DBT,US,2026-01
US52109SAB51,US52109SAB51,52109SAB5,LBM ACQUISITION LLC,,DBT,US,2026-02
US521088AC89,US521088AC89,521088AC8,LD HOLDINGS GROUP LLC,,DBT,US,2026-01
US521088AD62,US521088AD62,521088AD6,LD HOLDINGS GROUP LLC,,DBT,US,2026-03
US523470HU90,US523470HU90,523470HU9,LEE CNTY FL ARPT REVENUE,,DBT,US,2026-02
US52349EEK29,US52349EEK29,52349EEK2,LEE CNTY FL INDL DEV AUTH HLTH,,DBT,US,2026-01
US52349EET38,US52349EET38,52349EET3,LEE CNTY FL INDL DEV AUTH HLTH,,DBT,US,2026-02
US524590AA45,US524590AA45,524590AA4,LEEWARD RENEWABL,,DBT,US,2026-01
US525651DX06,US525651DX06,525651DX0,LEMON GROVE CA SCH DIST,,DBT,US,2026-02
US527298BR35,US527298BR35,527298BR3,LEVEL 3 FINANCING INC,,DBT,US,2026-01
US527298BS18,US527298BS18,527298BS1,LEVEL 3 FINANCING INC,,DBT,US,2026-01
US527298BT90,US527298BT90,527298BT9,LEVEL 3 FINANCING INC,,DBT,US,2026-01
US527298CM39,US527298CM39,527298CM3,LEVEL 3 FINANCING INC,,DBT,US,2026-01
US527298CN12,US527298CN12,527298CN1,LEVEL 3 FINANCING INC,,DBT,US,2026-01
US527298CQ43,US527298CQ43,527298CQ4,LEVEL 3 FINANCING INC,,DBT,US,2026-02
US52882PAJ75,US52882PAJ75,52882PAJ7,LEWISVILLE TX INDEP SCH DIST,,DBT,US,2026-02
US50203TAB26,US50203TAB26,50203TAB2,LFS TOPCO LLC,,DBT,US,2026-01
US53190FAE51,US53190FAE51,53190FAE5,LIFE TIME INC,,DBT,US,2026-03
US531968AA36,US531968AA36,531968AA3,LIGHT & WONDER INTL INC,,DBT,US,2026-02
US531968AB19,US531968AB19,531968AB1,LIGHT & WONDER INTL INC,,DBT,US,2026-02
US53229KAA79,US53229KAA79,53229KAA7,LIGHTNING POWER LLC,,DBT,US,2026-02
US535205NP95,US535205NP95,535205NP9,LINDBERGH MO SCH DIST,,DBT,US,2026-02
US53523LAB62,US53523LAB62,53523LAB6,LINDBLAD EXPEDITIONS LLC,,DBT,US,2026-01
US54288CAA18,US54288CAA18,54288CAA1,LONG RIDGE ENERGY LLC,,DBT,US,2026-03
US544445J347,US544445J347,544445J34,LOS ANGELES CA DEPT OF ARPTS A,,DBT,US,2026-01
US546410CX70,US546410CX70,546410CX7,LOUISIANA STADIUM & EXPOSITION,,DBT,US,2026-01
US546410CY53,US546410CY53,546410CY5,LOUISIANA STADIUM & EXPOSITION,,DBT,US,2026-01
US547804AD60,US547804AD60,547804AD6,LOWER AL GAS DIST GAS PROJ REV,,DBT,US,2026-01
US547804AE44,US547804AE44,547804AE4,LOWER AL GAS DIST GAS PROJ REV,,DBT,US,2026-01
US54811BB837,US54811BB837,54811BB83,LOWER COLORADO RIVER TX AUTH T,,DBT,US,2026-02
US54811BT508,US54811BT508,54811BT50,LOWER COLORADO RIVER TX AUTH T,,DBT,US,2026-01
US54811BZS32,US54811BZS32,54811BZS3,LOWER COLORADO RIVER TX AUTH T,,DBT,US,2026-02
US548916AA33,US548916AA33,548916AA3,LSF12 HELIX PARENT LLC,,DBT,US,2026-01
US50249AAG85,US50249AAG85,50249AAG8,LYB INT FINANCE III,,DBT,US,2026-01
US50249AAQ67,US50249AAQ67,50249AAQ6,LYB INT FINANCE III,,DBT,US,2026-01
US513174H963,US513174H963,513174H96,Lamar Consolidated Independent School District,,DBT,US,2025-11
US513174Q212,US513174Q212,513174Q21,Lamar Consolidated Independent School District,,DBT,US,2025-11
US513174R202,US513174R202,513174R20,Lamar Consolidated Independent School District,,DBT,US,2025-11
US513174XQ05,US513174XQ05,513174XQ0,Lamar Consolidated Independent School District,,DBT,US,2025-11
US513174ZT26,US513174ZT26,513174ZT2,Lamar Consolidated Independent School District,,DBT,US,2025-11
US516391DC05,US516391DC05,516391DC0,Lansing Board of Water & Light,,DBT,US,2025-11
US516391DD87,US516391DD87,516391DD8,Lansing Board of Water & Light,,DBT,US,2025-11
US516391FM68,US516391FM68,516391FM6,Lansing Board of Water & Light,,DBT,US,2025-11
US516391FP99,US516391FP99,516391FP9,Lansing Board of Water & Light,,DBT,US,2026-02
US517845AT09,US517845AT09,517845AT0,Las Vegas Valley Water District,,DBT,US,2025-11
US517845AU71,US517845AU71,517845AU7,Las Vegas Valley Water District,,DBT,US,2025-11
US517845AW38,US517845AW38,517845AW3,Las Vegas Valley Water District,,DBT,US,2025-11
US517845AX11,US517845AX11,517845AX1,Las Vegas Valley Water District,,DBT,US,2025-11
US517845NQ23,US517845NQ23,517845NQ2,Las Vegas Valley Water District,,DBT,US,2025-11
US517845PN73,US517845PN73,517845PN7,Las Vegas Valley Water District,,DBT,US,2025-11
US517845SB09,US517845SB09,517845SB0,Las Vegas Valley Water District,,DBT,US,2025-11
US521841L464,US521841L464,521841L46,Leander Independent School District,,DBT,US,2025-11
US521841N932,US521841N932,521841N93,Leander Independent School District,,DBT,US,2025-11
US521841R578,US521841R578,521841R57,Leander Independent School District,,DBT,US,2025-11
US521841R735,US521841R735,521841R73,Leander Independent School District,,DBT,US,2025-11
US521841R818,US521841R818,521841R81,Leander Independent School District,,DBT,US,2025-11
US521841R990,US521841R990,521841R99,Leander Independent School District,,DBT,US,2025-11
US521841S238,US521841S238,521841S23,Leander Independent School District,,DBT,US,2025-11
US521841S980,US521841S980,521841S98,Leander Independent School District,,DBT,US,2025-11
US523494RZ79,US523494RZ79,523494RZ7,Lee County School Board (The),,DBT,US,2025-11
US523494SA10,US523494SA10,523494SA1,Lee County School Board (The),,DBT,US,2025-11
US523494SB92,US523494SB92,523494SB9,Lee County School Board (The),,DBT,US,2025-11
US523494SC75,US523494SC75,523494SC7,Lee County School Board (The),,DBT,US,2025-11
US523494SG89,US523494SG89,523494SG8,Lee County School Board (The),,DBT,US,2025-11
US523494SJ29,US523494SJ29,523494SJ2,Lee County School Board (The),,DBT,US,2025-11
US5288287J98,US5288287J98,5288287J9,Lewisville Independent School District,,DBT,US,2025-11
US52882PFK93,US52882PFK93,52882PFK9,Lewisville Independent School District,,DBT,US,2025-11
US52882PFX15,US52882PFX15,52882PFX1,Lewisville Independent School District,,DBT,US,2025-11
US52882PFZ62,US52882PFZ62,52882PFZ6,Lewisville Independent School District,,DBT,US,2025-11
US52882PGB85,US52882PGB85,52882PGB8,Lewisville Independent School District,,DBT,US,2025-11
US52882PGF99,US52882PGF99,52882PGF9,Lewisville Independent School District,,DBT,US,2025-11
US52882PHD33,US52882PHD33,52882PHD3,Lewisville Independent School District,,DBT,US,2025-11
US52882PHQ46,US52882PHQ46,52882PHQ4,Lewisville Independent School District,,DBT,US,2025-11
US52882PHR29,US52882PHR29,52882PHR2,Lewisville Independent School District,,DBT,US,2025-11
US02108TDW09,US02108TDW09,02108TDW0,Local Building Authority of Alpine School District,,DBT,US,2025-11
US540261LY89,US540261LY89,540261LY8,Lodi Unified School District,,DBT,US,2025-11
US542411GJ64,US542411GJ64,542411GJ6,Long Beach Community College District,,DBT,US,2025-11
US542411JH71,US542411JH71,542411JH7,Long Beach Community College District,,DBT,US,2025-11
US542411LN12,US542411LN12,542411LN1,Long Beach Community College District,,DBT,US,2025-11
US542411ND12,US542411ND12,542411ND1,Long Beach Community College District,,DBT,US,2025-11
US542411QY22,US542411QY22,542411QY2,Long Beach Community College District,,DBT,US,2025-11
US542433QM20,US542433QM20,542433QM2,Long Beach Unified School District,,DBT,US,2025-11
US542433QP50,US542433QP50,542433QP5,Long Beach Unified School District,,DBT,US,2025-11
US542433UT27,US542433UT27,542433UT2,Long Beach Unified School District,,DBT,US,2025-11
US542433UW55,US542433UW55,542433UW5,Long Beach Unified School District,,DBT,US,2025-11
US542433WB90,US542433WB90,542433WB9,Long Beach Unified School District,,DBT,US,2025-11
US542433WN39,US542433WN39,542433WN3,Long Beach Unified School District,,DBT,US,2025-11
US542433WZ68,US542433WZ68,542433WZ6,Long Beach Unified School District,,DBT,US,2025-11
US542433XB81,US542433XB81,542433XB8,Long Beach Unified School District,,DBT,US,2025-11
US542433YX92,US542433YX92,542433YX9,Long Beach Unified School District,,DBT,US,2025-11
US5426904K52,US5426904K52,5426904K5,Long Island Power Authority,,DBT,US,2025-11
US5426908F22,US5426908F22,5426908F2,Long Island Power Authority,,DBT,US,2025-11
US5426908K17,US5426908K17,5426908K1,Long Island Power Authority,,DBT,US,2025-11
US5426908L99,US5426908L99,5426908L9,Long Island Power Authority,,DBT,US,2025-11
US5426908M72,US5426908M72,5426908M7,Long Island Power Authority,,DBT,US,2025-11
US542691AT77,US542691AT77,542691AT7,Long Island Power Authority,,DBT,US,2025-11
US542691AU41,US542691AU41,542691AU4,Long Island Power Authority,,DBT,US,2025-11
US542691BP47,US542691BP47,542691BP4,Long Island Power Authority,,DBT,US,2025-11
US542691BU32,US542691BU32,542691BU3,Long Island Power Authority,,DBT,US,2025-11
US542691EH93,US542691EH93,542691EH9,Long Island Power Authority,,DBT,US,2025-11
US542691EL06,US542691EL06,542691EL0,Long Island Power Authority,,DBT,US,2025-11
US542691EU05,US542691EU05,542691EU0,Long Island Power Authority,,DBT,US,2025-11
US542691EV87,US542691EV87,542691EV8,Long Island Power Authority,,DBT,US,2025-11
US542691EX44,US542691EX44,542691EX4,Long Island Power Authority,,DBT,US,2025-11
US542691HN35,US542691HN35,542691HN3,Long Island Power Authority,,DBT,US,2025-11
US542691HS22,US542691HS22,542691HS2,Long Island Power Authority,,DBT,US,2025-11
US542691JU59,US542691JU59,542691JU5,Long Island Power Authority,,DBT,US,2025-11
US542691JW16,US542691JW16,542691JW1,Long Island Power Authority,,DBT,US,2025-11
US542691JX98,US542691JX98,542691JX9,Long Island Power Authority,,DBT,US,2025-11
US542691JY71,US542691JY71,542691JY7,Long Island Power Authority,,DBT,US,2025-11
US542691LD07,US542691LD07,542691LD0,Long Island Power Authority,,DBT,US,2025-11
US543264ZJ75,US543264ZJ75,543264ZJ7,Longview Independent School District,,DBT,US,2025-11
US54438CB761,US54438CB761,54438CB76,Los Angeles Community College District,,DBT,US,2025-11
US54438CB845,US54438CB845,54438CB84,Los Angeles Community College District,,DBT,US,2025-11
US54438CUU43,US54438CUU43,54438CUU4,Los Angeles Community College District,,DBT,US,2025-11
US54438CWP30,US54438CWP30,54438CWP3,Los Angeles Community College District,,DBT,US,2025-11
US54438CXM99,US54438CXM99,54438CXM9,Los Angeles Community College District,,DBT,US,2025-11
US54438CXR86,US54438CXR86,54438CXR8,Los Angeles Community College District,,DBT,US,2025-11
US54438CXX54,US54438CXX54,54438CXX5,Los Angeles Community College District,,DBT,US,2025-11
US54438CXZ03,US54438CXZ03,54438CXZ0,Los Angeles Community College District,,DBT,US,2025-11
US54438CYA43,US54438CYA43,54438CYA4,Los Angeles Community College District,,DBT,US,2025-11
US54438CYB26,US54438CYB26,54438CYB2,Los Angeles Community College District,,DBT,US,2025-11
US54438CYC09,US54438CYC09,54438CYC0,Los Angeles Community College District,,DBT,US,2025-11
US54438CZL98,US54438CZL98,54438CZL9,Los Angeles Community College District,,DBT,US,2025-11
US54438CZM71,US54438CZM71,54438CZM7,Los Angeles Community College District,,DBT,US,2025-11
US54531PAS83,US54531PAS83,54531PAS8,"Los Angeles County Facilities 2, Inc.",,DBT,US,2025-11
US54531FAS02,US54531FAS02,54531FAS0,"Los Angeles County Facilities, Inc.",,DBT,US,2025-11
US54531FAT84,US54531FAT84,54531FAT8,"Los Angeles County Facilities, Inc.",,DBT,US,2025-11
US54466HDT05,US54466HDT05,54466HDT0,Los Angeles County Metropolitan Transportation Authority Sales Tax,,DBT,US,2025-11
US54466HDX17,US54466HDX17,54466HDX1,Los Angeles County Metropolitan Transportation Authority Sales Tax,,DBT,US,2025-11
US54466HEB87,US54466HEB87,54466HEB8,Los Angeles County Metropolitan Transportation Authority Sales Tax,,DBT,US,2025-11
US54466HEC60,US54466HEC60,54466HEC6,Los Angeles County Metropolitan Transportation Authority Sales Tax,,DBT,US,2025-11
US54466HFC51,US54466HFC51,54466HFC5,Los Angeles County Metropolitan Transportation Authority Sales Tax,,DBT,US,2025-11
US54466HFW16,US54466HFW16,54466HFW1,Los Angeles County Metropolitan Transportation Authority Sales Tax,,DBT,US,2025-11
US54466HFX98,US54466HFX98,54466HFX9,Los Angeles County Metropolitan Transportation Authority Sales Tax,,DBT,US,2025-11
US54466HFZ47,US54466HFZ47,54466HFZ4,Los Angeles County Metropolitan Transportation Authority Sales Tax,,DBT,US,2025-11
US54466HHC34,US54466HHC34,54466HHC3,Los Angeles County Metropolitan Transportation Authority Sales Tax,,DBT,US,2025-11
US54466HHE99,US54466HHE99,54466HHE9,Los Angeles County Metropolitan Transportation Authority Sales Tax,,DBT,US,2025-11
US54466HHF64,US54466HHF64,54466HHF6,Los Angeles County Metropolitan Transportation Authority Sales Tax,,DBT,US,2025-11
US54466HJN70,US54466HJN70,54466HJN7,Los Angeles County Metropolitan Transportation Authority Sales Tax,,DBT,US,2025-11
US54466HJP29,US54466HJP29,54466HJP2,Los Angeles County Metropolitan Transportation Authority Sales Tax,,DBT,US,2025-11
US54466HJQ02,US54466HJQ02,54466HJQ0,Los Angeles County Metropolitan Transportation Authority Sales Tax,,DBT,US,2025-11
US54466HJS67,US54466HJS67,54466HJS6,Los Angeles County Metropolitan Transportation Authority Sales Tax,,DBT,US,2025-11
US54466HJU14,US54466HJU14,54466HJU1,Los Angeles County Metropolitan Transportation Authority Sales Tax,,DBT,US,2025-11
US54466HJV96,US54466HJV96,54466HJV9,Los Angeles County Metropolitan Transportation Authority Sales Tax,,DBT,US,2025-11
US54466HJW79,US54466HJW79,54466HJW7,Los Angeles County Metropolitan Transportation Authority Sales Tax,,DBT,US,2025-11
US54466HJY36,US54466HJY36,54466HJY3,Los Angeles County Metropolitan Transportation Authority Sales Tax,,DBT,US,2025-11
US54466HLH74,US54466HLH74,54466HLH7,Los Angeles County Metropolitan Transportation Authority Sales Tax,,DBT,US,2025-11
US54466HLK04,US54466HLK04,54466HLK0,Los Angeles County Metropolitan Transportation Authority Sales Tax,,DBT,US,2025-11
US54466HLM69,US54466HLM69,54466HLM6,Los Angeles County Metropolitan Transportation Authority Sales Tax,,DBT,US,2025-11
US54466HLN43,US54466HLN43,54466HLN4,Los Angeles County Metropolitan Transportation Authority Sales Tax,,DBT,US,2025-11
US54466HLR56,US54466HLR56,54466HLR5,Los Angeles County Metropolitan Transportation Authority Sales Tax,,DBT,US,2025-11
US54466HLU85,US54466HLU85,54466HLU8,Los Angeles County Metropolitan Transportation Authority Sales Tax,,DBT,US,2025-11
US54466HMH65,US54466HMH65,54466HMH6,Los Angeles County Metropolitan Transportation Authority Sales Tax,,DBT,US,2025-11
US54473ETU81,US54473ETU81,54473ETU8,Los Angeles County Public Works Financing Authority,,DBT,US,2025-11
US54473EYB46,US54473EYB46,54473EYB4,Los Angeles County Public Works Financing Authority,,DBT,US,2025-11
US54473EYC29,US54473EYC29,54473EYC2,Los Angeles County Public Works Financing Authority,,DBT,US,2025-11
US54473EYE84,US54473EYE84,54473EYE8,Los Angeles County Public Works Financing Authority,,DBT,US,2025-11
US54473EYK45,US54473EYK45,54473EYK4,Los Angeles County Public Works Financing Authority,,DBT,US,2025-11
US54473EYM01,US54473EYM01,54473EYM0,Los Angeles County Public Works Financing Authority,,DBT,US,2025-11
US54473EZF41,US54473EZF41,54473EZF4,Los Angeles County Public Works Financing Authority,,DBT,US,2025-11
US54473EZJ62,US54473EZJ62,54473EZJ6,Los Angeles County Public Works Financing Authority,,DBT,US,2025-11
US54473EZK36,US54473EZK36,54473EZK3,Los Angeles County Public Works Financing Authority,,DBT,US,2025-11
US54473EZL19,US54473EZL19,54473EZL1,Los Angeles County Public Works Financing Authority,,DBT,US,2025-11
US54473EZM91,US54473EZM91,54473EZM9,Los Angeles County Public Works Financing Authority,,DBT,US,2025-11
US54473EZN74,US54473EZN74,54473EZN7,Los Angeles County Public Works Financing Authority,,DBT,US,2025-11
US54473EZR88,US54473EZR88,54473EZR8,Los Angeles County Public Works Financing Authority,,DBT,US,2025-11
US545149KM73,US545149KM73,545149KM7,Los Angeles County Sanitation Districts Financing Authority,,DBT,US,2025-11
US5444952D55,US5444952D55,5444952D5,Los Angeles Department of Water & Power,,DBT,US,2025-11
US5444952M54,US5444952M54,5444952M5,Los Angeles Department of Water & Power,,DBT,US,2025-11
US5444953Q59,US5444953Q59,5444953Q5,Los Angeles Department of Water & Power,,DBT,US,2025-11
US5444953R33,US5444953R33,5444953R3,Los Angeles Department of Water & Power,,DBT,US,2025-11
US5444956C37,US5444956C37,5444956C3,Los Angeles Department of Water & Power,,DBT,US,2025-11
US5444956U35,US5444956U35,5444956U3,Los Angeles Department of Water & Power,,DBT,US,2025-11
US5444956V18,US5444956V18,5444956V1,Los Angeles Department of Water & Power,,DBT,US,2025-11
US5444957H15,US5444957H15,5444957H1,Los Angeles Department of Water & Power,,DBT,US,2025-11
US5444957J70,US5444957J70,5444957J7,Los Angeles Department of Water & Power,,DBT,US,2025-11
US5444958E74,US5444958E74,5444958E7,Los Angeles Department of Water & Power,,DBT,US,2025-11
US544495S475,US544495S475,544495S47,Los Angeles Department of Water & Power,,DBT,US,2025-11
US544495W345,US544495W345,544495W34,Los Angeles Department of Water & Power,,DBT,US,2025-11
US544495Z645,US544495Z645,544495Z64,Los Angeles Department of Water & Power,,DBT,US,2025-11
US544532AQ79,US544532AQ79,544532AQ7,Los Angeles Department of Water & Power,,DBT,US,2025-11
US544532AR52,US544532AR52,544532AR5,Los Angeles Department of Water & Power,,DBT,US,2025-11
US544532AU81,US544532AU81,544532AU8,Los Angeles Department of Water & Power,,DBT,US,2025-11
US544532AV64,US544532AV64,544532AV6,Los Angeles Department of Water & Power,,DBT,US,2025-11
US544532AW48,US544532AW48,544532AW4,Los Angeles Department of Water & Power,,DBT,US,2025-11
US544532BL73,US544532BL73,544532BL7,Los Angeles Department of Water & Power,,DBT,US,2025-11
US544532BN30,US544532BN30,544532BN3,Los Angeles Department of Water & Power,,DBT,US,2025-11
US544532CM48,US544532CM48,544532CM4,Los Angeles Department of Water & Power,,DBT,US,2025-11
US544532DK72,US544532DK72,544532DK7,Los Angeles Department of Water & Power,,DBT,US,2025-11
US544532DW11,US544532DW11,544532DW1,Los Angeles Department of Water & Power,,DBT,US,2025-11
US544532EA81,US544532EA81,544532EA8,Los Angeles Department of Water & Power,,DBT,US,2025-11
US544532EC48,US544532EC48,544532EC4,Los Angeles Department of Water & Power,,DBT,US,2025-11
US544532ED21,US544532ED21,544532ED2,Los Angeles Department of Water & Power,,DBT,US,2025-11
US544532EN03,US544532EN03,544532EN0,Los Angeles Department of Water & Power,,DBT,US,2025-11
US544532FR08,US544532FR08,544532FR0,Los Angeles Department of Water & Power,,DBT,US,2025-11
US544532FT63,US544532FT63,544532FT6,Los Angeles Department of Water & Power,,DBT,US,2025-11
US544532FU37,US544532FU37,544532FU3,Los Angeles Department of Water & Power,,DBT,US,2025-11
US544532GD03,US544532GD03,544532GD0,Los Angeles Department of Water & Power,,DBT,US,2025-11
US544532GE85,US544532GE85,544532GE8,Los Angeles Department of Water & Power,,DBT,US,2025-11
US544532GM02,US544532GM02,544532GM0,Los Angeles Department of Water & Power,,DBT,US,2025-11
US544532GP33,US544532GP33,544532GP3,Los Angeles Department of Water & Power,,DBT,US,2025-11
US544532GQ16,US544532GQ16,544532GQ1,Los Angeles Department of Water & Power,,DBT,US,2025-11
US544532JJ46,US544532JJ46,544532JJ4,Los Angeles Department of Water & Power,,DBT,US,2025-11
US544532KK99,US544532KK99,544532KK9,Los Angeles Department of Water & Power,,DBT,US,2026-02
US544532KP86,US544532KP86,544532KP8,Los Angeles Department of Water & Power,,DBT,US,2025-11
US544532KQ69,US544532KQ69,544532KQ6,Los Angeles Department of Water & Power,,DBT,US,2025-11
US544532LV46,US544532LV46,544532LV4,Los Angeles Department of Water & Power,,DBT,US,2025-11
US544532LZ59,US544532LZ59,544532LZ5,Los Angeles Department of Water & Power,,DBT,US,2025-11
US544532MW10,US544532MW10,544532MW1,Los Angeles Department of Water & Power,,DBT,US,2025-11
US544532NL46,US544532NL46,544532NL4,Los Angeles Department of Water & Power,,DBT,US,2025-11
US544532NN02,US544532NN02,544532NN0,Los Angeles Department of Water & Power,,DBT,US,2025-11
US544532PA62,US544532PA62,544532PA6,Los Angeles Department of Water & Power,,DBT,US,2025-11
US544532PH16,US544532PH16,544532PH1,Los Angeles Department of Water & Power,,DBT,US,2025-11
US544532PP32,US544532PP32,544532PP3,Los Angeles Department of Water & Power,,DBT,US,2025-11
US544532PU27,US544532PU27,544532PU2,Los Angeles Department of Water & Power,,DBT,US,2025-11
US544532QA53,US544532QA53,544532QA5,Los Angeles Department of Water & Power,,DBT,US,2025-11
US544532QC10,US544532QC10,544532QC1,Los Angeles Department of Water & Power,,DBT,US,2025-11
US544532QE75,US544532QE75,544532QE7,Los Angeles Department of Water & Power,,DBT,US,2025-11
US544532QL19,US544532QL19,544532QL1,Los Angeles Department of Water & Power,,DBT,US,2025-11
US544532QM91,US544532QM91,544532QM9,Los Angeles Department of Water & Power,,DBT,US,2025-11
US544532QN74,US544532QN74,544532QN7,Los Angeles Department of Water & Power,,DBT,US,2025-11
US544532QU18,US544532QU18,544532QU1,Los Angeles Department of Water & Power,,DBT,US,2026-02
US544532RG15,US544532RG15,544532RG1,Los Angeles Department of Water & Power,,DBT,US,2026-02
US544532RH97,US544532RH97,544532RH9,Los Angeles Department of Water & Power,,DBT,US,2026-02
US544532RP14,US544532RP14,544532RP1,Los Angeles Department of Water & Power,,DBT,US,2026-02
US544532RS52,US544532RS52,544532RS5,Los Angeles Department of Water & Power,,DBT,US,2026-02
US544532RT36,US544532RT36,544532RT3,Los Angeles Department of Water & Power,,DBT,US,2026-02
US5445252A52,US5445252A52,5445252A5,Los Angeles Department of Water & Power Water System,,DBT,US,2025-11
US5445252G23,US5445252G23,5445252G2,Los Angeles Department of Water & Power Water System,,DBT,US,2025-11
US5445252M90,US5445252M90,5445252M9,Los Angeles Department of Water & Power Water System,,DBT,US,2025-11
US5445252N73,US5445252N73,5445252N7,Los Angeles Department of Water & Power Water System,,DBT,US,2025-11
US5445252U17,US5445252U17,5445252U1,Los Angeles Department of Water & Power Water System,,DBT,US,2025-11
US5445252V99,US5445252V99,5445252V9,Los Angeles Department of Water & Power Water System,,DBT,US,2025-11
US5445252W72,US5445252W72,5445252W7,Los Angeles Department of Water & Power Water System,,DBT,US,2025-11
US544525A246,US544525A246,544525A24,Los Angeles Department of Water & Power Water System,,DBT,US,2025-11
US544525A329,US544525A329,544525A32,Los Angeles Department of Water & Power Water System,,DBT,US,2025-11
US544525D216,US544525D216,544525D21,Los Angeles Department of Water & Power Water System,,DBT,US,2025-11
US544525F377,US544525F377,544525F37,Los Angeles Department of Water & Power Water System,,DBT,US,2025-11
US544525F450,US544525F450,544525F45,Los Angeles Department of Water & Power Water System,,DBT,US,2025-11
US544525G284,US544525G284,544525G28,Los Angeles Department of Water & Power Water System,,DBT,US,2025-11
US544525L979,US544525L979,544525L97,Los Angeles Department of Water & Power Water System,,DBT,US,2025-11
US544525Q432,US544525Q432,544525Q43,Los Angeles Department of Water & Power Water System,,DBT,US,2025-11
US544525R752,US544525R752,544525R75,Los Angeles Department of Water & Power Water System,,DBT,US,2025-11
US544525R836,US544525R836,544525R83,Los Angeles Department of Water & Power Water System,,DBT,US,2025-11
US544525UH91,US544525UH91,544525UH9,Los Angeles Department of Water & Power Water System,,DBT,US,2025-11
US544525UX42,US544525UX42,544525UX4,Los Angeles Department of Water & Power Water System,,DBT,US,2025-11
US544525UY25,US544525UY25,544525UY2,Los Angeles Department of Water & Power Water System,,DBT,US,2025-11
US544525UZ99,US544525UZ99,544525UZ9,Los Angeles Department of Water & Power Water System,,DBT,US,2025-11
US544525VD78,US544525VD78,544525VD7,Los Angeles Department of Water & Power Water System,,DBT,US,2025-11
US544525VG00,US544525VG00,544525VG0,Los Angeles Department of Water & Power Water System,,DBT,US,2025-11
US544525WJ30,US544525WJ30,544525WJ3,Los Angeles Department of Water & Power Water System,,DBT,US,2025-11
US544525XF09,US544525XF09,544525XF0,Los Angeles Department of Water & Power Water System,,DBT,US,2025-11
US544525Y360,US544525Y360,544525Y36,Los Angeles Department of Water & Power Water System,,DBT,US,2025-11
US544525Y444,US544525Y444,544525Y44,Los Angeles Department of Water & Power Water System,,DBT,US,2025-11
US544525Y691,US544525Y691,544525Y69,Los Angeles Department of Water & Power Water System,,DBT,US,2025-11
US544525Y931,US544525Y931,544525Y93,Los Angeles Department of Water & Power Water System,,DBT,US,2025-11
US544525YF99,US544525YF99,544525YF9,Los Angeles Department of Water & Power Water System,,DBT,US,2025-11
US544525YH55,US544525YH55,544525YH5,Los Angeles Department of Water & Power Water System,,DBT,US,2025-11
US544525YK84,US544525YK84,544525YK8,Los Angeles Department of Water & Power Water System,,DBT,US,2025-11
US544525Z276,US544525Z276,544525Z27,Los Angeles Department of Water & Power Water System,,DBT,US,2025-11
US544525Z680,US544525Z680,544525Z68,Los Angeles Department of Water & Power Water System,,DBT,US,2025-11
US544525Z920,US544525Z920,544525Z92,Los Angeles Department of Water & Power Water System,,DBT,US,2025-11
US544525ZE16,US544525ZE16,544525ZE1,Los Angeles Department of Water & Power Water System,,DBT,US,2025-11
US544525ZF80,US544525ZF80,544525ZF8,Los Angeles Department of Water & Power Water System,,DBT,US,2025-11
US544525ZP62,US544525ZP62,544525ZP6,Los Angeles Department of Water & Power Water System,,DBT,US,2025-11
US544525ZQ46,US544525ZQ46,544525ZQ4,Los Angeles Department of Water & Power Water System,,DBT,US,2025-11
US544525ZW14,US544525ZW14,544525ZW1,Los Angeles Department of Water & Power Water System,,DBT,US,2025-11
US544525ZX96,US544525ZX96,544525ZX9,Los Angeles Department of Water & Power Water System,,DBT,US,2025-11
US544525ZY79,US544525ZY79,544525ZY7,Los Angeles Department of Water & Power Water System,,DBT,US,2025-11
US5446463Z31,US5446463Z31,5446463Z3,Los Angeles Unified School District,,DBT,US,2025-11
US5446464V18,US5446464V18,5446464V1,Los Angeles Unified School District,,DBT,US,2025-11
US5446464Y56,US5446464Y56,5446464Y5,Los Angeles Unified School District,,DBT,US,2025-11
US5446464Z22,US5446464Z22,5446464Z2,Los Angeles Unified School District,,DBT,US,2025-11
US5446465A61,US5446465A61,5446465A6,Los Angeles Unified School District,,DBT,US,2025-11
US5446465P31,US5446465P31,5446465P3,Los Angeles Unified School District,,DBT,US,2025-11
US5446465Q14,US5446465Q14,5446465Q1,Los Angeles Unified School District,,DBT,US,2025-11
US5446466N73,US5446466N73,5446466N7,Los Angeles Unified School District,,DBT,US,2025-11
US5446466P22,US5446466P22,5446466P2,Los Angeles Unified School District,,DBT,US,2025-11
US5446466Q05,US5446466Q05,5446466Q0,Los Angeles Unified School District,,DBT,US,2025-11
US5446466T44,US5446466T44,5446466T4,Los Angeles Unified School District,,DBT,US,2025-11
US5446466V99,US5446466V99,5446466V9,Los Angeles Unified School District,,DBT,US,2025-11
US5446466W72,US5446466W72,5446466W7,Los Angeles Unified School District,,DBT,US,2025-11
US544647AU42,US544647AU42,544647AU4,Los Angeles Unified School District,,DBT,US,2025-11
US544647AV25,US544647AV25,544647AV2,Los Angeles Unified School District,,DBT,US,2025-11
US544647AW08,US544647AW08,544647AW0,Los Angeles Unified School District,,DBT,US,2025-11
US544647AY63,US544647AY63,544647AY6,Los Angeles Unified School District,,DBT,US,2025-11
US544647BT69,US544647BT69,544647BT6,Los Angeles Unified School District,,DBT,US,2025-11
US544647BU33,US544647BU33,544647BU3,Los Angeles Unified School District,,DBT,US,2025-11
US544647BV16,US544647BV16,544647BV1,Los Angeles Unified School District,,DBT,US,2025-11
US544647BX71,US544647BX71,544647BX7,Los Angeles Unified School District,,DBT,US,2025-11
US544647DC17,US544647DC17,544647DC1,Los Angeles Unified School District,,DBT,US,2025-11
US544647DD99,US544647DD99,544647DD9,Los Angeles Unified School District,,DBT,US,2025-11
US544647DH04,US544647DH04,544647DH0,Los Angeles Unified School District,,DBT,US,2025-11
US544647DJ69,US544647DJ69,544647DJ6,Los Angeles Unified School District,,DBT,US,2025-11
US544647DL16,US544647DL16,544647DL1,Los Angeles Unified School District,,DBT,US,2025-11
US544647DM98,US544647DM98,544647DM9,Los Angeles Unified School District,,DBT,US,2025-11
US544647DN71,US544647DN71,544647DN7,Los Angeles Unified School District,,DBT,US,2025-11
US544647DP20,US544647DP20,544647DP2,Los Angeles Unified School District,,DBT,US,2025-11
US544647EM89,US544647EM89,544647EM8,Los Angeles Unified School District,,DBT,US,2025-11
US544647EN62,US544647EN62,544647EN6,Los Angeles Unified School District,,DBT,US,2025-11
US544647EQ93,US544647EQ93,544647EQ9,Los Angeles Unified School District,,DBT,US,2025-11
US544647ES59,US544647ES59,544647ES5,Los Angeles Unified School District,,DBT,US,2025-11
US544647ET33,US544647ET33,544647ET3,Los Angeles Unified School District,,DBT,US,2025-11
US544647EU06,US544647EU06,544647EU0,Los Angeles Unified School District,,DBT,US,2025-11
US544647EW61,US544647EW61,544647EW6,Los Angeles Unified School District,,DBT,US,2025-11
US544647EZ92,US544647EZ92,544647EZ9,Los Angeles Unified School District,,DBT,US,2025-11
US544647FN53,US544647FN53,544647FN5,Los Angeles Unified School District,,DBT,US,2025-11
US544647FR67,US544647FR67,544647FR6,Los Angeles Unified School District,,DBT,US,2025-11
US544647FY19,US544647FY19,544647FY1,Los Angeles Unified School District,,DBT,US,2025-11
US544647GD62,US544647GD62,544647GD6,Los Angeles Unified School District,,DBT,US,2025-11
US544647GU87,US544647GU87,544647GU8,Los Angeles Unified School District,,DBT,US,2025-11
US544647GV60,US544647GV60,544647GV6,Los Angeles Unified School District,,DBT,US,2025-11
US544647HK96,US544647HK96,544647HK9,Los Angeles Unified School District,,DBT,US,2025-11
US544647HM52,US544647HM52,544647HM5,Los Angeles Unified School District,,DBT,US,2025-11
US544647HN36,US544647HN36,544647HN3,Los Angeles Unified School District,,DBT,US,2025-11
US544647HP83,US544647HP83,544647HP8,Los Angeles Unified School District,,DBT,US,2025-11
US544647HR40,US544647HR40,544647HR4,Los Angeles Unified School District,,DBT,US,2025-11
US544647JF83,US544647JF83,544647JF8,Los Angeles Unified School District,,DBT,US,2025-11
US544647JG66,US544647JG66,544647JG6,Los Angeles Unified School District,,DBT,US,2025-11
US544647JL51,US544647JL51,544647JL5,Los Angeles Unified School District,,DBT,US,2025-11
US544647JU50,US544647JU50,544647JU5,Los Angeles Unified School District,,DBT,US,2025-11
US544647JW17,US544647JW17,544647JW1,Los Angeles Unified School District,,DBT,US,2025-11
US544647KV15,US544647KV15,544647KV1,Los Angeles Unified School District,,DBT,US,2025-11
US546399QQ29,US546399QQ29,546399QQ2,Louisiana Public Facilities Authority,,DBT,US,2025-11
US5465892F85,US5465892F85,5465892F8,Louisville & Jefferson County Metropolitan Sewer District,,DBT,US,2025-11
US5465892V36,US5465892V36,5465892V3,Louisville & Jefferson County Metropolitan Sewer District,,DBT,US,2025-11
US5465893E02,US5465893E02,5465893E0,Louisville & Jefferson County Metropolitan Sewer District,,DBT,US,2025-11
US5465893G59,US5465893G59,5465893G5,Louisville & Jefferson County Metropolitan Sewer District,,DBT,US,2025-11
US546589V741,US546589V741,546589V74,Louisville & Jefferson County Metropolitan Sewer District,,DBT,US,2025-11
US54811BN808,US54811BN808,54811BN80,Lower Colorado River Authority,,DBT,US,2025-11
US54811BN980,US54811BN980,54811BN98,Lower Colorado River Authority,,DBT,US,2025-11
US54811BP621,US54811BP621,54811BP62,Lower Colorado River Authority,,DBT,US,2025-11
US54811BP704,US54811BP704,54811BP70,Lower Colorado River Authority,,DBT,US,2025-11
US54811BR783,US54811BR783,54811BR78,Lower Colorado River Authority,,DBT,US,2025-11
US54811BRZ66,US54811BRZ66,54811BRZ6,Lower Colorado River Authority,,DBT,US,2025-11
US54811BS773,US54811BS773,54811BS77,Lower Colorado River Authority,,DBT,US,2025-11
US54811BT359,US54811BT359,54811BT35,Lower Colorado River Authority,,DBT,US,2025-11
US54811BT433,US54811BT433,54811BT43,Lower Colorado River Authority,,DBT,US,2025-11
US54811BT763,US54811BT763,54811BT76,Lower Colorado River Authority,,DBT,US,2025-11
US54811BT847,US54811BT847,54811BT84,Lower Colorado River Authority,,DBT,US,2025-11
US54811BU902,US54811BU902,54811BU90,Lower Colorado River Authority,,DBT,US,2025-11
US54811BWG21,US54811BWG21,54811BWG2,Lower Colorado River Authority,,DBT,US,2025-11
US54811BWT42,US54811BWT42,54811BWT4,Lower Colorado River Authority,,DBT,US,2025-11
US54811BWV97,US54811BWV97,54811BWV9,Lower Colorado River Authority,,DBT,US,2025-11
US54811BZT15,US54811BZT15,54811BZT1,Lower Colorado River Authority,,DBT,US,2025-11
US54811GN716,US54811GN716,54811GN71,Lower Colorado River Authority,,DBT,US,2025-11
US54811GN898,US54811GN898,54811GN89,Lower Colorado River Authority,,DBT,US,2025-11
US54811GN971,US54811GN971,54811GN97,Lower Colorado River Authority,,DBT,US,2025-11
US54811GP208,US54811GP208,54811GP20,Lower Colorado River Authority,,DBT,US,2025-11
US54811GP380,US54811GP380,54811GP38,Lower Colorado River Authority,,DBT,US,2025-11
US54811GQ297,US54811GQ297,54811GQ29,Lower Colorado River Authority,,DBT,US,2025-11
US54811GQ784,US54811GQ784,54811GQ78,Lower Colorado River Authority,,DBT,US,2025-11
US54811GS350,US54811GS350,54811GS35,Lower Colorado River Authority,,DBT,US,2025-11
US55374SAA87,US55374SAA87,55374SAA8,M-S-R CA ENERGY AUTH GAS REVEN,,DBT,US,2026-01
US55617LAQ59,US55617LAQ59,55617LAQ5,MACY'S RETAIL HLDGS LLC,,DBT,US,2026-03
US55617LAR33,US55617LAR33,55617LAR3,MACY'S RETAIL HLDGS LLC,,DBT,US,2026-02
US55617LAS16,US55617LAS16,55617LAS1,MACY'S RETAIL HLDGS LLC,,DBT,US,2026-02
US56035DGT37,US56035DGT37,56035DGT3,MAIN STREET NATURAL GAS INC GA,,DBT,US,2026-02
US562785HX61,US562785HX61,562785HX6,MANHATTAN BEACH CA UNIF SCH DI,,DBT,US,2026-02
US562785HY45,US562785HY45,562785HY4,MANHATTAN BEACH CA UNIF SCH DI,,DBT,US,2026-02
US56530KAA43,US56530KAA43,56530KAA4,MAPLE PARENT HLDS CO,,DBT,US,2026-03
US56681NAW74,US56681NAW74,56681NAW7,MARICOPA CNTY AZ INDL DEV AUTH,,DBT,US,2026-01
US574193PE24,US574193PE24,574193PE2,MARYLAND ST,,DBT,US,2026-02
US574193XM57,US574193XM57,574193XM5,MARYLAND ST,,DBT,US,2026-02
US57420NBY67,US57420NBY67,57420NBY6,MARYLAND ST ECON DEV CORP ECON,,DBT,US,2026-01
US57420NCC39,US57420NCC39,57420NCC3,MARYLAND ST ECON DEV CORP ECON,,DBT,US,2026-01
US57421HAB96,US57421HAB96,57421HAB9,MARYLAND ST ECON DEV CORP POLL,,DBT,US,2026-01
US574296CR87,US574296CR87,574296CR8,MARYLAND ST STADIUM AUTH REVEN,,DBT,US,2026-02
US57582R2B17,US57582R2B17,57582R2B1,MASSACHUSETTS ST,,DBT,US,2026-01
US57582R7D28,US57582R7D28,57582R7D2,MASSACHUSETTS ST,,DBT,US,2026-02
US57582RY425,US57582RY425,57582RY42,MASSACHUSETTS ST,,DBT,US,2026-01
US57582TBT88,US57582TBT88,57582TBT8,MASSACHUSETTS ST,,DBT,US,2026-02
US575579Q910,US575579Q910,575579Q91,MASSACHUSETTS ST BAY TRANSPRTN,,DBT,US,2026-01
US575829QA75,US575829QA75,575829QA7,MASSACHUSETTS ST CLEAN WTR TRU,,DBT,US,2026-02
US57584XJF96,US57584XJF96,57584XJF9,MASSACHUSETTS ST DEV FIN AGY R,,DBT,US,2026-01
US57584Y3V97,US57584Y3V97,57584Y3V9,MASSACHUSETTS ST DEV FIN AGY R,,DBT,US,2026-01
US57585BRS96,US57585BRS96,57585BRS9,MASSACHUSETTS ST DEV FIN AGY R,,DBT,US,2026-02
US57667JAA07,US57667JAA07,57667JAA0,MATCH GROUP HLD II LLC,,DBT,US,2026-02
US57667JAC62,US57667JAC62,57667JAC6,MATCH GROUP HLD II LLC,,DBT,US,2026-02
US59155LAA08,US59155LAA08,59155LAA0,MAVIS TIRE EXPRESS SERVI,,DBT,US,2026-01
US57779EAA64,US57779EAA64,57779EAA6,MAXIM CRANE WORKS LLC,,DBT,US,2026-01
US579780AR81,US579780AR81,579780AR8,MCCORMICK & CO,,DBT,US,2026-01
US57767XAA81,US57767XAA81,57767XAA8,MCGRAW-HILL EDUCATION,,DBT,US,2026-01
US57767XAB64,US57767XAB64,57767XAB6,MCGRAW-HILL EDUCATION,,DBT,US,2026-01
US58064LAA26,US58064LAA26,58064LAA2,MCGRAW-HILL EDUCATION,,DBT,US,2026-02
US58506DAA63,US58506DAA63,58506DAA6,MEDLINE BORROWER/MEDL CO,,DBT,US,2026-01
US59010UAA51,US59010UAA51,59010UAA5,MERLIN ENTERTAINMENTS GR,,DBT,US,2026-01
US592112TH92,US592112TH92,592112TH9,MET GOVT NASHVILLE & DAVIDSON,,DBT,US,2026-01
US592190NM05,US592190NM05,592190NM0,MET NASHVILLE TN ARPT AUTH ARP,,DBT,US,2026-01
US592190QD78,US592190QD78,592190QD7,MET NASHVILLE TN ARPT AUTH ARP,,DBT,US,2026-01
US592190RX24,US592190RX24,592190RX2,MET NASHVILLE TN ARPT AUTH ARP,,DBT,US,2026-02
US592190SS20,US592190SS20,592190SS2,MET NASHVILLE TN ARPT AUTH ARP,,DBT,US,2026-02
US592190ST03,US592190ST03,592190ST0,MET NASHVILLE TN ARPT AUTH ARP,,DBT,US,2026-02
US592250BK99,US592250BK99,592250BK9,MET PIER & EXPOSITION AUTH IL,,DBT,US,2026-01
US59261A6E23,US59261A6E23,59261A6E2,MET TRANSPRTN AUTH NY REVENUE,,DBT,US,2026-01
US59261AG435,US59261AG435,59261AG43,MET TRANSPRTN AUTH NY REVENUE,,DBT,US,2026-01
US592647PA30,US592647PA30,592647PA3,MET WASHINGTON DC ARPTS AUTH A,,DBT,US,2026-02
US59151LAA44,US59151LAA44,59151LAA4,METHANEX US OPERATIONS,,DBT,US,2026-02
US593238CF33,US593238CF33,593238CF3,MIAMI BEACH FL RESORT TAX REVE,,DBT,US,2026-01
US59338CAM47,US59338CAM47,59338CAM4,MIAMI FL,,DBT,US,2026-02
US59333NNK53,US59333NNK53,59333NNK5,MIAMI-DADE CNTY FL SPL OBLIG,,DBT,US,2026-02
US59333NNL37,US59333NNL37,59333NNL3,MIAMI-DADE CNTY FL SPL OBLIG,,DBT,US,2026-02
US59333NNM10,US59333NNM10,59333NNM1,MIAMI-DADE CNTY FL SPL OBLIG,,DBT,US,2026-02
US59333NZ971,US59333NZ971,59333NZ97,MIAMI-DADE CNTY FL SPL OBLIG,,DBT,US,2026-02
US55916AAA25,US55916AAA25,55916AAA2,MICHAELS COS INC/THE,,DBT,US,2026-01
US55916AAB08,US55916AAB08,55916AAB0,MICHAELS COS INC/THE,,DBT,US,2026-01
US594615HA75,US594615HA75,594615HA7,MICHIGAN ST BLDG AUTH REVENUE,,DBT,US,2026-01
US59447NBD75,US59447NBD75,59447NBD7,MICHIGAN ST FIN AUTH ACT 38 FA,,DBT,US,2026-01
US59447T3T81,US59447T3T81,59447T3T8,MICHIGAN ST FIN AUTH REVENUE,,DBT,US,2026-01
US59447TH974,US59447TH974,59447TH97,MICHIGAN ST FIN AUTH REVENUE,,DBT,US,2026-02
US59565JAA97,US59565JAA97,59565JAA9,MIDAS OPCO HOLDINGS LLC,,DBT,US,2026-01
US59590AAA79,US59590AAA79,59590AAA7,MIDCAP FINANCIAL,,DBT,US,2026-01
US59567LAA26,US59567LAA26,59567LAA2,MIDCAP FINANCIAL ISSR TR,,DBT,US,2026-01
US59565XAD21,US59565XAD21,59565XAD2,MIDCONTINENT COMMUNICATI,,DBT,US,2026-03
US59833DAB64,US59833DAB64,59833DAB6,MIDWEST GMNG BOR/MWG FIN,,DBT,US,2026-01
US60012PCB85,US60012PCB85,60012PCB8,MILLBRAE CA SCH DIST,,DBT,US,2026-02
US60041CAA62,US60041CAA62,60041CAA6,MILLENNIUM ESCROW CORP,,DBT,US,2026-01
US603827H660,US603827H660,603827H66,MINNEAPOLIS-SAINT PAUL MN MET,,DBT,US,2026-01
US60406UAN72,US60406UAN72,60406UAN7,MINNESOTA MUNI GAS AGY COMMODI,,DBT,US,2026-01
US60635H4B25,US60635H4B25,60635H4B2,MISSOURI ST HLTH & EDUCTNL FAC,,DBT,US,2026-01
US60635H4C08,US60635H4C08,60635H4C0,MISSOURI ST HLTH & EDUCTNL FAC,,DBT,US,2026-01
US60672JAA79,US60672JAA79,60672JAA7,MITER BRAND / MIWD BORR,,DBT,US,2026-02
US55337PAA03,US55337PAA03,55337PAA0,MIWD HLDCO II/MIWD FIN,,DBT,US,2026-01
US606950AA10,US606950AA10,606950AA1,MOBIUS MERGER SUB,,DBT,US,2026-01
US60832QAA85,US60832QAA85,60832QAA8,MOHEGAN TRIBAL / MS DIG,,DBT,US,2026-01
US60832QAB68,US60832QAB68,60832QAB6,MOHEGAN TRIBAL / MS DIG,,DBT,US,2026-02
US60833AAC80,US60833AAC80,60833AAC8,MOHEGAN TRIBAL / MS DIG,,DBT,US,2026-03
US61075TSK50,US61075TSK50,61075TSK5,MONROE CNTY NY INDL DEV CORP R,,DBT,US,2026-01
US614121XX48,US614121XX48,614121XX4,MONTGOMERY TX INDEP SCH DIST,,DBT,US,2026-01
US623040FW73,US623040FW73,623040FW7,MOUNT SAN ANTONIO CA CMNTY CLG,,DBT,US,2026-02
US55342UAH77,US55342UAH77,55342UAH7,MPT OPER PARTNERSP/FINL,,DBT,US,2026-01
US55342UAJ34,US55342UAJ34,55342UAJ3,MPT OPER PARTNERSP/FINL,,DBT,US,2026-01
US55342UAM62,US55342UAM62,55342UAM6,MPT OPER PARTNERSP/FINL,,DBT,US,2026-02
US55342UAQ76,US55342UAQ76,55342UAQ7,MPT OPER PARTNERSP/FINL,,DBT,US,2026-01
US573334AK58,US573334AK58,573334AK5,MRT MID PART/MRT MID FIN,,DBT,US,2026-01
US62476RAB15,US62476RAB15,62476RAB1,MTA Hudson Rail Yards Trust Obligations,,DBT,US,2025-11
US62620HHQ83,US62620HHQ83,62620HHQ8,MUNI ELEC AUTH OF GA,,DBT,US,2026-01
US626207H239,US626207H239,626207H23,MUNI ELEC AUTH OF GEORGIA,,DBT,US,2026-01
US628077CU16,US628077CU16,628077CU1,MUSKINGUM CNTY OH HOSP FACS,,DBT,US,2026-01
US62844JAE82,US62844JAE82,62844JAE8,MUVICO LLC,,DBT,US,2026-01
US555758KB69,US555758KB69,555758KB6,Macon Water Authority,,DBT,US,2025-11
US555758KC43,US555758KC43,555758KC4,Macon Water Authority,,DBT,US,2025-11
US559686YQ73,US559686YQ73,559686YQ7,Magnolia Independent School District,,DBT,US,2025-11
US56042SEB25,US56042SEB25,56042SEB2,Maine Health & Higher Educational Facilities Authority,,DBT,US,2025-11
US56042SEE63,US56042SEE63,56042SEE6,Maine Health & Higher Educational Facilities Authority,,DBT,US,2025-11
US56045PDZ36,US56045PDZ36,56045PDZ3,Maine Municipal Bond Bank,,DBT,US,2026-02
US56045PEA75,US56045PEA75,56045PEA7,Maine Municipal Bond Bank,,DBT,US,2026-02
US560551QG18,US560551QG18,560551QG1,Maine Turnpike Authority,,DBT,US,2025-11
US560551QY24,US560551QY24,560551QY2,Maine Turnpike Authority,,DBT,US,2025-11
US560551RA39,US560551RA39,560551RA3,Maine Turnpike Authority,,DBT,US,2025-11
US564096J715,US564096J715,564096J71,Manor Independent School District,,DBT,US,2025-11
US567527WU67,US567527WU67,567527WU6,Maricopa County High School District No. 214 Tolleson Union High School,,DBT,US,2025-11
US567527WV41,US567527WV41,567527WV4,Maricopa County High School District No. 214 Tolleson Union High School,,DBT,US,2025-11
US56681NJD03,US56681NJD03,56681NJD0,Maricopa County Industrial Development Authority,,DBT,US,2026-01
US567505SM51,US567505SM51,567505SM5,Maricopa County Union High School District No. 210-Phoenix,,DBT,US,2025-11
US567505SQ65,US567505SQ65,567505SQ6,Maricopa County Union High School District No. 210-Phoenix,,DBT,US,2025-11
US574296AX73,US574296AX73,574296AX7,Maryland Stadium Authority,,DBT,US,2025-11
US574300MP16,US574300MP16,574300MP1,Maryland State Transportation Authority,,DBT,US,2025-11
US574300MU01,US574300MU01,574300MU0,Maryland State Transportation Authority,,DBT,US,2025-11
US574300PM57,US574300PM57,574300PM5,Maryland State Transportation Authority,,DBT,US,2025-11
US574300PP88,US574300PP88,574300PP8,Maryland State Transportation Authority,,DBT,US,2025-11
US574300PR45,US574300PR45,574300PR4,Maryland State Transportation Authority,,DBT,US,2025-11
US574300PT01,US574300PT01,574300PT0,Maryland State Transportation Authority,,DBT,US,2025-11
US574300PU73,US574300PU73,574300PU7,Maryland State Transportation Authority,,DBT,US,2025-11
US575579V381,US575579V381,575579V38,Massachusetts Bay Transportation Authority,,DBT,US,2026-02
US575577NU11,US575577NU11,575577NU1,Massachusetts Bay Transportation Authority Assessment,,DBT,US,2025-11
US5755792E65,US5755792E65,5755792E6,Massachusetts Bay Transportation Authority Sales Tax,,DBT,US,2025-11
US575579V795,US575579V795,575579V79,Massachusetts Bay Transportation Authority Sales Tax,,DBT,US,2025-11
US575579V951,US575579V951,575579V95,Massachusetts Bay Transportation Authority Sales Tax,,DBT,US,2025-11
US575579W298,US575579W298,575579W29,Massachusetts Bay Transportation Authority Sales Tax,,DBT,US,2025-11
US575579W371,US575579W371,575579W37,Massachusetts Bay Transportation Authority Sales Tax,,DBT,US,2025-11
US575579Y435,US575579Y435,575579Y43,Massachusetts Bay Transportation Authority Sales Tax,,DBT,US,2025-11
US575579Y682,US575579Y682,575579Y68,Massachusetts Bay Transportation Authority Sales Tax,,DBT,US,2025-11
US575579Y922,US575579Y922,575579Y92,Massachusetts Bay Transportation Authority Sales Tax,,DBT,US,2025-11
US575579Z267,US575579Z267,575579Z26,Massachusetts Bay Transportation Authority Sales Tax,,DBT,US,2025-11
US575579Z598,US575579Z598,575579Z59,Massachusetts Bay Transportation Authority Sales Tax,,DBT,US,2025-11
US575579Z671,US575579Z671,575579Z67,Massachusetts Bay Transportation Authority Sales Tax,,DBT,US,2025-11
US575579Z754,US575579Z754,575579Z75,Massachusetts Bay Transportation Authority Sales Tax,,DBT,US,2025-11
US575829MP80,US575829MP80,575829MP8,Massachusetts Clean Water Trust (The),,DBT,US,2025-11
US575829PF71,US575829PF71,575829PF7,Massachusetts Clean Water Trust (The),,DBT,US,2026-02
US575829PW05,US575829PW05,575829PW0,Massachusetts Clean Water Trust (The),,DBT,US,2026-02
US575829PX87,US575829PX87,575829PX8,Massachusetts Clean Water Trust (The),,DBT,US,2026-02
US575829PY60,US575829PY60,575829PY6,Massachusetts Clean Water Trust (The),,DBT,US,2026-02
US575829QH29,US575829QH29,575829QH2,Massachusetts Clean Water Trust (The),,DBT,US,2026-02
US57605AFL52,US57605AFL52,57605AFL5,Massachusetts Clean Water Trust (The),,DBT,US,2025-11
US576018AK13,US576018AK13,576018AK1,Massachusetts Department of Transportation,,DBT,US,2025-11
US57584XD571,US57584XD571,57584XD57,Massachusetts Development Finance Agency,,DBT,US,2025-11
US57584XWV99,US57584XWV99,57584XWV9,Massachusetts Development Finance Agency,,DBT,US,2025-11
US57584XXW63,US57584XXW63,57584XXW6,Massachusetts Development Finance Agency,,DBT,US,2025-11
US57584XYC90,US57584XYC90,57584XYC9,Massachusetts Development Finance Agency,,DBT,US,2025-11
US57584XYD73,US57584XYD73,57584XYD7,Massachusetts Development Finance Agency,,DBT,US,2025-11
US57584XYG05,US57584XYG05,57584XYG0,Massachusetts Development Finance Agency,,DBT,US,2025-11
US57584Y2Y46,US57584Y2Y46,57584Y2Y4,Massachusetts Development Finance Agency,,DBT,US,2025-11
US57584YWJ45,US57584YWJ45,57584YWJ4,Massachusetts Development Finance Agency,,DBT,US,2025-11
US57584YZK80,US57584YZK80,57584YZK8,Massachusetts Development Finance Agency,,DBT,US,2025-11
US57584YZN20,US57584YZN20,57584YZN2,Massachusetts Development Finance Agency,,DBT,US,2025-11
US57584YZP77,US57584YZP77,57584YZP7,Massachusetts Development Finance Agency,,DBT,US,2025-11
US57585BAL27,US57585BAL27,57585BAL2,Massachusetts Development Finance Agency,,DBT,US,2025-11
US57585BFC72,US57585BFC72,57585BFC7,Massachusetts Development Finance Agency,,DBT,US,2025-11
US57585BFD55,US57585BFD55,57585BFD5,Massachusetts Development Finance Agency,,DBT,US,2025-11
US57585BGK89,US57585BGK89,57585BGK8,Massachusetts Development Finance Agency,,DBT,US,2025-11
US57585BGR33,US57585BGR33,57585BGR3,Massachusetts Development Finance Agency,,DBT,US,2025-11
US57585BGU61,US57585BGU61,57585BGU6,Massachusetts Development Finance Agency,,DBT,US,2025-11
US57585BHN10,US57585BHN10,57585BHN1,Massachusetts Development Finance Agency,,DBT,US,2025-11
US57585BKD90,US57585BKD90,57585BKD9,Massachusetts Development Finance Agency,,DBT,US,2025-11
US57585BQB70,US57585BQB70,57585BQB7,Massachusetts Development Finance Agency,,DBT,US,2025-11
US57585BQE10,US57585BQE10,57585BQE1,Massachusetts Development Finance Agency,,DBT,US,2025-11
US57563RTX79,US57563RTX79,57563RTX7,Massachusetts Educational Financing Authority,,DBT,US,2026-01
US57585KWD61,US57585KWD61,57585KWD6,Massachusetts Health & Educational Facilities Authority,,DBT,US,2025-11
US576000E417,US576000E417,576000E41,Massachusetts School Building Authority,,DBT,US,2025-11
US576000E664,US576000E664,576000E66,Massachusetts School Building Authority,,DBT,US,2025-11
US576000E748,US576000E748,576000E74,Massachusetts School Building Authority,,DBT,US,2025-11
US576000E821,US576000E821,576000E82,Massachusetts School Building Authority,,DBT,US,2025-11
US576000E904,US576000E904,576000E90,Massachusetts School Building Authority,,DBT,US,2025-11
US576000F323,US576000F323,576000F32,Massachusetts School Building Authority,,DBT,US,2025-11
US576000G560,US576000G560,576000G56,Massachusetts School Building Authority,,DBT,US,2025-11
US576000G644,US576000G644,576000G64,Massachusetts School Building Authority,,DBT,US,2025-11
US576000G727,US576000G727,576000G72,Massachusetts School Building Authority,,DBT,US,2025-11
US576000RG02,US576000RG02,576000RG0,Massachusetts School Building Authority,,DBT,US,2025-11
US576000VB68,US576000VB68,576000VB6,Massachusetts School Building Authority,,DBT,US,2025-11
US576000VF72,US576000VF72,576000VF7,Massachusetts School Building Authority,,DBT,US,2025-11
US576000WD16,US576000WD16,576000WD1,Massachusetts School Building Authority,,DBT,US,2025-11
US576000WE98,US576000WE98,576000WE9,Massachusetts School Building Authority,,DBT,US,2025-11
US576000WY52,US576000WY52,576000WY5,Massachusetts School Building Authority,,DBT,US,2025-11
US576000YY35,US576000YY35,576000YY3,Massachusetts School Building Authority,,DBT,US,2025-11
US57563CDH25,US57563CDH25,57563CDH2,Massachusetts Transportation Trust Fund Metropolitan Highway System,,DBT,US,2025-11
US57563CEK45,US57563CEK45,57563CEK4,Massachusetts Transportation Trust Fund Metropolitan Highway System,,DBT,US,2025-11
US57563CEP32,US57563CEP32,57563CEP3,Massachusetts Transportation Trust Fund Metropolitan Highway System,,DBT,US,2025-11
US57563CES70,US57563CES70,57563CES7,Massachusetts Transportation Trust Fund Metropolitan Highway System,,DBT,US,2025-11
US576049V988,US576049V988,576049V98,Massachusetts Water Resources Authority,,DBT,US,2025-11
US576049W481,US576049W481,576049W48,Massachusetts Water Resources Authority,,DBT,US,2025-11
US576049W978,US576049W978,576049W97,Massachusetts Water Resources Authority,,DBT,US,2025-11
US576051PH35,US576051PH35,576051PH3,Massachusetts Water Resources Authority,,DBT,US,2025-11
US576051PK63,US576051PK63,576051PK6,Massachusetts Water Resources Authority,,DBT,US,2025-11
US576051PL47,US576051PL47,576051PL4,Massachusetts Water Resources Authority,,DBT,US,2025-11
US576051TD84,US576051TD84,576051TD8,Massachusetts Water Resources Authority,,DBT,US,2025-11
US584887UR22,US584887UR22,584887UR2,Medina Valley Independent School District,,DBT,US,2025-11
US585488ZQ51,US585488ZQ51,585488ZQ5,Melissa Independent School District,,DBT,US,2025-11
US58661PCA84,US58661PCA84,58661PCA8,Mendocino-Lake Community College District,,DBT,US,2025-11
US590621LV82,US590621LV82,590621LV8,Mesa County Valley School District No. 51 Grand Junction,,DBT,US,2025-11
US590621LW65,US590621LW65,590621LW6,Mesa County Valley School District No. 51 Grand Junction,,DBT,US,2025-11
US590621LZ96,US590621LZ96,590621LZ9,Mesa County Valley School District No. 51 Grand Junction,,DBT,US,2025-11
US590760VC50,US590760VC50,590760VC5,Mesquite Independent School District,,DBT,US,2025-11
US5917453L62,US5917453L62,5917453L6,Metropolitan Atlanta Rapid Transit Authority,,DBT,US,2025-11
US5917456F67,US5917456F67,5917456F6,Metropolitan Atlanta Rapid Transit Authority,,DBT,US,2025-11
US5917457P31,US5917457P31,5917457P3,Metropolitan Atlanta Rapid Transit Authority,,DBT,US,2025-11
US5917457Q14,US5917457Q14,5917457Q1,Metropolitan Atlanta Rapid Transit Authority,,DBT,US,2025-11
US591745C289,US591745C289,591745C28,Metropolitan Atlanta Rapid Transit Authority,,DBT,US,2025-11
US591745Y655,US591745Y655,591745Y65,Metropolitan Atlanta Rapid Transit Authority,,DBT,US,2025-11
US591746BB78,US591746BB78,591746BB7,Metropolitan Atlanta Rapid Transit Authority,,DBT,US,2025-11
US591746BL50,US591746BL50,591746BL5,Metropolitan Atlanta Rapid Transit Authority,,DBT,US,2025-11
US591746BS04,US591746BS04,591746BS0,Metropolitan Atlanta Rapid Transit Authority,,DBT,US,2025-11
US591852Z680,US591852Z680,591852Z68,Metropolitan Council,,DBT,US,2025-11
US591852Z763,US591852Z763,591852Z76,Metropolitan Council,,DBT,US,2025-11
US591852Z847,US591852Z847,591852Z84,Metropolitan Council,,DBT,US,2025-11
US592029CP51,US592029CP51,592029CP5,Metropolitan Government Nashville & Davidson County Health & Educational Facilities Board,,DBT,US,2025-11
US592029DA73,US592029DA73,592029DA7,Metropolitan Government Nashville & Davidson County Health & Educational Facilities Board,,DBT,US,2025-11
US592029DB56,US592029DB56,592029DB5,Metropolitan Government Nashville & Davidson County Health & Educational Facilities Board,,DBT,US,2025-11
US592030J355,US592030J355,592030J35,Metropolitan Government of Nashville & Davidson County,,DBT,US,2025-11
US5920983C90,US5920983C90,5920983C9,Metropolitan Government of Nashville & Davidson County,,DBT,US,2025-11
US5920983G05,US5920983G05,5920983G0,Metropolitan Government of Nashville & Davidson County,,DBT,US,2025-11
US592098T492,US592098T492,592098T49,Metropolitan Government of Nashville & Davidson County,,DBT,US,2025-11
US592112TD88,US592112TD88,592112TD8,Metropolitan Government of Nashville & Davidson County,,DBT,US,2025-11
US592112TG10,US592112TG10,592112TG1,Metropolitan Government of Nashville & Davidson County,,DBT,US,2025-11
US592112TJ58,US592112TJ58,592112TJ5,Metropolitan Government of Nashville & Davidson County,,DBT,US,2025-11
US592112TL05,US592112TL05,592112TL0,Metropolitan Government of Nashville & Davidson County,,DBT,US,2025-11
US592112US39,US592112US39,592112US3,Metropolitan Government of Nashville & Davidson County,,DBT,US,2025-11
US592112UU84,US592112UU84,592112UU8,Metropolitan Government of Nashville & Davidson County,,DBT,US,2025-11
US592112UV67,US592112UV67,592112UV6,Metropolitan Government of Nashville & Davidson County,,DBT,US,2025-11
US592112UX24,US592112UX24,592112UX2,Metropolitan Government of Nashville & Davidson County,,DBT,US,2025-11
US592112VZ62,US592112VZ62,592112VZ6,Metropolitan Government of Nashville & Davidson County,,DBT,US,2025-11
US592112XK75,US592112XK75,592112XK7,Metropolitan Government of Nashville & Davidson County,,DBT,US,2025-11
US592112XL58,US592112XL58,592112XL5,Metropolitan Government of Nashville & Davidson County,,DBT,US,2025-11
US592112XP62,US592112XP62,592112XP6,Metropolitan Government of Nashville & Davidson County,,DBT,US,2025-11
US592112XQ46,US592112XQ46,592112XQ4,Metropolitan Government of Nashville & Davidson County,,DBT,US,2025-11
US592112XR29,US592112XR29,592112XR2,Metropolitan Government of Nashville & Davidson County,,DBT,US,2025-11
US592112XT84,US592112XT84,592112XT8,Metropolitan Government of Nashville & Davidson County,,DBT,US,2025-11
US592174AT37,US592174AT37,592174AT3,Metropolitan Knoxville Airport Authority,,DBT,US,2025-11
US592190NK49,US592190NK49,592190NK4,Metropolitan Nashville Airport Authority (The),,DBT,US,2025-11
US592190NL22,US592190NL22,592190NL2,Metropolitan Nashville Airport Authority (The),,DBT,US,2025-11
US592190RU84,US592190RU84,592190RU8,Metropolitan Nashville Airport Authority (The),,DBT,US,2026-02
US592190RV67,US592190RV67,592190RV6,Metropolitan Nashville Airport Authority (The),,DBT,US,2026-02
US592190RW41,US592190RW41,592190RW4,Metropolitan Nashville Airport Authority (The),,DBT,US,2026-02
US592190RZ71,US592190RZ71,592190RZ7,Metropolitan Nashville Airport Authority (The),,DBT,US,2026-02
US592190SA12,US592190SA12,592190SA1,Metropolitan Nashville Airport Authority (The),,DBT,US,2026-02
US592481KF13,US592481KF13,592481KF1,Metropolitan St. Louis Sewer District,,DBT,US,2025-11
US592481KG95,US592481KG95,592481KG9,Metropolitan St. Louis Sewer District,,DBT,US,2025-11
US59259Y5H82,US59259Y5H82,59259Y5H8,Metropolitan Transportation Authority,,DBT,US,2025-11
US59261A2D85,US59261A2D85,59261A2D8,Metropolitan Transportation Authority,,DBT,US,2025-11
US59261A2F34,US59261A2F34,59261A2F3,Metropolitan Transportation Authority,,DBT,US,2025-11
US59261A2H99,US59261A2H99,59261A2H9,Metropolitan Transportation Authority,,DBT,US,2025-11
US59261A3B11,US59261A3B11,59261A3B1,Metropolitan Transportation Authority,,DBT,US,2025-11
US59261A3C93,US59261A3C93,59261A3C9,Metropolitan Transportation Authority,,DBT,US,2025-11
US59261A3E59,US59261A3E59,59261A3E5,Metropolitan Transportation Authority,,DBT,US,2025-11
US59261A3G08,US59261A3G08,59261A3G0,Metropolitan Transportation Authority,,DBT,US,2025-11
US59261A3H80,US59261A3H80,59261A3H8,Metropolitan Transportation Authority,,DBT,US,2025-11
US59261A3J47,US59261A3J47,59261A3J4,Metropolitan Transportation Authority,,DBT,US,2025-11
US59261A4N40,US59261A4N40,59261A4N4,Metropolitan Transportation Authority,,DBT,US,2025-11
US59261A4Q70,US59261A4Q70,59261A4Q7,Metropolitan Transportation Authority,,DBT,US,2025-11
US59261A4S37,US59261A4S37,59261A4S3,Metropolitan Transportation Authority,,DBT,US,2025-11
US59261A4W49,US59261A4W49,59261A4W4,Metropolitan Transportation Authority,,DBT,US,2025-11
US59261A4X22,US59261A4X22,59261A4X2,Metropolitan Transportation Authority,,DBT,US,2025-11
US59261A5B92,US59261A5B92,59261A5B9,Metropolitan Transportation Authority,,DBT,US,2025-11
US59261A5F07,US59261A5F07,59261A5F0,Metropolitan Transportation Authority,,DBT,US,2025-11
US59261A5G89,US59261A5G89,59261A5G8,Metropolitan Transportation Authority,,DBT,US,2025-11
US59261A5T01,US59261A5T01,59261A5T0,Metropolitan Transportation Authority,,DBT,US,2025-11
US59261A5U73,US59261A5U73,59261A5U7,Metropolitan Transportation Authority,,DBT,US,2025-11
US59261A5V56,US59261A5V56,59261A5V5,Metropolitan Transportation Authority,,DBT,US,2025-11
US59261A5W30,US59261A5W30,59261A5W3,Metropolitan Transportation Authority,,DBT,US,2025-11
US59261A5X13,US59261A5X13,59261A5X1,Metropolitan Transportation Authority,,DBT,US,2025-11
US59261A5Z60,US59261A5Z60,59261A5Z6,Metropolitan Transportation Authority,,DBT,US,2025-11
US59261AC962,US59261AC962,59261AC96,Metropolitan Transportation Authority,,DBT,US,2025-11
US59261ACW53,US59261ACW53,59261ACW5,Metropolitan Transportation Authority,,DBT,US,2025-11
US59261AD531,US59261AD531,59261AD53,Metropolitan Transportation Authority,,DBT,US,2025-11
US59261ADL89,US59261ADL89,59261ADL8,Metropolitan Transportation Authority,,DBT,US,2025-11
US59261AE372,US59261AE372,59261AE37,Metropolitan Transportation Authority,,DBT,US,2025-11
US59261AEX19,US59261AEX19,59261AEX1,Metropolitan Transportation Authority,,DBT,US,2025-11
US59261AFR32,US59261AFR32,59261AFR3,Metropolitan Transportation Authority,,DBT,US,2025-11
US59261AFS15,US59261AFS15,59261AFS1,Metropolitan Transportation Authority,,DBT,US,2025-11
US59261AG351,US59261AG351,59261AG35,Metropolitan Transportation Authority,,DBT,US,2025-11
US59261AG500,US59261AG500,59261AG50,Metropolitan Transportation Authority,,DBT,US,2025-11
US59261AH268,US59261AH268,59261AH26,Metropolitan Transportation Authority,,DBT,US,2025-11
US59261AH342,US59261AH342,59261AH34,Metropolitan Transportation Authority,,DBT,US,2025-11
US59261AH912,US59261AH912,59261AH91,Metropolitan Transportation Authority,,DBT,US,2025-11
US59261AHL44,US59261AHL44,59261AHL4,Metropolitan Transportation Authority,,DBT,US,2025-11
US59261AJ652,US59261AJ652,59261AJ65,Metropolitan Transportation Authority,,DBT,US,2025-11
US59261AJ991,US59261AJ991,59261AJ99,Metropolitan Transportation Authority,,DBT,US,2025-11
US59261AJN81,US59261AJN81,59261AJN8,Metropolitan Transportation Authority,,DBT,US,2025-11
US59261AJP30,US59261AJP30,59261AJP3,Metropolitan Transportation Authority,,DBT,US,2025-11
US59261AJQ13,US59261AJQ13,59261AJQ1,Metropolitan Transportation Authority,,DBT,US,2025-11
US59261AK221,US59261AK221,59261AK22,Metropolitan Transportation Authority,,DBT,US,2025-11
US59261AK551,US59261AK551,59261AK55,Metropolitan Transportation Authority,,DBT,US,2025-11
US59261AL211,US59261AL211,59261AL21,Metropolitan Transportation Authority,,DBT,US,2025-11
US59261AMB07,US59261AMB07,59261AMB0,Metropolitan Transportation Authority,,DBT,US,2025-11
US59261AME46,US59261AME46,59261AME4,Metropolitan Transportation Authority,,DBT,US,2025-11
US59261ANH67,US59261ANH67,59261ANH6,Metropolitan Transportation Authority,,DBT,US,2025-11
US59261ANL79,US59261ANL79,59261ANL7,Metropolitan Transportation Authority,,DBT,US,2025-11
US59261APG66,US59261APG66,59261APG6,Metropolitan Transportation Authority,,DBT,US,2025-11
US59261APJ06,US59261APJ06,59261APJ0,Metropolitan Transportation Authority,,DBT,US,2025-11
US59261APL51,US59261APL51,59261APL5,Metropolitan Transportation Authority,,DBT,US,2025-11
US59261APW17,US59261APW17,59261APW1,Metropolitan Transportation Authority,,DBT,US,2025-11
US59261APX99,US59261APX99,59261APX9,Metropolitan Transportation Authority,,DBT,US,2025-11
US59261APY72,US59261APY72,59261APY7,Metropolitan Transportation Authority,,DBT,US,2025-11
US59261APZ48,US59261APZ48,59261APZ4,Metropolitan Transportation Authority,,DBT,US,2025-11
US59261AQA87,US59261AQA87,59261AQA8,Metropolitan Transportation Authority,,DBT,US,2025-11
US59261AQB60,US59261AQB60,59261AQB6,Metropolitan Transportation Authority,,DBT,US,2025-11
US59261AQC44,US59261AQC44,59261AQC4,Metropolitan Transportation Authority,,DBT,US,2026-02
US59261AQD27,US59261AQD27,59261AQD2,Metropolitan Transportation Authority,,DBT,US,2025-11
US59261AQG57,US59261AQG57,59261AQG5,Metropolitan Transportation Authority,,DBT,US,2025-11
US59261AQH31,US59261AQH31,59261AQH3,Metropolitan Transportation Authority,,DBT,US,2025-11
US59261AQL43,US59261AQL43,59261AQL4,Metropolitan Transportation Authority,,DBT,US,2025-11
US59261AQN09,US59261AQN09,59261AQN0,Metropolitan Transportation Authority,,DBT,US,2025-11
US59261ASZ11,US59261ASZ11,59261ASZ1,Metropolitan Transportation Authority,,DBT,US,2025-11
US59261ATB34,US59261ATB34,59261ATB3,Metropolitan Transportation Authority,,DBT,US,2025-11
US59261ATD99,US59261ATD99,59261ATD9,Metropolitan Transportation Authority,,DBT,US,2025-11
US59261ATJ69,US59261ATJ69,59261ATJ6,Metropolitan Transportation Authority,,DBT,US,2025-11
US59261ATK33,US59261ATK33,59261ATK3,Metropolitan Transportation Authority,,DBT,US,2025-11
US59261AWZ64,US59261AWZ64,59261AWZ6,Metropolitan Transportation Authority,,DBT,US,2025-11
US59261AYZ47,US59261AYZ47,59261AYZ4,Metropolitan Transportation Authority,,DBT,US,2025-11
US59261AZ260,US59261AZ260,59261AZ26,Metropolitan Transportation Authority,,DBT,US,2025-11
US59261AZ344,US59261AZ344,59261AZ34,Metropolitan Transportation Authority,,DBT,US,2025-11
US59261AZQ39,US59261AZQ39,59261AZQ3,Metropolitan Transportation Authority,,DBT,US,2025-11
US59261AZT77,US59261AZT77,59261AZT7,Metropolitan Transportation Authority,,DBT,US,2025-11
US59261AZV24,US59261AZV24,59261AZV2,Metropolitan Transportation Authority,,DBT,US,2025-11
US59261AZW07,US59261AZW07,59261AZW0,Metropolitan Transportation Authority,,DBT,US,2025-11
US59261AZX89,US59261AZX89,59261AZX8,Metropolitan Transportation Authority,,DBT,US,2025-11
US59259N2J11,US59259N2J11,59259N2J1,Metropolitan Transportation Authority Dedicated Tax Fund,,DBT,US,2025-11
US59259N3K74,US59259N3K74,59259N3K7,Metropolitan Transportation Authority Dedicated Tax Fund,,DBT,US,2025-11
US59259N3L57,US59259N3L57,59259N3L5,Metropolitan Transportation Authority Dedicated Tax Fund,,DBT,US,2025-11
US59259N4N05,US59259N4N05,59259N4N0,Metropolitan Transportation Authority Dedicated Tax Fund,,DBT,US,2025-11
US59259N4W04,US59259N4W04,59259N4W0,Metropolitan Transportation Authority Dedicated Tax Fund,,DBT,US,2025-11
US59259N6Q18,US59259N6Q18,59259N6Q1,Metropolitan Transportation Authority Dedicated Tax Fund,,DBT,US,2025-11
US59259N6S73,US59259N6S73,59259N6S7,Metropolitan Transportation Authority Dedicated Tax Fund,,DBT,US,2025-11
US59259N7E78,US59259N7E78,59259N7E7,Metropolitan Transportation Authority Dedicated Tax Fund,,DBT,US,2025-11
US59259N8D86,US59259N8D86,59259N8D8,Metropolitan Transportation Authority Dedicated Tax Fund,,DBT,US,2025-11
US59259N8M85,US59259N8M85,59259N8M8,Metropolitan Transportation Authority Dedicated Tax Fund,,DBT,US,2025-11
US59259NT294,US59259NT294,59259NT29,Metropolitan Transportation Authority Dedicated Tax Fund,,DBT,US,2025-11
US59260XAR98,US59260XAR98,59260XAR9,Metropolitan Transportation Authority Dedicated Tax Fund,,DBT,US,2025-11
US59260XAX66,US59260XAX66,59260XAX6,Metropolitan Transportation Authority Dedicated Tax Fund,,DBT,US,2025-11
US59260XCE67,US59260XCE67,59260XCE6,Metropolitan Transportation Authority Dedicated Tax Fund,,DBT,US,2025-11
US59260XCL01,US59260XCL01,59260XCL0,Metropolitan Transportation Authority Dedicated Tax Fund,,DBT,US,2025-11
US592643BB54,US592643BB54,592643BB5,Metropolitan Washington Airports Authority Dulles Toll Road,,DBT,US,2025-11
US592643BD11,US592643BD11,592643BD1,Metropolitan Washington Airports Authority Dulles Toll Road,,DBT,US,2025-11
US592643BP41,US592643BP41,592643BP4,Metropolitan Washington Airports Authority Dulles Toll Road,,DBT,US,2025-11
US592643CV00,US592643CV00,592643CV0,Metropolitan Washington Airports Authority Dulles Toll Road,,DBT,US,2025-11
US592643DD92,US592643DD92,592643DD9,Metropolitan Washington Airports Authority Dulles Toll Road,,DBT,US,2025-11
US592643DE75,US592643DE75,592643DE7,Metropolitan Washington Airports Authority Dulles Toll Road,,DBT,US,2025-11
US592643DF41,US592643DF41,592643DF4,Metropolitan Washington Airports Authority Dulles Toll Road,,DBT,US,2025-11
US592643DH07,US592643DH07,592643DH0,Metropolitan Washington Airports Authority Dulles Toll Road,,DBT,US,2025-11
US592643DJ62,US592643DJ62,592643DJ6,Metropolitan Washington Airports Authority Dulles Toll Road,,DBT,US,2025-11
US59266TGC99,US59266TGC99,59266TGC9,Metropolitan Water District of Southern California,,DBT,US,2025-11
US59266TQH76,US59266TQH76,59266TQH7,Metropolitan Water District of Southern California,,DBT,US,2025-11
US59266TQX27,US59266TQX27,59266TQX2,Metropolitan Water District of Southern California,,DBT,US,2025-11
US59266TRQ66,US59266TRQ66,59266TRQ6,Metropolitan Water District of Southern California,,DBT,US,2025-11
US59266TSP74,US59266TSP74,59266TSP7,Metropolitan Water District of Southern California,,DBT,US,2025-11
US59266TSQ57,US59266TSQ57,59266TSQ5,Metropolitan Water District of Southern California,,DBT,US,2025-11
US59266TTH40,US59266TTH40,59266TTH4,Metropolitan Water District of Southern California,,DBT,US,2025-11
US59266TTJ06,US59266TTJ06,59266TTJ0,Metropolitan Water District of Southern California,,DBT,US,2025-11
US59266TUM16,US59266TUM16,59266TUM1,Metropolitan Water District of Southern California,,DBT,US,2025-11
US59266TXR75,US59266TXR75,59266TXR7,Metropolitan Water District of Southern California,,DBT,US,2025-11
US167560MR95,US167560MR95,167560MR9,Metropolitan Water Reclamation District of Greater Chicago,,DBT,US,2025-11
US167560MW80,US167560MW80,167560MW8,Metropolitan Water Reclamation District of Greater Chicago,,DBT,US,2025-11
US167560SX00,US167560SX00,167560SX0,Metropolitan Water Reclamation District of Greater Chicago,,DBT,US,2025-11
US167560VG30,US167560VG30,167560VG3,Metropolitan Water Reclamation District of Greater Chicago,,DBT,US,2025-11
US167560XC08,US167560XC08,167560XC0,Metropolitan Water Reclamation District of Greater Chicago,,DBT,US,2025-11
US167560XD80,US167560XD80,167560XD8,Metropolitan Water Reclamation District of Greater Chicago,,DBT,US,2025-11
US167560XE63,US167560XE63,167560XE6,Metropolitan Water Reclamation District of Greater Chicago,,DBT,US,2025-11
US167560XF39,US167560XF39,167560XF3,Metropolitan Water Reclamation District of Greater Chicago,,DBT,US,2025-11
US167560XG12,US167560XG12,167560XG1,Metropolitan Water Reclamation District of Greater Chicago,,DBT,US,2025-11
US593237GG96,US593237GG96,593237GG9,Miami Beach Redevelopment Agency,,DBT,US,2025-11
US593237GH79,US593237GH79,593237GH7,Miami Beach Redevelopment Agency,,DBT,US,2025-11
US593791JV92,US593791JV92,593791JV9,Miami University,,DBT,US,2025-11
US59333ANN71,US59333ANN71,59333ANN7,Miami-Dade County Educational Facilities Authority,,DBT,US,2025-11
US59333ANQ03,US59333ANQ03,59333ANQ0,Miami-Dade County Educational Facilities Authority,,DBT,US,2025-11
US59333ANU15,US59333ANU15,59333ANU1,Miami-Dade County Educational Facilities Authority,,DBT,US,2025-11
US59333ANV97,US59333ANV97,59333ANV9,Miami-Dade County Educational Facilities Authority,,DBT,US,2025-11
US59333ANY37,US59333ANY37,59333ANY3,Miami-Dade County Educational Facilities Authority,,DBT,US,2025-11
US59333APM70,US59333APM70,59333APM7,Miami-Dade County Educational Facilities Authority,,DBT,US,2025-11
US593338AM84,US593338AM84,593338AM8,Miami-Dade County Expressway Authority,,DBT,US,2025-11
US59334KFV52,US59334KFV52,59334KFV5,Miami-Dade County Expressway Authority,,DBT,US,2025-11
US59334KJQ22,US59334KJQ22,59334KJQ2,Miami-Dade County Expressway Authority,,DBT,US,2025-11
US59447TNX71,US59447TNX71,59447TNX7,Michigan Finance Authority,,DBT,US,2025-11
US59447TNY54,US59447TNY54,59447TNY5,Michigan Finance Authority,,DBT,US,2025-11
US59447TSN45,US59447TSN45,59447TSN4,Michigan Finance Authority,,DBT,US,2025-11
US594615FL58,US594615FL58,594615FL5,Michigan State Building Authority,,DBT,US,2025-11
US594615FM32,US594615FM32,594615FM3,Michigan State Building Authority,,DBT,US,2025-11
US594615FN15,US594615FN15,594615FN1,Michigan State Building Authority,,DBT,US,2025-11
US594615FP62,US594615FP62,594615FP6,Michigan State Building Authority,,DBT,US,2025-11
US594615FY79,US594615FY79,594615FY7,Michigan State Building Authority,,DBT,US,2025-11
US594615GZ36,US594615GZ36,594615GZ3,Michigan State Building Authority,,DBT,US,2025-11
US594615HK57,US594615HK57,594615HK5,Michigan State Building Authority,,DBT,US,2025-11
US594615JY34,US594615JY34,594615JY3,Michigan State Building Authority,,DBT,US,2025-11
US594615JZ09,US594615JZ09,594615JZ0,Michigan State Building Authority,,DBT,US,2025-11
US594615KN59,US594615KN59,594615KN5,Michigan State Building Authority,,DBT,US,2025-11
US594615KZ89,US594615KZ89,594615KZ8,Michigan State Building Authority,,DBT,US,2025-11
US594615LR54,US594615LR54,594615LR5,Michigan State Building Authority,,DBT,US,2025-11
US594615MN32,US594615MN32,594615MN3,Michigan State Building Authority,,DBT,US,2025-11
US594615MS29,US594615MS29,594615MS2,Michigan State Building Authority,,DBT,US,2025-11
US594615NB84,US594615NB84,594615NB8,Michigan State Building Authority,,DBT,US,2025-11
US594615ND41,US594615ND41,594615ND4,Michigan State Building Authority,,DBT,US,2025-11
US594712VE83,US594712VE83,594712VE8,Michigan State University,,DBT,US,2025-11
US594712VF58,US594712VF58,594712VF5,Michigan State University,,DBT,US,2025-11
US594712WH06,US594712WH06,594712WH0,Michigan State University,,DBT,US,2025-11
US594712XR78,US594712XR78,594712XR7,Michigan State University,,DBT,US,2025-11
US594712ZG95,US594712ZG95,594712ZG9,Michigan State University,,DBT,US,2025-11
US594712ZH78,US594712ZH78,594712ZH7,Michigan State University,,DBT,US,2025-11
US597495AX81,US597495AX81,597495AX8,Midland County Fresh Water Supply District No. 1,,DBT,US,2025-11
US5977832V09,US5977832V09,5977832V0,Midland Independent School District,,DBT,US,2025-11
US5977833H06,US5977833H06,5977833H0,Midland Independent School District,,DBT,US,2025-11
US603827N361,US603827N361,603827N36,Minneapolis-St Paul Metropolitan Airports Commission,,DBT,US,2025-11
US603827N445,US603827N445,603827N44,Minneapolis-St Paul Metropolitan Airports Commission,,DBT,US,2025-11
US603827WZ54,US603827WZ54,603827WZ5,Minneapolis-St Paul Metropolitan Airports Commission,,DBT,US,2025-11
US603827YZ37,US603827YZ37,603827YZ3,Minneapolis-St Paul Metropolitan Airports Commission,,DBT,US,2025-11
US603827ZA76,US603827ZA76,603827ZA7,Minneapolis-St Paul Metropolitan Airports Commission,,DBT,US,2025-11
US604115CR40,US604115CR40,604115CR4,Minnesota Public Facilities Authority State Revolving Fund,,DBT,US,2025-11
US604115DF92,US604115DF92,604115DF9,Minnesota Public Facilities Authority State Revolving Fund,,DBT,US,2025-11
US604115DN27,US604115DN27,604115DN2,Minnesota Public Facilities Authority State Revolving Fund,,DBT,US,2025-11
US604115DU69,US604115DU69,604115DU6,Minnesota Public Facilities Authority State Revolving Fund,,DBT,US,2025-11
US604617CA67,US604617CA67,604617CA6,Miracosta Community College District,,DBT,US,2025-11
US60636WRK35,US60636WRK35,60636WRK3,Missouri Highway & Transportation Commission,,DBT,US,2025-11
US60636WTA35,US60636WTA35,60636WTA3,Missouri Highway & Transportation Commission,,DBT,US,2025-11
US60636WTB18,US60636WTB18,60636WTB1,Missouri Highway & Transportation Commission,,DBT,US,2025-11
US60636WTC90,US60636WTC90,60636WTC9,Missouri Highway & Transportation Commission,,DBT,US,2025-11
US60636WTJ44,US60636WTJ44,60636WTJ4,Missouri Highway & Transportation Commission,,DBT,US,2025-11
US60636WTK17,US60636WTK17,60636WTK1,Missouri Highway & Transportation Commission,,DBT,US,2025-11
US60636WTP04,US60636WTP04,60636WTP0,Missouri Highway & Transportation Commission,,DBT,US,2025-11
US606092PZ13,US606092PZ13,606092PZ1,Missouri Joint Municipal Electric Utility Commission,,DBT,US,2025-11
US606092QB36,US606092QB36,606092QB3,Missouri Joint Municipal Electric Utility Commission,,DBT,US,2025-11
US606092QC19,US606092QC19,606092QC1,Missouri Joint Municipal Electric Utility Commission,,DBT,US,2025-11
US606092QG23,US606092QG23,606092QG2,Missouri Joint Municipal Electric Utility Commission,,DBT,US,2025-11
US606092QH06,US606092QH06,606092QH0,Missouri Joint Municipal Electric Utility Commission,,DBT,US,2026-02
US606092QJ61,US606092QJ61,606092QJ6,Missouri Joint Municipal Electric Utility Commission,,DBT,US,2025-11
US606092RQ95,US606092RQ95,606092RQ9,Missouri Joint Municipal Electric Utility Commission,,DBT,US,2025-11
US606341ME28,US606341ME28,606341ME2,Missouri State Board of Public Buildings,,DBT,US,2025-11
US61075TUV87,US61075TUV87,61075TUV8,Monroe County Industrial Development Corp.,,DBT,US,2025-11
US61075TWS31,US61075TWS31,61075TWS3,Monroe County Industrial Development Corp.,,DBT,US,2025-11
US61075TWT14,US61075TWT14,61075TWT1,Monroe County Industrial Development Corp.,,DBT,US,2025-11
US617403EZ90,US617403EZ90,617403EZ9,Morgan Hill Unified School District,,DBT,US,2025-11
US621196N831,US621196N831,621196N83,Mount Diablo Unified School District,,DBT,US,2025-11
US623040FV90,US623040FV90,623040FV9,Mount San Antonio Community College District,,DBT,US,2025-11
US623040QL99,US623040QL99,623040QL9,Mt. San Antonio Community College District,,DBT,US,2025-11
US625517KV84,US625517KV84,625517KV8,Multnomah County School District No. 1 Portland,,DBT,US,2025-11
US625517KX41,US625517KX41,625517KX4,Multnomah County School District No. 1 Portland,,DBT,US,2025-11
US625517PR28,US625517PR28,625517PR2,Multnomah County School District No. 1J Portland,,DBT,US,2026-02
US625517PW13,US625517PW13,625517PW1,Multnomah County School District No. 1J Portland,,DBT,US,2026-02
US625517QC40,US625517QC40,625517QC4,Multnomah County School District No. 1J Portland,,DBT,US,2026-02
US625517QL49,US625517QL49,625517QL4,Multnomah County School District No. 1J Portland,,DBT,US,2026-02
US625517QN05,US625517QN05,625517QN0,Multnomah County School District No. 1J Portland,,DBT,US,2026-02
US625693JN75,US625693JN75,625693JN7,Multnomah County School District No. 40,,DBT,US,2025-11
US37329DAJ63,US37329DAJ63,37329DAJ6,Municipal Electric Authority of Georgia,,DBT,US,2025-11
US6262074H42,US6262074H42,6262074H4,Municipal Electric Authority of Georgia,,DBT,US,2025-11
US6262074J08,US6262074J08,6262074J0,Municipal Electric Authority of Georgia,,DBT,US,2025-11
US6262078J61,US6262078J61,6262078J6,Municipal Electric Authority of Georgia,,DBT,US,2025-11
US626207Q495,US626207Q495,626207Q49,Municipal Electric Authority of Georgia,,DBT,US,2025-11
US626207Z314,US626207Z314,626207Z31,Municipal Electric Authority of Georgia,,DBT,US,2025-11
US626207Z496,US626207Z496,626207Z49,Municipal Electric Authority of Georgia,,DBT,US,2025-11
US626207Z561,US626207Z561,626207Z56,Municipal Electric Authority of Georgia,,DBT,US,2025-11
US626207Z728,US626207Z728,626207Z72,Municipal Electric Authority of Georgia,,DBT,US,2025-11
US62620HBG65,US62620HBG65,62620HBG6,Municipal Electric Authority of Georgia,,DBT,US,2025-11
US62620HGP10,US62620HGP10,62620HGP1,Municipal Electric Authority of Georgia,,DBT,US,2026-02
US62620HJP82,US62620HJP82,62620HJP8,Municipal Electric Authority of Georgia,,DBT,US,2025-11
US62620HJY99,US62620HJY99,62620HJY9,Municipal Electric Authority of Georgia,,DBT,US,2025-11
US62620HJZ64,US62620HJZ64,62620HJZ6,Municipal Electric Authority of Georgia,,DBT,US,2025-11
US544587G854,US544587G854,544587G85,Municipal Improvement Corp. of Los Angeles,,DBT,US,2025-11
US544587H431,US544587H431,544587H43,Municipal Improvement Corp. of Los Angeles,,DBT,US,2025-11
US544587H688,US544587H688,544587H68,Municipal Improvement Corp. of Los Angeles,,DBT,US,2025-11
US544587X602,US544587X602,544587X60,Municipal Improvement Corp. of Los Angeles,,DBT,US,2025-11
US662903H717,US662903H717,662903H71,N TEXAS ST MUNI WTR DIST WTR S,,DBT,US,2026-01
US66285WYA88,US66285WYA88,66285WYA8,N TX TOLLWAY AUTH REVENUE,,DBT,US,2026-01
US63155AAA60,US63155AAA60,63155AAA6,NASSAU COMPANIES OF NY,,DBT,US,2026-01
US63607WAF14,US63607WAF14,63607WAF1,NATIONAL FIN AUTH NH MUNI CTFS,,DBT,US,2026-02
US63608TAA88,US63608TAA88,63608TAA8,NATIONAL FIN AUTH NH SPL REVEN,,DBT,US,2026-02
US63608TAJ97,US63608TAJ97,63608TAJ9,NATIONAL FIN AUTH NH SPL REVEN,,DBT,US,2026-01
US63608TAL44,US63608TAL44,63608TAL4,NATIONAL FIN AUTH NH SPL REVEN,,DBT,US,2026-01
US63608TAR14,US63608TAR14,63608TAR1,NATIONAL FIN AUTH NH SPL REVEN,,DBT,US,2026-02
US63608TAY64,US63608TAY64,63608TAY6,NATIONAL FIN AUTH NH SPL REVEN,,DBT,US,2026-02
US63861CAE93,US63861CAE93,63861CAE9,NATIONSTAR MTG HLD INC,,DBT,US,2026-03
US63861CAF68,US63861CAF68,63861CAF6,NATIONSTAR MTG HLD INC,,DBT,US,2026-03
US365417AA28,US365417AA28,365417AA2,NEOGEN FOOD SAFE CORP,,DBT,US,2026-01
US64438WAA53,US64438WAA53,64438WAA5,NEW FLYER HOLDINGS,,DBT,US,2026-01
US644393AB64,US644393AB64,644393AB6,NEW FORTRESS ENERGY INC,,DBT,US,2026-02
US645370AG22,US645370AG22,645370AG2,NEW HOME CO INC/THE,,DBT,US,2026-01
US64542UFR05,US64542UFR05,000000000,NEW HOPE CULTURAL ED FACS FIN,,DBT,US,2026-01
US64542UHB35,US64542UHB35,64542UHB3,NEW HOPE CULTURAL ED FACS FIN,,DBT,US,2026-01
US64542UHZ03,US64542UHZ03,64542UHZ0,NEW HOPE CULTURAL ED FACS FIN,,DBT,US,2026-01
US645424BR24,US645424BR24,645424BR2,NEW HOPE CULTURAL EDU FACS FIN,,DBT,US,2026-01
US64577BL286,US64577BL286,64577BL28,NEW JERSEY ST ECON DEV AUTH RE,,DBT,US,2026-01
US64577XEB82,US64577XEB82,64577XEB8,NEW JERSEY ST ECON DEV AUTH RE,,DBT,US,2026-01
US64577XED49,US64577XED49,64577XED4,NEW JERSEY ST ECON DEV AUTH RE,,DBT,US,2026-01
US64577XEG79,US64577XEG79,64577XEG7,NEW JERSEY ST ECON DEV AUTH RE,,DBT,US,2026-01
US64577XEH52,US64577XEH52,64577XEH5,NEW JERSEY ST ECON DEV AUTH RE,,DBT,US,2026-01
US645918Z719,US645918Z719,645918Z71,NEW JERSEY ST ECON DEV AUTH RE,,DBT,US,2026-02
US646067FW31,US646067FW31,646067FW3,NEW JERSEY ST EDUCTNL FACS AUT,,DBT,US,2026-01
US6461362S97,US6461362S97,6461362S9,NEW JERSEY ST TRANSPRTN TRUST,,DBT,US,2026-02
US6461363Q23,US6461363Q23,6461363Q2,NEW JERSEY ST TRANSPRTN TRUST,,DBT,US,2026-01
US6461364F58,US6461364F58,6461364F5,NEW JERSEY ST TRANSPRTN TRUST,,DBT,US,2026-01
US646136WT40,US646136WT40,646136WT4,NEW JERSEY ST TRANSPRTN TRUST,,DBT,US,2026-02
US646136WU13,US646136WU13,646136WU1,NEW JERSEY ST TRANSPRTN TRUST,,DBT,US,2026-02
US64613CAT53,US64613CAT53,64613CAT5,NEW JERSEY ST TRANSPRTN TRUST,,DBT,US,2026-01
US64613CCK27,US64613CCK27,64613CCK2,NEW JERSEY ST TRANSPRTN TRUST,,DBT,US,2026-01
US64613CDQ87,US64613CDQ87,64613CDQ8,NEW JERSEY ST TRANSPRTN TRUST,,DBT,US,2026-01
US64613CDZ86,US64613CDZ86,64613CDZ8,NEW JERSEY ST TRANSPRTN TRUST,,DBT,US,2026-01
US64613CEW47,US64613CEW47,64613CEW4,NEW JERSEY ST TRANSPRTN TRUST,,DBT,US,2026-01
US64613CHP68,US64613CHP68,64613CHP6,NEW JERSEY ST TRANSPRTN TRUST,,DBT,US,2026-01
US646140DD29,US646140DD29,646140DD2,NEW JERSEY ST TURNPIKE AUTH TU,,DBT,US,2026-01
US646140EU35,US646140EU35,646140EU3,NEW JERSEY ST TURNPIKE AUTH TU,,DBT,US,2026-01
US647370HX61,US647370HX61,647370HX6,NEW MEXICO ST HOSP EQUIPMENT L,,DBT,US,2026-01
US64972KEL52,US64972KEL52,64972KEL5,NEW YORK CITY NY HSG DEV CORP,,DBT,US,2026-01
US64972GC287,US64972GC287,64972GC28,NEW YORK CITY NY MUNI WTR FIN,,DBT,US,2026-01
US64972GCM42,US64972GCM42,64972GCM4,NEW YORK CITY NY MUNI WTR FIN,,DBT,US,2026-01
US64972GL288,US64972GL288,64972GL28,NEW YORK CITY NY MUNI WTR FIN,,DBT,US,2026-02
US64971X4D74,US64971X4D74,64971X4D7,NEW YORK CITY NY TRANSITIONAL,,DBT,US,2026-02
US64971X7H51,US64971X7H51,64971X7H5,NEW YORK CITY NY TRANSITIONAL,,DBT,US,2026-01
US64971XHT81,US64971XHT81,64971XHT8,NEW YORK CITY NY TRANSITIONAL,,DBT,US,2026-01
US64972HY487,US64972HY487,64972HY48,NEW YORK CITY NY TRANSITIONAL,,DBT,US,2026-01
US64972JAV08,US64972JAV08,64972JAV0,NEW YORK CITY NY TRANSITIONAL,,DBT,US,2026-02
US64972JNJ33,US64972JNJ33,64972JNJ3,NEW YORK CITY NY TRANSITIONAL,,DBT,US,2026-02
US64972JSE90,US64972JSE90,64972JSE9,NEW YORK CITY NY TRANSITIONAL,,DBT,US,2026-01
US64972JSW98,US64972JSW98,64972JSW9,NEW YORK CITY NY TRANSITIONAL,,DBT,US,2026-01
US64972JWB06,US64972JWB06,64972JWB0,NEW YORK CITY NY TRANSITIONAL,,DBT,US,2026-01
US64966QL578,US64966QL578,64966QL57,NEW YORK NY,,DBT,US,2026-01
US64990GXY33,US64990GXY33,64990GXY3,NEW YORK ST DORM AUTH REVENUES,,DBT,US,2026-01
US65000BNV61,US65000BNV61,65000BNV6,NEW YORK ST DORM AUTH REVENUES,,DBT,US,2026-01
US64990FLC67,US64990FLC67,64990FLC6,NEW YORK ST DORM AUTH ST PERSO,,DBT,US,2026-02
US64987J6X40,US64987J6X40,64987J6X4,NEW YORK ST HSG FIN AGY AFFORD,,DBT,US,2026-01
US64986UA720,US64986UA720,64986UA72,NEW YORK ST HSG FIN AGY REVENU,,DBT,US,2026-01
US649519DA03,US649519DA03,649519DA0,NEW YORK ST LIBERTY DEV CORP L,,DBT,US,2026-01
US650009T860,US650009T860,650009T86,NEW YORK ST THRUWAY AUTH,,DBT,US,2026-01
US650028ZD89,US650028ZD89,650028ZD8,NEW YORK ST THRUWAY AUTH PERSO,,DBT,US,2026-01
US650116EV44,US650116EV44,650116EV4,NEW YORK ST TRANSPRTN DEV CORP,,DBT,US,2026-01
US650929AC63,US650929AC63,650929AC6,NEWFOLD DIGITAL HLDGS GR,,DBT,US,2026-03
US650929AD47,US650929AD47,650929AD4,NEWFOLD DIGITAL HLDGS GR,,DBT,US,2026-01
US65343HAA95,US65343HAA95,65343HAA9,NEXSTAR MEDIA INC,,DBT,US,2026-01
US65346UAA79,US65346UAA79,65346UAA7,NEXSTAR MEDIA INC,,DBT,US,2026-03
US65346UAB52,US65346UAB52,65346UAB5,NEXSTAR MEDIA INC,,DBT,US,2026-03
US62909BAA52,US62909BAA52,62909BAA5,NFE FINANCING LLC,,DBT,US,2026-02
US62922LAC28,US62922LAC28,62922LAC2,NGL ENRGY OP/FIN CORP,,DBT,US,2026-01
US62922LAD01,US62922LAD01,62922LAD0,NGL ENRGY OP/FIN CORP,,DBT,US,2026-01
US65480CAC91,US65480CAC91,65480CAC9,NISSAN MOTOR ACCEPTANCE,,DBT,US,2026-01
US65480CAD74,US65480CAD74,65480CAD7,NISSAN MOTOR ACCEPTANCE,,DBT,US,2026-01
US65480CAF23,US65480CAF23,65480CAF2,NISSAN MOTOR ACCEPTANCE,,DBT,US,2026-01
US65480CAG06,US65480CAG06,65480CAG0,NISSAN MOTOR ACCEPTANCE,,DBT,US,2026-01
US65480CAK18,US65480CAK18,65480CAK1,NISSAN MOTOR ACCEPTANCE,,DBT,US,2026-01
US65480CAL90,US65480CAL90,65480CAL9,NISSAN MOTOR ACCEPTANCE,,DBT,US,2026-01
US65505PAA57,US65505PAA57,65505PAA5,NOBLE FINANCE II LLC,,DBT,US,2026-01
US655158HL09,US655158HL09,655158HL0,NOBLESVILLE IN HIGH SCH BLDG C,,DBT,US,2026-02
US655158HM81,US655158HM81,655158HM8,NOBLESVILLE IN HIGH SCH BLDG C,,DBT,US,2026-02
US6582565A61,US6582565A61,6582565A6,NORTH CAROLINA ST,,DBT,US,2026-02
US65820YSZ06,US65820YSZ06,65820YSZ0,NORTH CAROLINA ST MED CARE COM,,DBT,US,2026-02
US65820YTA46,US65820YTA46,65820YTA4,NORTH CAROLINA ST MED CARE COM,,DBT,US,2026-02
US65820YTN66,US65820YTN66,65820YTN6,NORTH CAROLINA ST MED CARE COM,,DBT,US,2026-01
US65820YTR70,US65820YTR70,65820YTR7,NORTH CAROLINA ST MED CARE COM,,DBT,US,2026-02
US65820YTS53,US65820YTS53,65820YTS5,NORTH CAROLINA ST MED CARE COM,,DBT,US,2026-02
US658203X418,US658203X418,658203X41,NORTH CAROLINA ST MUNI PWR AGY,,DBT,US,2026-01
US659155MB82,US659155MB82,659155MB8,NORTH EAST TX INDEP SCH DIST,,DBT,US,2026-02
US65960NAC48,US65960NAC48,65960NAC4,NORTH HAVEN PRIVATE INC,,DBT,US,2026-03
US66353RDJ05,US66353RDJ05,66353RDJ0,NORTHAMPTON CNTY PA GEN PURPOS,,DBT,US,2026-01
US66702RR794,US66702RR794,66702RR79,NORTHSIDE TX INDEP SCH DIST,,DBT,US,2026-01
US66775VAB18,US66775VAB18,66775VAB1,NORTHWEST PIPELINE LLC,,DBT,US,2026-03
US631663QT17,US631663QT17,631663QT1,Nassau County Interim Finance Authority,,DBT,US,2025-11
US631663QU89,US631663QU89,631663QU8,Nassau County Interim Finance Authority,,DBT,US,2025-11
US631663QV62,US631663QV62,631663QV6,Nassau County Interim Finance Authority,,DBT,US,2025-11
US631663QZ76,US631663QZ76,631663QZ7,Nassau County Interim Finance Authority,,DBT,US,2025-11
US631663RA17,US631663RA17,631663RA1,Nassau County Interim Finance Authority,,DBT,US,2025-11
US631663RB99,US631663RB99,631663RB9,Nassau County Interim Finance Authority,,DBT,US,2025-11
US631663RC72,US631663RC72,631663RC7,Nassau County Interim Finance Authority,,DBT,US,2025-11
US63968A6Z30,US63968A6Z30,63968A6Z3,Nebraska Public Power District,,DBT,US,2025-11
US63968A7W99,US63968A7W99,63968A7W9,Nebraska Public Power District,,DBT,US,2025-11
US64461XMH51,US64461XMH51,64461XMH5,New Hampshire Health & Education Facilities Authority,,DBT,US,2025-11
US64461XMJ18,US64461XMJ18,64461XMJ1,New Hampshire Health & Education Facilities Authority,,DBT,US,2025-11
US645002G753,US645002G753,645002G75,New Haven Unified School District,,DBT,US,2025-11
US645438CZ35,US645438CZ35,645438CZ3,New Hope Higher Education Finance Corp.,,DBT,US,2026-02
US645438DA74,US645438DA74,645438DA7,New Hope Higher Education Finance Corp.,,DBT,US,2026-02
US64577B5G55,US64577B5G55,64577B5G5,New Jersey Economic Development Authority,,DBT,US,2025-11
US64577B5H39,US64577B5H39,64577B5H3,New Jersey Economic Development Authority,,DBT,US,2025-11
US64577B7Q10,US64577B7Q10,64577B7Q1,New Jersey Economic Development Authority,,DBT,US,2025-11
US64577B7T58,US64577B7T58,64577B7T5,New Jersey Economic Development Authority,,DBT,US,2025-11
US64577B7U22,US64577B7U22,64577B7U2,New Jersey Economic Development Authority,,DBT,US,2025-11
US64577B7V05,US64577B7V05,64577B7V0,New Jersey Economic Development Authority,,DBT,US,2025-11
US64577B7W87,US64577B7W87,64577B7W8,New Jersey Economic Development Authority,,DBT,US,2025-11
US64577BC939,US64577BC939,64577BC93,New Jersey Economic Development Authority,,DBT,US,2025-11
US64577BE265,US64577BE265,64577BE26,New Jersey Economic Development Authority,,DBT,US,2025-11
US64577BTK07,US64577BTK07,64577BTK0,New Jersey Economic Development Authority,,DBT,US,2025-11
US64577BTL89,US64577BTL89,64577BTL8,New Jersey Economic Development Authority,,DBT,US,2025-11
US64577BTQ76,US64577BTQ76,64577BTQ7,New Jersey Economic Development Authority,,DBT,US,2025-11
US64577XAX49,US64577XAX49,64577XAX4,New Jersey Economic Development Authority,,DBT,US,2025-11
US64577XBA37,US64577XBA37,64577XBA3,New Jersey Economic Development Authority,,DBT,US,2025-11
US64577XBD75,US64577XBD75,64577XBD7,New Jersey Economic Development Authority,,DBT,US,2025-11
US64577XBE58,US64577XBE58,64577XBE5,New Jersey Economic Development Authority,,DBT,US,2025-11
US64577XBF24,US64577XBF24,64577XBF2,New Jersey Economic Development Authority,,DBT,US,2025-11
US64577XCT19,US64577XCT19,64577XCT1,New Jersey Economic Development Authority,,DBT,US,2025-11
US64577XCU81,US64577XCU81,64577XCU8,New Jersey Economic Development Authority,,DBT,US,2025-11
US64577XDW39,US64577XDW39,64577XDW3,New Jersey Economic Development Authority,,DBT,US,2025-11
US64577XEC65,US64577XEC65,64577XEC6,New Jersey Economic Development Authority,,DBT,US,2025-11
US64577XEN21,US64577XEN21,64577XEN2,New Jersey Economic Development Authority,,DBT,US,2025-11
US64577XEQ51,US64577XEQ51,64577XEQ5,New Jersey Economic Development Authority,,DBT,US,2025-11
US64577XEX03,US64577XEX03,64577XEX0,New Jersey Economic Development Authority,,DBT,US,2025-11
US64578EKA46,US64578EKA46,64578EKA4,New Jersey Economic Development Authority,,DBT,US,2025-11
US64578ELA37,US64578ELA37,64578ELA3,New Jersey Economic Development Authority,,DBT,US,2025-11
US64578EMG97,US64578EMG97,64578EMG9,New Jersey Economic Development Authority,,DBT,US,2025-11
US6459165G86,US6459165G86,6459165G8,New Jersey Economic Development Authority,,DBT,US,2025-11
US6460665E65,US6460665E65,6460665E6,New Jersey Educational Facilities Authority,,DBT,US,2025-11
US646066N712,US646066N712,646066N71,New Jersey Educational Facilities Authority,,DBT,US,2025-11
US646066P386,US646066P386,646066P38,New Jersey Educational Facilities Authority,,DBT,US,2025-11
US646067BZ08,US646067BZ08,646067BZ0,New Jersey Educational Facilities Authority,,DBT,US,2025-11
US646067EJ39,US646067EJ39,646067EJ3,New Jersey Educational Facilities Authority,,DBT,US,2025-11
US646067EK02,US646067EK02,646067EK0,New Jersey Educational Facilities Authority,,DBT,US,2025-11
US646067GY87,US646067GY87,646067GY8,New Jersey Educational Facilities Authority,,DBT,US,2025-11
US646067HL57,US646067HL57,646067HL5,New Jersey Educational Facilities Authority,,DBT,US,2025-11
US646067HQ45,US646067HQ45,646067HQ4,New Jersey Educational Facilities Authority,,DBT,US,2025-11
US646067HR28,US646067HR28,646067HR2,New Jersey Educational Facilities Authority,,DBT,US,2025-11
US646067KD94,US646067KD94,646067KD9,New Jersey Educational Facilities Authority,,DBT,US,2025-11
US646067KE77,US646067KE77,646067KE7,New Jersey Educational Facilities Authority,,DBT,US,2025-11
US6461362B62,US6461362B62,6461362B6,New Jersey Transportation Trust Fund Authority,,DBT,US,2025-11
US6461362C46,US6461362C46,6461362C4,New Jersey Transportation Trust Fund Authority,,DBT,US,2025-11
US6461362D29,US6461362D29,6461362D2,New Jersey Transportation Trust Fund Authority,,DBT,US,2025-11
US6461362E02,US6461362E02,6461362E0,New Jersey Transportation Trust Fund Authority,,DBT,US,2025-11
US6461363J89,US6461363J89,6461363J8,New Jersey Transportation Trust Fund Authority,,DBT,US,2025-11
US6461363L36,US6461363L36,6461363L3,New Jersey Transportation Trust Fund Authority,,DBT,US,2025-11
US6461363N91,US6461363N91,6461363N9,New Jersey Transportation Trust Fund Authority,,DBT,US,2025-11
US6461363Y56,US6461363Y56,6461363Y5,New Jersey Transportation Trust Fund Authority,,DBT,US,2025-11
US6461363Z22,US6461363Z22,6461363Z2,New Jersey Transportation Trust Fund Authority,,DBT,US,2025-11
US6461364B45,US6461364B45,6461364B4,New Jersey Transportation Trust Fund Authority,,DBT,US,2025-11
US6461364C28,US6461364C28,6461364C2,New Jersey Transportation Trust Fund Authority,,DBT,US,2025-11
US6461364D01,US6461364D01,6461364D0,New Jersey Transportation Trust Fund Authority,,DBT,US,2025-11
US6461364E83,US6461364E83,6461364E8,New Jersey Transportation Trust Fund Authority,,DBT,US,2025-11
US6461364J70,US6461364J70,6461364J7,New Jersey Transportation Trust Fund Authority,,DBT,US,2025-11
US6461364K44,US6461364K44,6461364K4,New Jersey Transportation Trust Fund Authority,,DBT,US,2025-11
US6461365E74,US6461365E74,6461365E7,New Jersey Transportation Trust Fund Authority,,DBT,US,2025-11
US6461365G23,US6461365G23,6461365G2,New Jersey Transportation Trust Fund Authority,,DBT,US,2025-11
US6461365H06,US6461365H06,6461365H0,New Jersey Transportation Trust Fund Authority,,DBT,US,2025-11
US6461365J61,US6461365J61,6461365J6,New Jersey Transportation Trust Fund Authority,,DBT,US,2025-11
US6461365K35,US6461365K35,6461365K3,New Jersey Transportation Trust Fund Authority,,DBT,US,2025-11
US6461365M90,US6461365M90,6461365M9,New Jersey Transportation Trust Fund Authority,,DBT,US,2025-11
US6461365Q05,US6461365Q05,6461365Q0,New Jersey Transportation Trust Fund Authority,,DBT,US,2025-11
US6461365R87,US6461365R87,6461365R8,New Jersey Transportation Trust Fund Authority,,DBT,US,2025-11
US6461365S60,US6461365S60,6461365S6,New Jersey Transportation Trust Fund Authority,,DBT,US,2025-11
US6461365T44,US6461365T44,6461365T4,New Jersey Transportation Trust Fund Authority,,DBT,US,2025-11
US6461365V99,US6461365V99,6461365V9,New Jersey Transportation Trust Fund Authority,,DBT,US,2025-11
US6461366B27,US6461366B27,6461366B2,New Jersey Transportation Trust Fund Authority,,DBT,US,2025-11
US6461366C00,US6461366C00,6461366C0,New Jersey Transportation Trust Fund Authority,,DBT,US,2025-11
US6461366D82,US6461366D82,6461366D8,New Jersey Transportation Trust Fund Authority,,DBT,US,2025-11
US6461366E65,US6461366E65,6461366E6,New Jersey Transportation Trust Fund Authority,,DBT,US,2025-11
US6461366J52,US6461366J52,6461366J5,New Jersey Transportation Trust Fund Authority,,DBT,US,2025-11
US6461366L09,US6461366L09,6461366L0,New Jersey Transportation Trust Fund Authority,,DBT,US,2025-11
US6461366M81,US6461366M81,6461366M8,New Jersey Transportation Trust Fund Authority,,DBT,US,2025-11
US6461366X47,US6461366X47,6461366X4,New Jersey Transportation Trust Fund Authority,,DBT,US,2025-11
US6461366Y20,US6461366Y20,6461366Y2,New Jersey Transportation Trust Fund Authority,,DBT,US,2025-11
US6461366Z94,US6461366Z94,6461366Z9,New Jersey Transportation Trust Fund Authority,,DBT,US,2025-11
US6461367C90,US6461367C90,6461367C9,New Jersey Transportation Trust Fund Authority,,DBT,US,2025-11
US6461367D73,US6461367D73,6461367D7,New Jersey Transportation Trust Fund Authority,,DBT,US,2025-11
US6461367E56,US6461367E56,6461367E5,New Jersey Transportation Trust Fund Authority,,DBT,US,2025-11
US6461367H87,US6461367H87,6461367H8,New Jersey Transportation Trust Fund Authority,,DBT,US,2025-11
US6461367J44,US6461367J44,6461367J4,New Jersey Transportation Trust Fund Authority,,DBT,US,2025-11
US6461367K17,US6461367K17,6461367K1,New Jersey Transportation Trust Fund Authority,,DBT,US,2025-11
US6461367L99,US6461367L99,6461367L9,New Jersey Transportation Trust Fund Authority,,DBT,US,2025-11
US6461367N55,US6461367N55,6461367N5,New Jersey Transportation Trust Fund Authority,,DBT,US,2025-11
US6461367W54,US6461367W54,6461367W5,New Jersey Transportation Trust Fund Authority,,DBT,US,2025-11
US6461367X38,US6461367X38,6461367X3,New Jersey Transportation Trust Fund Authority,,DBT,US,2025-11
US6461367Y11,US6461367Y11,6461367Y1,New Jersey Transportation Trust Fund Authority,,DBT,US,2025-11
US6461367Z85,US6461367Z85,6461367Z8,New Jersey Transportation Trust Fund Authority,,DBT,US,2025-11
US6461368A26,US6461368A26,6461368A2,New Jersey Transportation Trust Fund Authority,,DBT,US,2025-11
US6461368F13,US6461368F13,6461368F1,New Jersey Transportation Trust Fund Authority,,DBT,US,2025-11
US646136EQ03,US646136EQ03,646136EQ0,New Jersey Transportation Trust Fund Authority,,DBT,US,2025-11
US646136ER85,US646136ER85,646136ER8,New Jersey Transportation Trust Fund Authority,,DBT,US,2025-11
US646136ET42,US646136ET42,646136ET4,New Jersey Transportation Trust Fund Authority,,DBT,US,2025-11
US646136EU15,US646136EU15,646136EU1,New Jersey Transportation Trust Fund Authority,,DBT,US,2025-11
US646136EV97,US646136EV97,646136EV9,New Jersey Transportation Trust Fund Authority,,DBT,US,2025-11
US646136EW70,US646136EW70,646136EW7,New Jersey Transportation Trust Fund Authority,,DBT,US,2025-11
US646136EY37,US646136EY37,646136EY3,New Jersey Transportation Trust Fund Authority,,DBT,US,2025-11
US646136WG29,US646136WG29,646136WG2,New Jersey Transportation Trust Fund Authority,,DBT,US,2025-11
US646136WH02,US646136WH02,646136WH0,New Jersey Transportation Trust Fund Authority,,DBT,US,2025-11
US646136WJ67,US646136WJ67,646136WJ6,New Jersey Transportation Trust Fund Authority,,DBT,US,2025-11
US646136WK31,US646136WK31,646136WK3,New Jersey Transportation Trust Fund Authority,,DBT,US,2025-11
US646136WP28,US646136WP28,646136WP2,New Jersey Transportation Trust Fund Authority,,DBT,US,2025-11
US646136WR83,US646136WR83,646136WR8,New Jersey Transportation Trust Fund Authority,,DBT,US,2025-11
US646136XF37,US646136XF37,646136XF3,New Jersey Transportation Trust Fund Authority,,DBT,US,2025-11
US646136XG10,US646136XG10,646136XG1,New Jersey Transportation Trust Fund Authority,,DBT,US,2025-11
US646136XH92,US646136XH92,646136XH9,New Jersey Transportation Trust Fund Authority,,DBT,US,2025-11
US646136XJ58,US646136XJ58,646136XJ5,New Jersey Transportation Trust Fund Authority,,DBT,US,2025-11
US646136XL05,US646136XL05,646136XL0,New Jersey Transportation Trust Fund Authority,,DBT,US,2025-11
US646136XM87,US646136XM87,646136XM8,New Jersey Transportation Trust Fund Authority,,DBT,US,2025-11
US646136XN60,US646136XN60,646136XN6,New Jersey Transportation Trust Fund Authority,,DBT,US,2025-11
US646136XP19,US646136XP19,646136XP1,New Jersey Transportation Trust Fund Authority,,DBT,US,2025-11
US646136XQ91,US646136XQ91,646136XQ9,New Jersey Transportation Trust Fund Authority,,DBT,US,2025-11
US64613CAD02,US64613CAD02,64613CAD0,New Jersey Transportation Trust Fund Authority,,DBT,US,2025-11
US64613CAJ71,US64613CAJ71,64613CAJ7,New Jersey Transportation Trust Fund Authority,,DBT,US,2025-11
US64613CAN83,US64613CAN83,64613CAN8,New Jersey Transportation Trust Fund Authority,,DBT,US,2025-11
US64613CAQ15,US64613CAQ15,64613CAQ1,New Jersey Transportation Trust Fund Authority,,DBT,US,2025-11
US64613CAR97,US64613CAR97,64613CAR9,New Jersey Transportation Trust Fund Authority,,DBT,US,2025-11
US64613CAS70,US64613CAS70,64613CAS7,New Jersey Transportation Trust Fund Authority,,DBT,US,2025-11
US64613CAV00,US64613CAV00,64613CAV0,New Jersey Transportation Trust Fund Authority,,DBT,US,2025-11
US64613CBA53,US64613CBA53,64613CBA5,New Jersey Transportation Trust Fund Authority,,DBT,US,2025-11
US64613CBK36,US64613CBK36,64613CBK3,New Jersey Transportation Trust Fund Authority,,DBT,US,2025-11
US64613CBW73,US64613CBW73,64613CBW7,New Jersey Transportation Trust Fund Authority,,DBT,US,2025-11
US64613CBX56,US64613CBX56,64613CBX5,New Jersey Transportation Trust Fund Authority,,DBT,US,2025-11
US64613CCF32,US64613CCF32,64613CCF3,New Jersey Transportation Trust Fund Authority,,DBT,US,2025-11
US64613CCH97,US64613CCH97,64613CCH9,New Jersey Transportation Trust Fund Authority,,DBT,US,2025-11
US64613CCL00,US64613CCL00,64613CCL0,New Jersey Transportation Trust Fund Authority,,DBT,US,2025-11
US64613CCR79,US64613CCR79,64613CCR7,New Jersey Transportation Trust Fund Authority,,DBT,US,2025-11
US64613CCS52,US64613CCS52,64613CCS5,New Jersey Transportation Trust Fund Authority,,DBT,US,2025-11
US64613CCT36,US64613CCT36,64613CCT3,New Jersey Transportation Trust Fund Authority,,DBT,US,2025-11
US64613CCU09,US64613CCU09,64613CCU0,New Jersey Transportation Trust Fund Authority,,DBT,US,2025-11
US64613CCW64,US64613CCW64,64613CCW6,New Jersey Transportation Trust Fund Authority,,DBT,US,2025-11
US64613CCZ95,US64613CCZ95,64613CCZ9,New Jersey Transportation Trust Fund Authority,,DBT,US,2025-11
US64613CDA36,US64613CDA36,64613CDA3,New Jersey Transportation Trust Fund Authority,,DBT,US,2025-11
US64613CDC91,US64613CDC91,64613CDC9,New Jersey Transportation Trust Fund Authority,,DBT,US,2025-11
US64613CDL90,US64613CDL90,64613CDL9,New Jersey Transportation Trust Fund Authority,,DBT,US,2025-11
US64613CDM73,US64613CDM73,64613CDM7,New Jersey Transportation Trust Fund Authority,,DBT,US,2025-11
US64613CDN56,US64613CDN56,64613CDN5,New Jersey Transportation Trust Fund Authority,,DBT,US,2025-11
US64613CDW55,US64613CDW55,64613CDW5,New Jersey Transportation Trust Fund Authority,,DBT,US,2025-11
US64613CEB00,US64613CEB00,64613CEB0,New Jersey Transportation Trust Fund Authority,,DBT,US,2025-11
US64613CED65,US64613CED65,64613CED6,New Jersey Transportation Trust Fund Authority,,DBT,US,2025-11
US64613CEE49,US64613CEE49,64613CEE4,New Jersey Transportation Trust Fund Authority,,DBT,US,2025-11
US64613CEF14,US64613CEF14,64613CEF1,New Jersey Transportation Trust Fund Authority,,DBT,US,2025-11
US64613CEH79,US64613CEH79,64613CEH7,New Jersey Transportation Trust Fund Authority,,DBT,US,2025-11
US64613CEJ36,US64613CEJ36,64613CEJ3,New Jersey Transportation Trust Fund Authority,,DBT,US,2025-11
US64613CEK09,US64613CEK09,64613CEK0,New Jersey Transportation Trust Fund Authority,,DBT,US,2025-11
US64613CEL81,US64613CEL81,64613CEL8,New Jersey Transportation Trust Fund Authority,,DBT,US,2025-11
US64613CEM64,US64613CEM64,64613CEM6,New Jersey Transportation Trust Fund Authority,,DBT,US,2025-11
US64613CEQ78,US64613CEQ78,64613CEQ7,New Jersey Transportation Trust Fund Authority,,DBT,US,2025-11
US64613CEX20,US64613CEX20,64613CEX2,New Jersey Transportation Trust Fund Authority,,DBT,US,2025-11
US64613CFC73,US64613CFC73,64613CFC7,New Jersey Transportation Trust Fund Authority,,DBT,US,2025-11
US64613CFF05,US64613CFF05,64613CFF0,New Jersey Transportation Trust Fund Authority,,DBT,US,2025-11
US64613CFG87,US64613CFG87,64613CFG8,New Jersey Transportation Trust Fund Authority,,DBT,US,2025-11
US64613CFK99,US64613CFK99,64613CFK9,New Jersey Transportation Trust Fund Authority,,DBT,US,2025-11
US64613CFV54,US64613CFV54,64613CFV5,New Jersey Transportation Trust Fund Authority,,DBT,US,2025-11
US64613CGH51,US64613CGH51,64613CGH5,New Jersey Transportation Trust Fund Authority,,DBT,US,2025-11
US64613CGK80,US64613CGK80,64613CGK8,New Jersey Transportation Trust Fund Authority,,DBT,US,2025-11
US64613CHF86,US64613CHF86,64613CHF8,New Jersey Transportation Trust Fund Authority,,DBT,US,2025-11
US64613CHG69,US64613CHG69,64613CHG6,New Jersey Transportation Trust Fund Authority,,DBT,US,2025-11
US64613CHH43,US64613CHH43,64613CHH4,New Jersey Transportation Trust Fund Authority,,DBT,US,2025-11
US64613CHJ09,US64613CHJ09,64613CHJ0,New Jersey Transportation Trust Fund Authority,,DBT,US,2025-11
US64613CHK71,US64613CHK71,64613CHK7,New Jersey Transportation Trust Fund Authority,,DBT,US,2025-11
US64613CHL54,US64613CHL54,64613CHL5,New Jersey Transportation Trust Fund Authority,,DBT,US,2025-11
US64613CHM38,US64613CHM38,64613CHM3,New Jersey Transportation Trust Fund Authority,,DBT,US,2025-11
US64613CHR25,US64613CHR25,64613CHR2,New Jersey Transportation Trust Fund Authority,,DBT,US,2025-11
US64613CHS08,US64613CHS08,64613CHS0,New Jersey Transportation Trust Fund Authority,,DBT,US,2025-11
US6461396M28,US6461396M28,6461396M2,New Jersey Turnpike Authority,,DBT,US,2025-11
US6461396P58,US6461396P58,6461396P5,New Jersey Turnpike Authority,,DBT,US,2025-11
US6461396R15,US6461396R15,6461396R1,New Jersey Turnpike Authority,,DBT,US,2025-11
US6461397C37,US6461397C37,6461397C3,New Jersey Turnpike Authority,,DBT,US,2025-11
US6461397D10,US6461397D10,6461397D1,New Jersey Turnpike Authority,,DBT,US,2025-11
US6461397F67,US6461397F67,6461397F6,New Jersey Turnpike Authority,,DBT,US,2025-11
US6461397G41,US6461397G41,6461397G4,New Jersey Turnpike Authority,,DBT,US,2025-11
US6461397M19,US6461397M19,6461397M1,New Jersey Turnpike Authority,,DBT,US,2025-11
US646140CA98,US646140CA98,646140CA9,New Jersey Turnpike Authority,,DBT,US,2025-11
US646140CB71,US646140CB71,646140CB7,New Jersey Turnpike Authority,,DBT,US,2025-11
US646140CP67,US646140CP67,646140CP6,New Jersey Turnpike Authority,,DBT,US,2025-11
US646140CQ41,US646140CQ41,646140CQ4,New Jersey Turnpike Authority,,DBT,US,2025-11
US646140CT89,US646140CT89,646140CT8,New Jersey Turnpike Authority,,DBT,US,2025-11
US646140DC46,US646140DC46,646140DC4,New Jersey Turnpike Authority,,DBT,US,2025-11
US646140DJ98,US646140DJ98,646140DJ9,New Jersey Turnpike Authority,,DBT,US,2025-11
US646140ES88,US646140ES88,646140ES8,New Jersey Turnpike Authority,,DBT,US,2025-11
US646140ET61,US646140ET61,646140ET6,New Jersey Turnpike Authority,,DBT,US,2025-11
US646140GB36,US646140GB36,646140GB3,New Jersey Turnpike Authority,,DBT,US,2025-11
US646140GC19,US646140GC19,646140GC1,New Jersey Turnpike Authority,,DBT,US,2025-11
US646140GD91,US646140GD91,646140GD9,New Jersey Turnpike Authority,,DBT,US,2025-11
US646140JC81,US646140JC81,646140JC8,New Jersey Turnpike Authority,,DBT,US,2025-11
US646140JH78,US646140JH78,646140JH7,New Jersey Turnpike Authority,,DBT,US,2025-11
US646140JJ35,US646140JJ35,646140JJ3,New Jersey Turnpike Authority,,DBT,US,2025-11
US646140JK08,US646140JK08,646140JK0,New Jersey Turnpike Authority,,DBT,US,2025-11
US646140JL80,US646140JL80,646140JL8,New Jersey Turnpike Authority,,DBT,US,2025-11
US646140JN47,US646140JN47,646140JN4,New Jersey Turnpike Authority,,DBT,US,2025-11
US646140JQ77,US646140JQ77,646140JQ7,New Jersey Turnpike Authority,,DBT,US,2025-11
US646140JW46,US646140JW46,646140JW4,New Jersey Turnpike Authority,,DBT,US,2025-11
US64711PSZ44,US64711PSZ44,64711PSZ4,New Mexico Finance Authority,,DBT,US,2025-11
US64711PTE06,US64711PTE06,64711PTE0,New Mexico Finance Authority,,DBT,US,2025-11
US64711RMC78,US64711RMC78,64711RMC7,New Mexico Finance Authority,,DBT,US,2025-11
US64711RMM50,US64711RMM50,64711RMM5,New Mexico Finance Authority,,DBT,US,2025-11
US64711RMP81,US64711RMP81,64711RMP8,New Mexico Finance Authority,,DBT,US,2025-11
US64763HGN98,US64763HGN98,64763HGN9,New Orleans Aviation Board,,DBT,US,2025-11
US64972GA539,US64972GA539,64972GA53,New York City Municipal Water Finance Authority,,DBT,US,2025-11
US64972GA877,US64972GA877,64972GA87,New York City Municipal Water Finance Authority,,DBT,US,2025-11
US64972GBA13,US64972GBA13,64972GBA1,New York City Municipal Water Finance Authority,,DBT,US,2025-11
US64972GE267,US64972GE267,64972GE26,New York City Municipal Water Finance Authority,,DBT,US,2025-11
US64972GE424,US64972GE424,64972GE42,New York City Municipal Water Finance Authority,,DBT,US,2025-11
US64972GE598,US64972GE598,64972GE59,New York City Municipal Water Finance Authority,,DBT,US,2025-11
US64972GE838,US64972GE838,64972GE83,New York City Municipal Water Finance Authority,,DBT,US,2025-11
US64972GG320,US64972GG320,64972GG32,New York City Municipal Water Finance Authority,,DBT,US,2025-11
US64972GH724,US64972GH724,64972GH72,New York City Municipal Water Finance Authority,,DBT,US,2025-11
US64972GK298,US64972GK298,64972GK29,New York City Municipal Water Finance Authority,,DBT,US,2025-11
US64972GK454,US64972GK454,64972GK45,New York City Municipal Water Finance Authority,,DBT,US,2025-11
US64972GKK93,US64972GKK93,64972GKK9,New York City Municipal Water Finance Authority,,DBT,US,2025-11
US64972GL692,US64972GL692,64972GL69,New York City Municipal Water Finance Authority,,DBT,US,2025-11
US64972GL858,US64972GL858,64972GL85,New York City Municipal Water Finance Authority,,DBT,US,2025-11
US64972GMV31,US64972GMV31,64972GMV3,New York City Municipal Water Finance Authority,,DBT,US,2025-11
US64972GMW14,US64972GMW14,64972GMW1,New York City Municipal Water Finance Authority,,DBT,US,2025-11
US64972GNC41,US64972GNC41,64972GNC4,New York City Municipal Water Finance Authority,,DBT,US,2025-11
US64972GNH38,US64972GNH38,64972GNH3,New York City Municipal Water Finance Authority,,DBT,US,2025-11
US64972GNK66,US64972GNK66,64972GNK6,New York City Municipal Water Finance Authority,,DBT,US,2025-11
US64972GNR10,US64972GNR10,64972GNR1,New York City Municipal Water Finance Authority,,DBT,US,2025-11
US64972GP248,US64972GP248,64972GP24,New York City Municipal Water Finance Authority,,DBT,US,2025-11
US64972GP735,US64972GP735,64972GP73,New York City Municipal Water Finance Authority,,DBT,US,2025-11
US64972GPT57,US64972GPT57,64972GPT5,New York City Municipal Water Finance Authority,,DBT,US,2025-11
US64972GPX69,US64972GPX69,64972GPX6,New York City Municipal Water Finance Authority,,DBT,US,2025-11
US64972GPZ18,US64972GPZ18,64972GPZ1,New York City Municipal Water Finance Authority,,DBT,US,2025-11
US64972GQE79,US64972GQE79,64972GQE7,New York City Municipal Water Finance Authority,,DBT,US,2025-11
US64972GQW77,US64972GQW77,64972GQW7,New York City Municipal Water Finance Authority,,DBT,US,2025-11
US64972GR715,US64972GR715,64972GR71,New York City Municipal Water Finance Authority,,DBT,US,2025-11
US64972GR970,US64972GR970,64972GR97,New York City Municipal Water Finance Authority,,DBT,US,2025-11
US64972GRD87,US64972GRD87,64972GRD8,New York City Municipal Water Finance Authority,,DBT,US,2025-11
US64972GRV85,US64972GRV85,64972GRV8,New York City Municipal Water Finance Authority,,DBT,US,2025-11
US64972GRX42,US64972GRX42,64972GRX4,New York City Municipal Water Finance Authority,,DBT,US,2025-11
US64972GS218,US64972GS218,64972GS21,New York City Municipal Water Finance Authority,,DBT,US,2025-11
US64972GS390,US64972GS390,64972GS39,New York City Municipal Water Finance Authority,,DBT,US,2025-11
US64972GS473,US64972GS473,64972GS47,New York City Municipal Water Finance Authority,,DBT,US,2025-11
US64972GS705,US64972GS705,64972GS70,New York City Municipal Water Finance Authority,,DBT,US,2026-02
US64972GS960,US64972GS960,64972GS96,New York City Municipal Water Finance Authority,,DBT,US,2026-02
US64972GSG00,US64972GSG00,64972GSG0,New York City Municipal Water Finance Authority,,DBT,US,2025-11
US64972GSK12,US64972GSK12,64972GSK1,New York City Municipal Water Finance Authority,,DBT,US,2025-11
US64972GSP09,US64972GSP09,64972GSP0,New York City Municipal Water Finance Authority,,DBT,US,2025-11
US64972GSQ81,US64972GSQ81,64972GSQ8,New York City Municipal Water Finance Authority,,DBT,US,2025-11
US64972GSR64,US64972GSR64,64972GSR6,New York City Municipal Water Finance Authority,,DBT,US,2025-11
US64972GSW59,US64972GSW59,64972GSW5,New York City Municipal Water Finance Authority,,DBT,US,2025-11
US64972GSX33,US64972GSX33,64972GSX3,New York City Municipal Water Finance Authority,,DBT,US,2025-11
US64972GT380,US64972GT380,64972GT38,New York City Municipal Water Finance Authority,,DBT,US,2026-02
US64972GT463,US64972GT463,64972GT46,New York City Municipal Water Finance Authority,,DBT,US,2026-02
US64972GT539,US64972GT539,64972GT53,New York City Municipal Water Finance Authority,,DBT,US,2026-02
US64972GTA21,US64972GTA21,64972GTA2,New York City Municipal Water Finance Authority,,DBT,US,2025-11
US64972GTD69,US64972GTD69,64972GTD6,New York City Municipal Water Finance Authority,,DBT,US,2025-11
US64972GTJ30,US64972GTJ30,64972GTJ3,New York City Municipal Water Finance Authority,,DBT,US,2025-11
US64972GUD41,US64972GUD41,64972GUD4,New York City Municipal Water Finance Authority,,DBT,US,2025-11
US64972GUE24,US64972GUE24,64972GUE2,New York City Municipal Water Finance Authority,,DBT,US,2025-11
US64972GUF98,US64972GUF98,64972GUF9,New York City Municipal Water Finance Authority,,DBT,US,2025-11
US64972GUH54,US64972GUH54,64972GUH5,New York City Municipal Water Finance Authority,,DBT,US,2025-11
US64972GVM31,US64972GVM31,64972GVM3,New York City Municipal Water Finance Authority,,DBT,US,2025-11
US64972GVY78,US64972GVY78,64972GVY7,New York City Municipal Water Finance Authority,,DBT,US,2025-11
US64972GWD23,US64972GWD23,64972GWD2,New York City Municipal Water Finance Authority,,DBT,US,2025-11
US64972GWH37,US64972GWH37,64972GWH3,New York City Municipal Water Finance Authority,,DBT,US,2025-11
US64972GWJ92,US64972GWJ92,64972GWJ9,New York City Municipal Water Finance Authority,,DBT,US,2025-11
US64972GWL49,US64972GWL49,64972GWL4,New York City Municipal Water Finance Authority,,DBT,US,2025-11
US64972GWP52,US64972GWP52,64972GWP5,New York City Municipal Water Finance Authority,,DBT,US,2025-11
US64972GWT74,US64972GWT74,64972GWT7,New York City Municipal Water Finance Authority,,DBT,US,2026-02
US64972GWU48,US64972GWU48,64972GWU4,New York City Municipal Water Finance Authority,,DBT,US,2025-11
US64972GWZ35,US64972GWZ35,64972GWZ3,New York City Municipal Water Finance Authority,,DBT,US,2025-11
US64972GXB57,US64972GXB57,64972GXB5,New York City Municipal Water Finance Authority,,DBT,US,2025-11
US64972GXD14,US64972GXD14,64972GXD1,New York City Municipal Water Finance Authority,,DBT,US,2025-11
US64972GXF61,US64972GXF61,64972GXF6,New York City Municipal Water Finance Authority,,DBT,US,2025-11
US64972GXG45,US64972GXG45,64972GXG4,New York City Municipal Water Finance Authority,,DBT,US,2025-11
US64972GXJ83,US64972GXJ83,64972GXJ8,New York City Municipal Water Finance Authority,,DBT,US,2025-11
US64972GXP44,US64972GXP44,64972GXP4,New York City Municipal Water Finance Authority,,DBT,US,2025-11
US64972GXW94,US64972GXW94,64972GXW9,New York City Municipal Water Finance Authority,,DBT,US,2025-11
US64972GXX77,US64972GXX77,64972GXX7,New York City Municipal Water Finance Authority,,DBT,US,2025-11
US64972GXY50,US64972GXY50,64972GXY5,New York City Municipal Water Finance Authority,,DBT,US,2025-11
US64972GYD05,US64972GYD05,64972GYD0,New York City Municipal Water Finance Authority,,DBT,US,2025-11
US64972GYG36,US64972GYG36,64972GYG3,New York City Municipal Water Finance Authority,,DBT,US,2025-11
US64972GYH19,US64972GYH19,64972GYH1,New York City Municipal Water Finance Authority,,DBT,US,2025-11
US64972GYJ74,US64972GYJ74,64972GYJ7,New York City Municipal Water Finance Authority,,DBT,US,2025-11
US64972GYU20,US64972GYU20,64972GYU2,New York City Municipal Water Finance Authority,,DBT,US,2025-11
US64972GZH00,US64972GZH00,64972GZH0,New York City Municipal Water Finance Authority,,DBT,US,2025-11
US64972GZM94,US64972GZM94,64972GZM9,New York City Municipal Water Finance Authority,,DBT,US,2025-11
US64972GZP26,US64972GZP26,64972GZP2,New York City Municipal Water Finance Authority,,DBT,US,2025-11
US64972GZX59,US64972GZX59,64972GZX5,New York City Municipal Water Finance Authority,,DBT,US,2025-11
US64972JNK06,US64972JNK06,64972JNK0,New York City Transitional Finance Authority,,DBT,US,2026-02
US64972H3S95,US64972H3S95,64972H3S9,New York City Transitional Finance Authority Building Aid,,DBT,US,2025-11
US64972H5S77,US64972H5S77,64972H5S7,New York City Transitional Finance Authority Building Aid,,DBT,US,2025-11
US64972H5U24,US64972H5U24,64972H5U2,New York City Transitional Finance Authority Building Aid,,DBT,US,2025-11
US64972H5V07,US64972H5V07,64972H5V0,New York City Transitional Finance Authority Building Aid,,DBT,US,2025-11
US64972H5Y46,US64972H5Y46,64972H5Y4,New York City Transitional Finance Authority Building Aid,,DBT,US,2025-11
US64972H5Z11,US64972H5Z11,64972H5Z1,New York City Transitional Finance Authority Building Aid,,DBT,US,2025-11
US64972HF981,US64972HF981,64972HF98,New York City Transitional Finance Authority Building Aid,,DBT,US,2025-11
US64972HG229,US64972HG229,64972HG22,New York City Transitional Finance Authority Building Aid,,DBT,US,2025-11
US64972HG971,US64972HG971,64972HG97,New York City Transitional Finance Authority Building Aid,,DBT,US,2025-11
US64972HK502,US64972HK502,64972HK50,New York City Transitional Finance Authority Building Aid,,DBT,US,2025-11
US64972HU428,US64972HU428,64972HU42,New York City Transitional Finance Authority Building Aid,,DBT,US,2025-11
US64972HU675,US64972HU675,64972HU67,New York City Transitional Finance Authority Building Aid,,DBT,US,2025-11
US64972HY305,US64972HY305,64972HY30,New York City Transitional Finance Authority Building Aid,,DBT,US,2025-11
US64972HY891,US64972HY891,64972HY89,New York City Transitional Finance Authority Building Aid,,DBT,US,2025-11
US64972HY974,US64972HY974,64972HY97,New York City Transitional Finance Authority Building Aid,,DBT,US,2025-11
US64972HYM86,US64972HYM86,64972HYM8,New York City Transitional Finance Authority Building Aid,,DBT,US,2025-11
US64972HYQ90,US64972HYQ90,64972HYQ9,New York City Transitional Finance Authority Building Aid,,DBT,US,2025-11
US64972HZ393,US64972HZ393,64972HZ39,New York City Transitional Finance Authority Building Aid,,DBT,US,2025-11
US64972HZA30,US64972HZA30,64972HZA3,New York City Transitional Finance Authority Building Aid,,DBT,US,2025-11
US64972HZP09,US64972HZP09,64972HZP0,New York City Transitional Finance Authority Building Aid,,DBT,US,2025-11
US64972HZS48,US64972HZS48,64972HZS4,New York City Transitional Finance Authority Building Aid,,DBT,US,2025-11
US64972HZW59,US64972HZW59,64972HZW5,New York City Transitional Finance Authority Building Aid,,DBT,US,2025-11
US64972LAR42,US64972LAR42,64972LAR4,New York City Transitional Finance Authority Building Aid,,DBT,US,2025-11
US64972LAS25,US64972LAS25,64972LAS2,New York City Transitional Finance Authority Building Aid,,DBT,US,2025-11
US64972LAW37,US64972LAW37,64972LAW3,New York City Transitional Finance Authority Building Aid,,DBT,US,2025-11
US64972LAX10,US64972LAX10,64972LAX1,New York City Transitional Finance Authority Building Aid,,DBT,US,2025-11
US64972LBD47,US64972LBD47,64972LBD4,New York City Transitional Finance Authority Building Aid,,DBT,US,2025-11
US64972LBJ17,US64972LBJ17,64972LBJ1,New York City Transitional Finance Authority Building Aid,,DBT,US,2025-11
US64971W4Q06,US64971W4Q06,64971W4Q0,New York City Transitional Finance Authority Future Tax Secured,,DBT,US,2025-11
US64971W4S61,US64971W4S61,64971W4S6,New York City Transitional Finance Authority Future Tax Secured,,DBT,US,2025-11
US64971W4Y30,US64971W4Y30,64971W4Y3,New York City Transitional Finance Authority Future Tax Secured,,DBT,US,2025-11
US64971W5B28,US64971W5B28,64971W5B2,New York City Transitional Finance Authority Future Tax Secured,,DBT,US,2025-11
US64971W5C01,US64971W5C01,64971W5C0,New York City Transitional Finance Authority Future Tax Secured,,DBT,US,2025-11
US64971W5T36,US64971W5T36,64971W5T3,New York City Transitional Finance Authority Future Tax Secured,,DBT,US,2025-11
US64971W5U09,US64971W5U09,64971W5U0,New York City Transitional Finance Authority Future Tax Secured,,DBT,US,2025-11
US64971W6U99,US64971W6U99,64971W6U9,New York City Transitional Finance Authority Future Tax Secured,,DBT,US,2025-11
US64971W6V72,US64971W6V72,64971W6V7,New York City Transitional Finance Authority Future Tax Secured,,DBT,US,2025-11
US64971W6W55,US64971W6W55,64971W6W5,New York City Transitional Finance Authority Future Tax Secured,,DBT,US,2025-11
US64971W6Y12,US64971W6Y12,64971W6Y1,New York City Transitional Finance Authority Future Tax Secured,,DBT,US,2025-11
US64971W6Z86,US64971W6Z86,64971W6Z8,New York City Transitional Finance Authority Future Tax Secured,,DBT,US,2025-11
US64971W7A27,US64971W7A27,64971W7A2,New York City Transitional Finance Authority Future Tax Secured,,DBT,US,2025-11
US64971W7C82,US64971W7C82,64971W7C8,New York City Transitional Finance Authority Future Tax Secured,,DBT,US,2025-11
US64971W7Q78,US64971W7Q78,64971W7Q7,New York City Transitional Finance Authority Future Tax Secured,,DBT,US,2025-11
US64971WC401,US64971WC401,64971WC40,New York City Transitional Finance Authority Future Tax Secured,,DBT,US,2025-11
US64971WC575,US64971WC575,64971WC57,New York City Transitional Finance Authority Future Tax Secured,,DBT,US,2025-11
US64971WC815,US64971WC815,64971WC81,New York City Transitional Finance Authority Future Tax Secured,,DBT,US,2025-11
US64971WD318,US64971WD318,64971WD31,New York City Transitional Finance Authority Future Tax Secured,,DBT,US,2025-11
US64971WE480,US64971WE480,64971WE48,New York City Transitional Finance Authority Future Tax Secured,,DBT,US,2025-11
US64971WH780,US64971WH780,64971WH78,New York City Transitional Finance Authority Future Tax Secured,,DBT,US,2025-11
US64971WL733,US64971WL733,64971WL73,New York City Transitional Finance Authority Future Tax Secured,,DBT,US,2025-11
US64971WL998,US64971WL998,64971WL99,New York City Transitional Finance Authority Future Tax Secured,,DBT,US,2025-11
US64971WM640,US64971WM640,64971WM64,New York City Transitional Finance Authority Future Tax Secured,,DBT,US,2025-11
US64971WR516,US64971WR516,64971WR51,New York City Transitional Finance Authority Future Tax Secured,,DBT,US,2025-11
US64971WR698,US64971WR698,64971WR69,New York City Transitional Finance Authority Future Tax Secured,,DBT,US,2025-11
US64971WS274,US64971WS274,64971WS27,New York City Transitional Finance Authority Future Tax Secured,,DBT,US,2025-11
US64971WS431,US64971WS431,64971WS43,New York City Transitional Finance Authority Future Tax Secured,,DBT,US,2025-11
US64971WT264,US64971WT264,64971WT26,New York City Transitional Finance Authority Future Tax Secured,,DBT,US,2025-11
US64971WU320,US64971WU320,64971WU32,New York City Transitional Finance Authority Future Tax Secured,,DBT,US,2025-11
US64971WU650,US64971WU650,64971WU65,New York City Transitional Finance Authority Future Tax Secured,,DBT,US,2025-11
US64971WXM71,US64971WXM71,64971WXM7,New York City Transitional Finance Authority Future Tax Secured,,DBT,US,2025-11
US64971WYD63,US64971WYD63,64971WYD6,New York City Transitional Finance Authority Future Tax Secured,,DBT,US,2025-11
US64971WYE47,US64971WYE47,64971WYE4,New York City Transitional Finance Authority Future Tax Secured,,DBT,US,2025-11
US64971X2B37,US64971X2B37,64971X2B3,New York City Transitional Finance Authority Future Tax Secured,,DBT,US,2025-11
US64971X2N74,US64971X2N74,64971X2N7,New York City Transitional Finance Authority Future Tax Secured,,DBT,US,2025-11
US64971X2Q06,US64971X2Q06,64971X2Q0,New York City Transitional Finance Authority Future Tax Secured,,DBT,US,2025-11
US64971X3T36,US64971X3T36,64971X3T3,New York City Transitional Finance Authority Future Tax Secured,,DBT,US,2025-11
US64971X4F23,US64971X4F23,64971X4F2,New York City Transitional Finance Authority Future Tax Secured,,DBT,US,2025-11
US64971X4Q87,US64971X4Q87,64971X4Q8,New York City Transitional Finance Authority Future Tax Secured,,DBT,US,2025-11
US64971X4R60,US64971X4R60,64971X4R6,New York City Transitional Finance Authority Future Tax Secured,,DBT,US,2025-11
US64971X5B00,US64971X5B00,64971X5B0,New York City Transitional Finance Authority Future Tax Secured,,DBT,US,2025-11
US64971X7F95,US64971X7F95,64971X7F9,New York City Transitional Finance Authority Future Tax Secured,,DBT,US,2025-11
US64971X7U62,US64971X7U62,64971X7U6,New York City Transitional Finance Authority Future Tax Secured,,DBT,US,2025-11
US64971X7Y84,US64971X7Y84,64971X7Y8,New York City Transitional Finance Authority Future Tax Secured,,DBT,US,2025-11
US64971X7Z59,US64971X7Z59,64971X7Z5,New York City Transitional Finance Authority Future Tax Secured,,DBT,US,2025-11
US64971X8A99,US64971X8A99,64971X8A9,New York City Transitional Finance Authority Future Tax Secured,,DBT,US,2025-11
US64971X8L54,US64971X8L54,64971X8L5,New York City Transitional Finance Authority Future Tax Secured,,DBT,US,2025-11
US64971XAG34,US64971XAG34,64971XAG3,New York City Transitional Finance Authority Future Tax Secured,,DBT,US,2025-11
US64971XAH17,US64971XAH17,64971XAH1,New York City Transitional Finance Authority Future Tax Secured,,DBT,US,2025-11
US64971XAJ72,US64971XAJ72,64971XAJ7,New York City Transitional Finance Authority Future Tax Secured,,DBT,US,2025-11
US64971XAN84,US64971XAN84,64971XAN8,New York City Transitional Finance Authority Future Tax Secured,,DBT,US,2025-11
US64971XAQ16,US64971XAQ16,64971XAQ1,New York City Transitional Finance Authority Future Tax Secured,,DBT,US,2025-11
US64971XB567,US64971XB567,64971XB56,New York City Transitional Finance Authority Future Tax Secured,,DBT,US,2025-11
US64971XB641,US64971XB641,64971XB64,New York City Transitional Finance Authority Future Tax Secured,,DBT,US,2025-11
US64971XC482,US64971XC482,64971XC48,New York City Transitional Finance Authority Future Tax Secured,,DBT,US,2025-11
US64971XC557,US64971XC557,64971XC55,New York City Transitional Finance Authority Future Tax Secured,,DBT,US,2025-11
US64971XC714,US64971XC714,64971XC71,New York City Transitional Finance Authority Future Tax Secured,,DBT,US,2025-11
US64971XCL01,US64971XCL01,64971XCL0,New York City Transitional Finance Authority Future Tax Secured,,DBT,US,2025-11
US64971XCP15,US64971XCP15,64971XCP1,New York City Transitional Finance Authority Future Tax Secured,,DBT,US,2025-11
US64971XCS53,US64971XCS53,64971XCS5,New York City Transitional Finance Authority Future Tax Secured,,DBT,US,2025-11
US64971XCW65,US64971XCW65,64971XCW6,New York City Transitional Finance Authority Future Tax Secured,,DBT,US,2025-11
US64971XCX49,US64971XCX49,64971XCX4,New York City Transitional Finance Authority Future Tax Secured,,DBT,US,2025-11
US64971XDG07,US64971XDG07,64971XDG0,New York City Transitional Finance Authority Future Tax Secured,,DBT,US,2025-11
US64971XDN57,US64971XDN57,64971XDN5,New York City Transitional Finance Authority Future Tax Secured,,DBT,US,2025-11
US64971XDP06,US64971XDP06,64971XDP0,New York City Transitional Finance Authority Future Tax Secured,,DBT,US,2025-11
US64971XDQ88,US64971XDQ88,64971XDQ8,New York City Transitional Finance Authority Future Tax Secured,,DBT,US,2025-11
US64971XDR61,US64971XDR61,64971XDR6,New York City Transitional Finance Authority Future Tax Secured,,DBT,US,2025-11
US64971XDS45,US64971XDS45,64971XDS4,New York City Transitional Finance Authority Future Tax Secured,,DBT,US,2025-11
US64971XE611,US64971XE611,64971XE61,New York City Transitional Finance Authority Future Tax Secured,,DBT,US,2025-11
US64971XF295,US64971XF295,64971XF29,New York City Transitional Finance Authority Future Tax Secured,,DBT,US,2025-11
US64971XF865,US64971XF865,64971XF86,New York City Transitional Finance Authority Future Tax Secured,,DBT,US,2025-11
US64971XFP87,US64971XFP87,64971XFP8,New York City Transitional Finance Authority Future Tax Secured,,DBT,US,2025-11
US64971XFS27,US64971XFS27,64971XFS2,New York City Transitional Finance Authority Future Tax Secured,,DBT,US,2025-11
US64971XFV55,US64971XFV55,64971XFV5,New York City Transitional Finance Authority Future Tax Secured,,DBT,US,2025-11
US64971XFW39,US64971XFW39,64971XFW3,New York City Transitional Finance Authority Future Tax Secured,,DBT,US,2025-11
US64971XG368,US64971XG368,64971XG36,New York City Transitional Finance Authority Future Tax Secured,,DBT,US,2025-11
US64971XG442,US64971XG442,64971XG44,New York City Transitional Finance Authority Future Tax Secured,,DBT,US,2025-11
US64971XG699,US64971XG699,64971XG69,New York City Transitional Finance Authority Future Tax Secured,,DBT,US,2025-11
US64971XHJ00,US64971XHJ00,64971XHJ0,New York City Transitional Finance Authority Future Tax Secured,,DBT,US,2025-11
US64971XHL55,US64971XHL55,64971XHL5,New York City Transitional Finance Authority Future Tax Secured,,DBT,US,2025-11
US64971XHN12,US64971XHN12,64971XHN1,New York City Transitional Finance Authority Future Tax Secured,,DBT,US,2025-11
US64971XK808,US64971XK808,64971XK80,New York City Transitional Finance Authority Future Tax Secured,,DBT,US,2025-11
US64971XKE75,US64971XKE75,64971XKE7,New York City Transitional Finance Authority Future Tax Secured,,DBT,US,2025-11
US64971XKJ62,US64971XKJ62,64971XKJ6,New York City Transitional Finance Authority Future Tax Secured,,DBT,US,2025-11
US64971XKK36,US64971XKK36,64971XKK3,New York City Transitional Finance Authority Future Tax Secured,,DBT,US,2025-11
US64971XKL19,US64971XKL19,64971XKL1,New York City Transitional Finance Authority Future Tax Secured,,DBT,US,2025-11
US64971XKN74,US64971XKN74,64971XKN7,New York City Transitional Finance Authority Future Tax Secured,,DBT,US,2025-11
US64971XKP23,US64971XKP23,64971XKP2,New York City Transitional Finance Authority Future Tax Secured,,DBT,US,2025-11
US64971XL301,US64971XL301,64971XL30,New York City Transitional Finance Authority Future Tax Secured,,DBT,US,2025-11
US64971XL632,US64971XL632,64971XL63,New York City Transitional Finance Authority Future Tax Secured,,DBT,US,2025-11
US64971XLC01,US64971XLC01,64971XLC0,New York City Transitional Finance Authority Future Tax Secured,,DBT,US,2025-11
US64971XLD83,US64971XLD83,64971XLD8,New York City Transitional Finance Authority Future Tax Secured,,DBT,US,2025-11
US64971XLE66,US64971XLE66,64971XLE6,New York City Transitional Finance Authority Future Tax Secured,,DBT,US,2025-11
US64971XLG15,US64971XLG15,64971XLG1,New York City Transitional Finance Authority Future Tax Secured,,DBT,US,2025-11
US64971XLJ53,US64971XLJ53,64971XLJ5,New York City Transitional Finance Authority Future Tax Secured,,DBT,US,2025-11
US64971XLK27,US64971XLK27,64971XLK2,New York City Transitional Finance Authority Future Tax Secured,,DBT,US,2025-11
US64971XLL00,US64971XLL00,64971XLL0,New York City Transitional Finance Authority Future Tax Secured,,DBT,US,2025-11
US64971XLM82,US64971XLM82,64971XLM8,New York City Transitional Finance Authority Future Tax Secured,,DBT,US,2025-11
US64971XM218,US64971XM218,64971XM21,New York City Transitional Finance Authority Future Tax Secured,,DBT,US,2025-11
US64971XN380,US64971XN380,64971XN38,New York City Transitional Finance Authority Future Tax Secured,,DBT,US,2025-11
US64971XN539,US64971XN539,64971XN53,New York City Transitional Finance Authority Future Tax Secured,,DBT,US,2025-11
US64971XN877,US64971XN877,64971XN87,New York City Transitional Finance Authority Future Tax Secured,,DBT,US,2025-11
US64971XNC82,US64971XNC82,64971XNC8,New York City Transitional Finance Authority Future Tax Secured,,DBT,US,2025-11
US64971XND65,US64971XND65,64971XND6,New York City Transitional Finance Authority Future Tax Secured,,DBT,US,2025-11
US64971XNK09,US64971XNK09,64971XNK0,New York City Transitional Finance Authority Future Tax Secured,,DBT,US,2025-11
US64971XNL81,US64971XNL81,64971XNL8,New York City Transitional Finance Authority Future Tax Secured,,DBT,US,2025-11
US64971XNN48,US64971XNN48,64971XNN4,New York City Transitional Finance Authority Future Tax Secured,,DBT,US,2025-11
US64971XNQ78,US64971XNQ78,64971XNQ7,New York City Transitional Finance Authority Future Tax Secured,,DBT,US,2025-11
US64971XQF86,US64971XQF86,64971XQF8,New York City Transitional Finance Authority Future Tax Secured,,DBT,US,2025-11
US64971XQG69,US64971XQG69,64971XQG6,New York City Transitional Finance Authority Future Tax Secured,,DBT,US,2025-11
US64971XQH43,US64971XQH43,64971XQH4,New York City Transitional Finance Authority Future Tax Secured,,DBT,US,2025-11
US64971XQK71,US64971XQK71,64971XQK7,New York City Transitional Finance Authority Future Tax Secured,,DBT,US,2025-11
US64971XQM38,US64971XQM38,64971XQM3,New York City Transitional Finance Authority Future Tax Secured,,DBT,US,2025-11
US64971XRN02,US64971XRN02,64971XRN0,New York City Transitional Finance Authority Future Tax Secured,,DBT,US,2025-11
US64971XRP59,US64971XRP59,64971XRP5,New York City Transitional Finance Authority Future Tax Secured,,DBT,US,2025-11
US64971XRQ33,US64971XRQ33,64971XRQ3,New York City Transitional Finance Authority Future Tax Secured,,DBT,US,2025-11
US64971XRT71,US64971XRT71,64971XRT7,New York City Transitional Finance Authority Future Tax Secured,,DBT,US,2025-11
US64971XRU45,US64971XRU45,64971XRU4,New York City Transitional Finance Authority Future Tax Secured,,DBT,US,2025-11
US64971XRX83,US64971XRX83,64971XRX8,New York City Transitional Finance Authority Future Tax Secured,,DBT,US,2025-11
US64971XRZ32,US64971XRZ32,64971XRZ3,New York City Transitional Finance Authority Future Tax Secured,,DBT,US,2025-11
US64971XSB54,US64971XSB54,64971XSB5,New York City Transitional Finance Authority Future Tax Secured,,DBT,US,2025-11
US64971XTT53,US64971XTT53,64971XTT5,New York City Transitional Finance Authority Future Tax Secured,,DBT,US,2025-11
US64971XTY49,US64971XTY49,64971XTY4,New York City Transitional Finance Authority Future Tax Secured,,DBT,US,2025-11
US64971XTZ14,US64971XTZ14,64971XTZ1,New York City Transitional Finance Authority Future Tax Secured,,DBT,US,2025-11
US64971XU229,US64971XU229,64971XU22,New York City Transitional Finance Authority Future Tax Secured,,DBT,US,2025-11
US64971XU302,US64971XU302,64971XU30,New York City Transitional Finance Authority Future Tax Secured,,DBT,US,2025-11
US64971XU559,US64971XU559,64971XU55,New York City Transitional Finance Authority Future Tax Secured,,DBT,US,2025-11
US64971XU898,US64971XU898,64971XU89,New York City Transitional Finance Authority Future Tax Secured,,DBT,US,2025-11
US64971XUC00,US64971XUC00,64971XUC0,New York City Transitional Finance Authority Future Tax Secured,,DBT,US,2025-11
US64971XUD82,US64971XUD82,64971XUD8,New York City Transitional Finance Authority Future Tax Secured,,DBT,US,2025-11
US64971XUE65,US64971XUE65,64971XUE6,New York City Transitional Finance Authority Future Tax Secured,,DBT,US,2025-11
US64971XUF31,US64971XUF31,64971XUF3,New York City Transitional Finance Authority Future Tax Secured,,DBT,US,2025-11
US64971XVB18,US64971XVB18,64971XVB1,New York City Transitional Finance Authority Future Tax Secured,,DBT,US,2025-11
US64971XW951,US64971XW951,64971XW95,New York City Transitional Finance Authority Future Tax Secured,,DBT,US,2025-11
US64971XWD64,US64971XWD64,64971XWD6,New York City Transitional Finance Authority Future Tax Secured,,DBT,US,2025-11
US64971XWE48,US64971XWE48,64971XWE4,New York City Transitional Finance Authority Future Tax Secured,,DBT,US,2025-11
US64971XWK08,US64971XWK08,64971XWK0,New York City Transitional Finance Authority Future Tax Secured,,DBT,US,2025-11
US64971XWQ77,US64971XWQ77,64971XWQ7,New York City Transitional Finance Authority Future Tax Secured,,DBT,US,2025-11
US64971XWS34,US64971XWS34,64971XWS3,New York City Transitional Finance Authority Future Tax Secured,,DBT,US,2025-11
US64971XX520,US64971XX520,64971XX52,New York City Transitional Finance Authority Future Tax Secured,,DBT,US,2025-11
US64971XX868,US64971XX868,64971XX86,New York City Transitional Finance Authority Future Tax Secured,,DBT,US,2025-11
US64971XX942,US64971XX942,64971XX94,New York City Transitional Finance Authority Future Tax Secured,,DBT,US,2025-11
US64971XXS25,US64971XXS25,64971XXS2,New York City Transitional Finance Authority Future Tax Secured,,DBT,US,2025-11
US64971XXT08,US64971XXT08,64971XXT0,New York City Transitional Finance Authority Future Tax Secured,,DBT,US,2025-11
US64971XXW37,US64971XXW37,64971XXW3,New York City Transitional Finance Authority Future Tax Secured,,DBT,US,2025-11
US64971XXY92,US64971XXY92,64971XXY9,New York City Transitional Finance Authority Future Tax Secured,,DBT,US,2025-11
US64971XXZ67,US64971XXZ67,64971XXZ6,New York City Transitional Finance Authority Future Tax Secured,,DBT,US,2025-11
US64971XYA08,US64971XYA08,64971XYA0,New York City Transitional Finance Authority Future Tax Secured,,DBT,US,2025-11
US64971XYB80,US64971XYB80,64971XYB8,New York City Transitional Finance Authority Future Tax Secured,,DBT,US,2025-11
US64971XYZ58,US64971XYZ58,64971XYZ5,New York City Transitional Finance Authority Future Tax Secured,,DBT,US,2025-11
US64971XZB71,US64971XZB71,64971XZB7,New York City Transitional Finance Authority Future Tax Secured,,DBT,US,2025-11
US64971XZG68,US64971XZG68,64971XZG6,New York City Transitional Finance Authority Future Tax Secured,,DBT,US,2025-11
US64972JAL26,US64972JAL26,64972JAL2,New York City Transitional Finance Authority Future Tax Secured,,DBT,US,2025-11
US64972JAM09,US64972JAM09,64972JAM0,New York City Transitional Finance Authority Future Tax Secured,,DBT,US,2025-11
US64972JAQ13,US64972JAQ13,64972JAQ1,New York City Transitional Finance Authority Future Tax Secured,,DBT,US,2025-11
US64972JAR95,US64972JAR95,64972JAR9,New York City Transitional Finance Authority Future Tax Secured,,DBT,US,2025-11
US64972JAU25,US64972JAU25,64972JAU2,New York City Transitional Finance Authority Future Tax Secured,,DBT,US,2025-11
US64972JAY47,US64972JAY47,64972JAY4,New York City Transitional Finance Authority Future Tax Secured,,DBT,US,2025-11
US64972JBB35,US64972JBB35,64972JBB3,New York City Transitional Finance Authority Future Tax Secured,,DBT,US,2025-11
US64972JBM99,US64972JBM99,64972JBM9,New York City Transitional Finance Authority Future Tax Secured,,DBT,US,2025-11
US64972JCD81,US64972JCD81,64972JCD8,New York City Transitional Finance Authority Future Tax Secured,,DBT,US,2025-11
US64972JCX46,US64972JCX46,64972JCX4,New York City Transitional Finance Authority Future Tax Secured,,DBT,US,2025-11
US64972JDB17,US64972JDB17,64972JDB1,New York City Transitional Finance Authority Future Tax Secured,,DBT,US,2025-11
US64972JDC99,US64972JDC99,64972JDC9,New York City Transitional Finance Authority Future Tax Secured,,DBT,US,2025-11
US64972JDD72,US64972JDD72,64972JDD7,New York City Transitional Finance Authority Future Tax Secured,,DBT,US,2025-11
US64972JDE55,US64972JDE55,64972JDE5,New York City Transitional Finance Authority Future Tax Secured,,DBT,US,2025-11
US64972JDF21,US64972JDF21,64972JDF2,New York City Transitional Finance Authority Future Tax Secured,,DBT,US,2025-11
US64972JDH86,US64972JDH86,64972JDH8,New York City Transitional Finance Authority Future Tax Secured,,DBT,US,2025-11
US64972JFR41,US64972JFR41,64972JFR4,New York City Transitional Finance Authority Future Tax Secured,,DBT,US,2025-11
US64972JGH59,US64972JGH59,64972JGH5,New York City Transitional Finance Authority Future Tax Secured,,DBT,US,2025-11
US64972JGQ58,US64972JGQ58,64972JGQ5,New York City Transitional Finance Authority Future Tax Secured,,DBT,US,2025-11
US64972JGT97,US64972JGT97,64972JGT9,New York City Transitional Finance Authority Future Tax Secured,,DBT,US,2025-11
US64972JGU60,US64972JGU60,64972JGU6,New York City Transitional Finance Authority Future Tax Secured,,DBT,US,2025-11
US64972JGW27,US64972JGW27,64972JGW2,New York City Transitional Finance Authority Future Tax Secured,,DBT,US,2025-11
US64972JHQ40,US64972JHQ40,64972JHQ4,New York City Transitional Finance Authority Future Tax Secured,,DBT,US,2025-11
US64972JHS06,US64972JHS06,64972JHS0,New York City Transitional Finance Authority Future Tax Secured,,DBT,US,2025-11
US64972JHV35,US64972JHV35,64972JHV3,New York City Transitional Finance Authority Future Tax Secured,,DBT,US,2025-11
US64972JHX90,US64972JHX90,64972JHX9,New York City Transitional Finance Authority Future Tax Secured,,DBT,US,2025-11
US64972JJA79,US64972JJA79,64972JJA7,New York City Transitional Finance Authority Future Tax Secured,,DBT,US,2025-11
US64972JJC36,US64972JJC36,64972JJC3,New York City Transitional Finance Authority Future Tax Secured,,DBT,US,2025-11
US64972JJF66,US64972JJF66,64972JJF6,New York City Transitional Finance Authority Future Tax Secured,,DBT,US,2025-11
US64972JJN90,US64972JJN90,64972JJN9,New York City Transitional Finance Authority Future Tax Secured,,DBT,US,2025-11
US64972JJR05,US64972JJR05,64972JJR0,New York City Transitional Finance Authority Future Tax Secured,,DBT,US,2025-11
US64972JJS87,US64972JJS87,64972JJS8,New York City Transitional Finance Authority Future Tax Secured,,DBT,US,2025-11
US64972JJT60,US64972JJT60,64972JJT6,New York City Transitional Finance Authority Future Tax Secured,,DBT,US,2025-11
US64972JJU34,US64972JJU34,64972JJU3,New York City Transitional Finance Authority Future Tax Secured,,DBT,US,2025-11
US64972JJV17,US64972JJV17,64972JJV1,New York City Transitional Finance Authority Future Tax Secured,,DBT,US,2025-11
US64972JJW99,US64972JJW99,64972JJW9,New York City Transitional Finance Authority Future Tax Secured,,DBT,US,2025-11
US64972JKG21,US64972JKG21,64972JKG2,New York City Transitional Finance Authority Future Tax Secured,,DBT,US,2025-11
US64972JKJ69,US64972JKJ69,64972JKJ6,New York City Transitional Finance Authority Future Tax Secured,,DBT,US,2025-11
US64972JLU06,US64972JLU06,64972JLU0,New York City Transitional Finance Authority Future Tax Secured,,DBT,US,2025-11
US64972JLY28,US64972JLY28,64972JLY2,New York City Transitional Finance Authority Future Tax Secured,,DBT,US,2025-11
US64972JMA33,US64972JMA33,64972JMA3,New York City Transitional Finance Authority Future Tax Secured,,DBT,US,2025-11
US64972JME54,US64972JME54,64972JME5,New York City Transitional Finance Authority Future Tax Secured,,DBT,US,2025-11
US64972JMF20,US64972JMF20,64972JMF2,New York City Transitional Finance Authority Future Tax Secured,,DBT,US,2025-11
US64972JMG03,US64972JMG03,64972JMG0,New York City Transitional Finance Authority Future Tax Secured,,DBT,US,2025-11
US64972JMJ42,US64972JMJ42,64972JMJ4,New York City Transitional Finance Authority Future Tax Secured,,DBT,US,2025-11
US64972JNG93,US64972JNG93,64972JNG9,New York City Transitional Finance Authority Future Tax Secured,,DBT,US,2025-11
US64972JNH76,US64972JNH76,64972JNH7,New York City Transitional Finance Authority Future Tax Secured,,DBT,US,2025-11
US64972JNM61,US64972JNM61,64972JNM6,New York City Transitional Finance Authority Future Tax Secured,,DBT,US,2025-11
US64972JNX27,US64972JNX27,64972JNX2,New York City Transitional Finance Authority Future Tax Secured,,DBT,US,2025-11
US64972JPC61,US64972JPC61,64972JPC6,New York City Transitional Finance Authority Future Tax Secured,,DBT,US,2025-11
US64972JPE28,US64972JPE28,64972JPE2,New York City Transitional Finance Authority Future Tax Secured,,DBT,US,2025-11
US64972JPJ15,US64972JPJ15,64972JPJ1,New York City Transitional Finance Authority Future Tax Secured,,DBT,US,2025-11
US64972JPK87,US64972JPK87,64972JPK8,New York City Transitional Finance Authority Future Tax Secured,,DBT,US,2025-11
US64972JPL60,US64972JPL60,64972JPL6,New York City Transitional Finance Authority Future Tax Secured,,DBT,US,2025-11
US64972JPR31,US64972JPR31,64972JPR3,New York City Transitional Finance Authority Future Tax Secured,,DBT,US,2025-11
US64972JPS14,US64972JPS14,64972JPS1,New York City Transitional Finance Authority Future Tax Secured,,DBT,US,2025-11
US64972JPT96,US64972JPT96,64972JPT9,New York City Transitional Finance Authority Future Tax Secured,,DBT,US,2025-11
US64972JPU69,US64972JPU69,64972JPU6,New York City Transitional Finance Authority Future Tax Secured,,DBT,US,2025-11
US64972JPV43,US64972JPV43,64972JPV4,New York City Transitional Finance Authority Future Tax Secured,,DBT,US,2025-11
US64972JPX09,US64972JPX09,64972JPX0,New York City Transitional Finance Authority Future Tax Secured,,DBT,US,2025-11
US64972JPZ56,US64972JPZ56,64972JPZ5,New York City Transitional Finance Authority Future Tax Secured,,DBT,US,2025-11
US64972JQB79,US64972JQB79,64972JQB7,New York City Transitional Finance Authority Future Tax Secured,,DBT,US,2025-11
US64972JQD36,US64972JQD36,64972JQD3,New York City Transitional Finance Authority Future Tax Secured,,DBT,US,2025-11
US64972JQE19,US64972JQE19,64972JQE1,New York City Transitional Finance Authority Future Tax Secured,,DBT,US,2025-11
US64972JQF83,US64972JQF83,64972JQF8,New York City Transitional Finance Authority Future Tax Secured,,DBT,US,2025-11
US64972JQQ49,US64972JQQ49,64972JQQ4,New York City Transitional Finance Authority Future Tax Secured,,DBT,US,2025-11
US64972JSQ21,US64972JSQ21,64972JSQ2,New York City Transitional Finance Authority Future Tax Secured,,DBT,US,2025-11
US64972JSR04,US64972JSR04,64972JSR0,New York City Transitional Finance Authority Future Tax Secured,,DBT,US,2025-11
US64972JSX71,US64972JSX71,64972JSX7,New York City Transitional Finance Authority Future Tax Secured,,DBT,US,2025-11
US64972JSY54,US64972JSY54,64972JSY5,New York City Transitional Finance Authority Future Tax Secured,,DBT,US,2025-11
US64972JTK42,US64972JTK42,64972JTK4,New York City Transitional Finance Authority Future Tax Secured,,DBT,US,2025-11
US64972JTU24,US64972JTU24,64972JTU2,New York City Transitional Finance Authority Future Tax Secured,,DBT,US,2025-11
US64972JTW89,US64972JTW89,64972JTW8,New York City Transitional Finance Authority Future Tax Secured,,DBT,US,2025-11
US64972JTX62,US64972JTX62,64972JTX6,New York City Transitional Finance Authority Future Tax Secured,,DBT,US,2025-11
US64972JTZ11,US64972JTZ11,64972JTZ1,New York City Transitional Finance Authority Future Tax Secured,,DBT,US,2025-11
US64972JUA41,US64972JUA41,64972JUA4,New York City Transitional Finance Authority Future Tax Secured,,DBT,US,2025-11
US64972JUD89,US64972JUD89,64972JUD8,New York City Transitional Finance Authority Future Tax Secured,,DBT,US,2025-11
US64972JUE62,US64972JUE62,64972JUE6,New York City Transitional Finance Authority Future Tax Secured,,DBT,US,2025-11
US64972JVP01,US64972JVP01,64972JVP0,New York City Transitional Finance Authority Future Tax Secured,,DBT,US,2025-11
US64972JVQ83,US64972JVQ83,64972JVQ8,New York City Transitional Finance Authority Future Tax Secured,,DBT,US,2025-11
US64972JVR66,US64972JVR66,64972JVR6,New York City Transitional Finance Authority Future Tax Secured,,DBT,US,2025-11
US64972JVT23,US64972JVT23,64972JVT2,New York City Transitional Finance Authority Future Tax Secured,,DBT,US,2025-11
US64972JVW51,US64972JVW51,64972JVW5,New York City Transitional Finance Authority Future Tax Secured,,DBT,US,2025-11
US64972JWA23,US64972JWA23,64972JWA2,New York City Transitional Finance Authority Future Tax Secured,,DBT,US,2025-11
US64972JWH75,US64972JWH75,64972JWH7,New York City Transitional Finance Authority Future Tax Secured,,DBT,US,2025-11
US64972JWL87,US64972JWL87,64972JWL8,New York City Transitional Finance Authority Future Tax Secured,,DBT,US,2025-11
US64972JWT14,US64972JWT14,64972JWT1,New York City Transitional Finance Authority Future Tax Secured,,DBT,US,2025-11
US64972JWX26,US64972JWX26,64972JWX2,New York City Transitional Finance Authority Future Tax Secured,,DBT,US,2025-11
US64972JXH66,US64972JXH66,64972JXH6,New York City Transitional Finance Authority Future Tax Secured,,DBT,US,2025-11
US64972JXJ23,US64972JXJ23,64972JXJ2,New York City Transitional Finance Authority Future Tax Secured,,DBT,US,2025-11
US64972JXK95,US64972JXK95,64972JXK9,New York City Transitional Finance Authority Future Tax Secured,,DBT,US,2025-11
US64972JXL78,US64972JXL78,64972JXL7,New York City Transitional Finance Authority Future Tax Secured,,DBT,US,2025-11
US64972JXM51,US64972JXM51,64972JXM5,New York City Transitional Finance Authority Future Tax Secured,,DBT,US,2025-11
US64972JXR49,US64972JXR49,64972JXR4,New York City Transitional Finance Authority Future Tax Secured,,DBT,US,2025-11
US64972JXS22,US64972JXS22,64972JXS2,New York City Transitional Finance Authority Future Tax Secured,,DBT,US,2025-11
US64972JYP73,US64972JYP73,64972JYP7,New York City Transitional Finance Authority Future Tax Secured,,DBT,US,2026-02
US64972JYS13,US64972JYS13,64972JYS1,New York City Transitional Finance Authority Future Tax Secured,,DBT,US,2026-02
US64972JYX08,US64972JYX08,64972JYX0,New York City Transitional Finance Authority Future Tax Secured,,DBT,US,2026-02
US64972JZB78,US64972JZB78,64972JZB7,New York City Transitional Finance Authority Future Tax Secured,,DBT,US,2026-02
US64972JZG65,US64972JZG65,64972JZG6,New York City Transitional Finance Authority Future Tax Secured,,DBT,US,2026-02
US64972JZH49,US64972JZH49,64972JZH4,New York City Transitional Finance Authority Future Tax Secured,,DBT,US,2026-02
US64972JA996,US64972JA996,64972JA99,New York City Transitional Finance Authority Future Tax Secured Revenue,,DBT,US,2026-02
US64972JB234,US64972JB234,64972JB23,New York City Transitional Finance Authority Future Tax Secured Revenue,,DBT,US,2026-02
US64972JB317,US64972JB317,64972JB31,New York City Transitional Finance Authority Future Tax Secured Revenue,,DBT,US,2026-02
US64972JB648,US64972JB648,64972JB64,New York City Transitional Finance Authority Future Tax Secured Revenue,,DBT,US,2026-02
US64972JB721,US64972JB721,64972JB72,New York City Transitional Finance Authority Future Tax Secured Revenue,,DBT,US,2026-02
US64972JB804,US64972JB804,64972JB80,New York City Transitional Finance Authority Future Tax Secured Revenue,,DBT,US,2026-02
US64972JC638,US64972JC638,64972JC63,New York City Transitional Finance Authority Future Tax Secured Revenue,,DBT,US,2026-02
US64972JC711,US64972JC711,64972JC71,New York City Transitional Finance Authority Future Tax Secured Revenue,,DBT,US,2026-02
US64972JC976,US64972JC976,64972JC97,New York City Transitional Finance Authority Future Tax Secured Revenue,,DBT,US,2026-02
US64972JD214,US64972JD214,64972JD21,New York City Transitional Finance Authority Future Tax Secured Revenue,,DBT,US,2026-02
US64972JD396,US64972JD396,64972JD39,New York City Transitional Finance Authority Future Tax Secured Revenue,,DBT,US,2026-02
US64989KLD62,US64989KLD62,64989KLD6,New York Power Authority,,DBT,US,2025-11
US64989KLE46,US64989KLE46,64989KLE4,New York Power Authority,,DBT,US,2025-11
US64989KLF11,US64989KLF11,64989KLF1,New York Power Authority,,DBT,US,2025-11
US64989KLG93,US64989KLG93,64989KLG9,New York Power Authority,,DBT,US,2025-11
US64989KLH76,US64989KLH76,64989KLH7,New York Power Authority,,DBT,US,2025-11
US64989KMD53,US64989KMD53,64989KMD5,New York Power Authority,,DBT,US,2025-11
US65000XAE04,US65000XAE04,65000XAE0,New York Power Authority,,DBT,US,2025-11
US65000XAJ90,US65000XAJ90,65000XAJ9,New York Power Authority,,DBT,US,2025-11
US65000XAP50,US65000XAP50,65000XAP5,New York Power Authority,,DBT,US,2025-11
US65000XAT72,US65000XAT72,65000XAT7,New York Power Authority,,DBT,US,2025-11
US65000XAW02,US65000XAW02,65000XAW0,New York Power Authority,,DBT,US,2025-11
US65000XAY67,US65000XAY67,65000XAY6,New York Power Authority,,DBT,US,2025-11
US649838FX24,US649838FX24,649838FX2,New York State Dormitory Authority,,DBT,US,2025-11
US64983XWB62,US64983XWB62,64983XWB6,New York State Dormitory Authority,,DBT,US,2025-11
US64983XWC46,US64983XWC46,64983XWC4,New York State Dormitory Authority,,DBT,US,2025-11
US64985SCY72,US64985SCY72,64985SCY7,New York State Dormitory Authority,,DBT,US,2025-11
US64985SCZ48,US64985SCZ48,64985SCZ4,New York State Dormitory Authority,,DBT,US,2025-11
US64985SDB60,US64985SDB60,64985SDB6,New York State Dormitory Authority,,DBT,US,2025-11
US64985SDG57,US64985SDG57,64985SDG5,New York State Dormitory Authority,,DBT,US,2025-11
US64985SDM26,US64985SDM26,64985SDM2,New York State Dormitory Authority,,DBT,US,2025-11
US64985SFK42,US64985SFK42,64985SFK4,New York State Dormitory Authority,,DBT,US,2025-11
US64985SFQ12,US64985SFQ12,64985SFQ1,New York State Dormitory Authority,,DBT,US,2025-11
US64985SFV07,US64985SFV07,64985SFV0,New York State Dormitory Authority,,DBT,US,2025-11
US64985SKC60,US64985SKC60,64985SKC6,New York State Dormitory Authority,,DBT,US,2025-11
US64985SKN26,US64985SKN26,64985SKN2,New York State Dormitory Authority,,DBT,US,2025-11
US649902AW39,US649902AW39,649902AW3,New York State Dormitory Authority,,DBT,US,2025-11
US649902AX12,US649902AX12,649902AX1,New York State Dormitory Authority,,DBT,US,2025-11
US649902AY94,US649902AY94,649902AY9,New York State Dormitory Authority,,DBT,US,2025-11
US64990AFA88,US64990AFA88,64990AFA8,New York State Dormitory Authority,,DBT,US,2025-11
US64990AFC45,US64990AFC45,64990AFC4,New York State Dormitory Authority,,DBT,US,2025-11
US64990AFG58,US64990AFG58,64990AFG5,New York State Dormitory Authority,,DBT,US,2025-11
US64990AGD19,US64990AGD19,64990AGD1,New York State Dormitory Authority,,DBT,US,2025-11
US64990AGF66,US64990AGF66,64990AGF6,New York State Dormitory Authority,,DBT,US,2025-11
US64990AGG40,US64990AGG40,64990AGG4,New York State Dormitory Authority,,DBT,US,2025-11
US64990AGH23,US64990AGH23,64990AGH2,New York State Dormitory Authority,,DBT,US,2025-11
US64990AGQ22,US64990AGQ22,64990AGQ2,New York State Dormitory Authority,,DBT,US,2025-11
US64990AGR05,US64990AGR05,64990AGR0,New York State Dormitory Authority,,DBT,US,2025-11
US64990AGS87,US64990AGS87,64990AGS8,New York State Dormitory Authority,,DBT,US,2025-11
US64990AHL26,US64990AHL26,64990AHL2,New York State Dormitory Authority,,DBT,US,2025-11
US64990AHM09,US64990AHM09,64990AHM0,New York State Dormitory Authority,,DBT,US,2025-11
US64990AHR95,US64990AHR95,64990AHR9,New York State Dormitory Authority,,DBT,US,2025-11
US64990AHW80,US64990AHW80,64990AHW8,New York State Dormitory Authority,,DBT,US,2025-11
US64990AHX63,US64990AHX63,64990AHX6,New York State Dormitory Authority,,DBT,US,2025-11
US64990AHZ12,US64990AHZ12,64990AHZ1,New York State Dormitory Authority,,DBT,US,2025-11
US64990AJC09,US64990AJC09,64990AJC0,New York State Dormitory Authority,,DBT,US,2025-11
US64990AJX46,US64990AJX46,64990AJX4,New York State Dormitory Authority,,DBT,US,2025-11
US64990AKD62,US64990AKD62,64990AKD6,New York State Dormitory Authority,,DBT,US,2025-11
US64990AML60,US64990AML60,64990AML6,New York State Dormitory Authority,,DBT,US,2025-11
US64990AMP74,US64990AMP74,64990AMP7,New York State Dormitory Authority,,DBT,US,2025-11
US64990AMR31,US64990AMR31,64990AMR3,New York State Dormitory Authority,,DBT,US,2025-11
US64990AMS14,US64990AMS14,64990AMS1,New York State Dormitory Authority,,DBT,US,2025-11
US64990APJ87,US64990APJ87,64990APJ8,New York State Dormitory Authority,,DBT,US,2025-11
US64990ASD80,US64990ASD80,64990ASD8,New York State Dormitory Authority,,DBT,US,2025-11
US64990ASH94,US64990ASH94,64990ASH9,New York State Dormitory Authority,,DBT,US,2025-11
US64990ASV88,US64990ASV88,64990ASV8,New York State Dormitory Authority,,DBT,US,2025-11
US64990AUD52,US64990AUD52,64990AUD5,New York State Dormitory Authority,,DBT,US,2025-11
US64990AUE36,US64990AUE36,64990AUE3,New York State Dormitory Authority,,DBT,US,2025-11
US64990AUF01,US64990AUF01,64990AUF0,New York State Dormitory Authority,,DBT,US,2025-11
US64990AUK95,US64990AUK95,64990AUK9,New York State Dormitory Authority,,DBT,US,2025-11
US64990AVU68,US64990AVU68,64990AVU6,New York State Dormitory Authority,,DBT,US,2025-11
US64990AWB78,US64990AWB78,64990AWB7,New York State Dormitory Authority,,DBT,US,2025-11
US64990AWV33,US64990AWV33,64990AWV3,New York State Dormitory Authority,,DBT,US,2025-11
US64990AWW16,US64990AWW16,64990AWW1,New York State Dormitory Authority,,DBT,US,2025-11
US64990AWX98,US64990AWX98,64990AWX9,New York State Dormitory Authority,,DBT,US,2025-11
US64990AXR12,US64990AXR12,64990AXR1,New York State Dormitory Authority,,DBT,US,2025-11
US64990AXS94,US64990AXS94,64990AXS9,New York State Dormitory Authority,,DBT,US,2025-11
US64990AXT77,US64990AXT77,64990AXT7,New York State Dormitory Authority,,DBT,US,2025-11
US64990AXU41,US64990AXU41,64990AXU4,New York State Dormitory Authority,,DBT,US,2025-11
US64990AXV24,US64990AXV24,64990AXV2,New York State Dormitory Authority,,DBT,US,2025-11
US64990AXW07,US64990AXW07,64990AXW0,New York State Dormitory Authority,,DBT,US,2025-11
US64990AYA77,US64990AYA77,64990AYA7,New York State Dormitory Authority,,DBT,US,2025-11
US64990AYB50,US64990AYB50,64990AYB5,New York State Dormitory Authority,,DBT,US,2025-11
US64990BZK24,US64990BZK24,64990BZK2,New York State Dormitory Authority,,DBT,US,2025-11
US64990BZL07,US64990BZL07,64990BZL0,New York State Dormitory Authority,,DBT,US,2025-11
US64990C6P15,US64990C6P15,64990C6P1,New York State Dormitory Authority,,DBT,US,2025-11
US64990C6Q97,US64990C6Q97,64990C6Q9,New York State Dormitory Authority,,DBT,US,2025-11
US64990C7Q88,US64990C7Q88,64990C7Q8,New York State Dormitory Authority,,DBT,US,2025-11
US64990C8M65,US64990C8M65,64990C8M6,New York State Dormitory Authority,,DBT,US,2025-11
US64990CB918,US64990CB918,64990CB91,New York State Dormitory Authority,,DBT,US,2025-11
US64990CC411,US64990CC411,64990CC41,New York State Dormitory Authority,,DBT,US,2025-11
US64990CDZ14,US64990CDZ14,64990CDZ1,New York State Dormitory Authority,,DBT,US,2025-11
US64990CEJ62,US64990CEJ62,64990CEJ6,New York State Dormitory Authority,,DBT,US,2025-11
US64990CEK36,US64990CEK36,64990CEK3,New York State Dormitory Authority,,DBT,US,2025-11
US64990CQE48,US64990CQE48,64990CQE4,New York State Dormitory Authority,,DBT,US,2025-11
US64990EW944,US64990EW944,64990EW94,New York State Dormitory Authority,,DBT,US,2025-11
US64990F2U72,US64990F2U72,64990F2U7,New York State Dormitory Authority,,DBT,US,2025-11
US64990F2Z69,US64990F2Z69,64990F2Z6,New York State Dormitory Authority,,DBT,US,2025-11
US64990F4C56,US64990F4C56,64990F4C5,New York State Dormitory Authority,,DBT,US,2025-11
US64990F4D30,US64990F4D30,64990F4D3,New York State Dormitory Authority,,DBT,US,2025-11
US64990F4F87,US64990F4F87,64990F4F8,New York State Dormitory Authority,,DBT,US,2025-11
US64990F4G60,US64990F4G60,64990F4G6,New York State Dormitory Authority,,DBT,US,2025-11
US64990F4M39,US64990F4M39,64990F4M3,New York State Dormitory Authority,,DBT,US,2025-11
US64990F4T81,US64990F4T81,64990F4T8,New York State Dormitory Authority,,DBT,US,2025-11
US64990F4U54,US64990F4U54,64990F4U5,New York State Dormitory Authority,,DBT,US,2025-11
US64990F6A72,US64990F6A72,64990F6A7,New York State Dormitory Authority,,DBT,US,2025-11
US64990F6B55,US64990F6B55,64990F6B5,New York State Dormitory Authority,,DBT,US,2025-11
US64990F6L38,US64990F6L38,64990F6L3,New York State Dormitory Authority,,DBT,US,2025-11
US64990F6N93,US64990F6N93,64990F6N9,New York State Dormitory Authority,,DBT,US,2025-11
US64990F6P42,US64990F6P42,64990F6P4,New York State Dormitory Authority,,DBT,US,2025-11
US64990F6Q25,US64990F6Q25,64990F6Q2,New York State Dormitory Authority,,DBT,US,2025-11
US64990F6R08,US64990F6R08,64990F6R0,New York State Dormitory Authority,,DBT,US,2025-11
US64990F6S80,US64990F6S80,64990F6S8,New York State Dormitory Authority,,DBT,US,2025-11
US64990F6T63,US64990F6T63,64990F6T6,New York State Dormitory Authority,,DBT,US,2025-11
US64990FA202,US64990FA202,64990FA20,New York State Dormitory Authority,,DBT,US,2025-11
US64990FA467,US64990FA467,64990FA46,New York State Dormitory Authority,,DBT,US,2025-11
US64990FAZ71,US64990FAZ71,64990FAZ7,New York State Dormitory Authority,,DBT,US,2025-11
US64990FFW95,US64990FFW95,64990FFW9,New York State Dormitory Authority,,DBT,US,2025-11
US64990FFX78,US64990FFX78,64990FFX7,New York State Dormitory Authority,,DBT,US,2025-11
US64990FFY51,US64990FFY51,64990FFY5,New York State Dormitory Authority,,DBT,US,2025-11
US64990FFZ27,US64990FFZ27,64990FFZ2,New York State Dormitory Authority,,DBT,US,2025-11
US64990FGA66,US64990FGA66,64990FGA6,New York State Dormitory Authority,,DBT,US,2025-11
US64990FGB40,US64990FGB40,64990FGB4,New York State Dormitory Authority,,DBT,US,2025-11
US64990FGD06,US64990FGD06,64990FGD0,New York State Dormitory Authority,,DBT,US,2025-11
US64990FGE88,US64990FGE88,64990FGE8,New York State Dormitory Authority,,DBT,US,2025-11
US64990FGF53,US64990FGF53,64990FGF5,New York State Dormitory Authority,,DBT,US,2025-11
US64990FGK49,US64990FGK49,64990FGK4,New York State Dormitory Authority,,DBT,US,2025-11
US64990FGM05,US64990FGM05,64990FGM0,New York State Dormitory Authority,,DBT,US,2025-11
US64990FHZ09,US64990FHZ09,64990FHZ0,New York State Dormitory Authority,,DBT,US,2025-11
US64990FJG00,US64990FJG00,64990FJG0,New York State Dormitory Authority,,DBT,US,2025-11
US64990FJJ49,US64990FJJ49,64990FJJ4,New York State Dormitory Authority,,DBT,US,2025-11
US64990FJK12,US64990FJK12,64990FJK1,New York State Dormitory Authority,,DBT,US,2025-11
US64990FJL94,US64990FJL94,64990FJL9,New York State Dormitory Authority,,DBT,US,2025-11
US64990FK375,US64990FK375,64990FK37,New York State Dormitory Authority,,DBT,US,2025-11
US64990FK524,US64990FK524,64990FK52,New York State Dormitory Authority,,DBT,US,2025-11
US64990FK789,US64990FK789,64990FK78,New York State Dormitory Authority,,DBT,US,2025-11
US64990FK946,US64990FK946,64990FK94,New York State Dormitory Authority,,DBT,US,2025-11
US64990FKL75,US64990FKL75,64990FKL7,New York State Dormitory Authority,,DBT,US,2025-11
US64990FKN32,US64990FKN32,64990FKN3,New York State Dormitory Authority,,DBT,US,2025-11
US64990FKR46,US64990FKR46,64990FKR4,New York State Dormitory Authority,,DBT,US,2025-11
US64990FKT02,US64990FKT02,64990FKT0,New York State Dormitory Authority,,DBT,US,2025-11
US64990FKU74,US64990FKU74,64990FKU7,New York State Dormitory Authority,,DBT,US,2025-11
US64990FKW31,US64990FKW31,64990FKW3,New York State Dormitory Authority,,DBT,US,2025-11
US64990FL365,US64990FL365,64990FL36,New York State Dormitory Authority,,DBT,US,2025-11
US64990FL449,US64990FL449,64990FL44,New York State Dormitory Authority,,DBT,US,2025-11
US64990FL696,US64990FL696,64990FL69,New York State Dormitory Authority,,DBT,US,2025-11
US64990FL779,US64990FL779,64990FL77,New York State Dormitory Authority,,DBT,US,2025-11
US64990FL852,US64990FL852,64990FL85,New York State Dormitory Authority,,DBT,US,2025-11
US64990FLD41,US64990FLD41,64990FLD4,New York State Dormitory Authority,,DBT,US,2025-11
US64990FLE24,US64990FLE24,64990FLE2,New York State Dormitory Authority,,DBT,US,2025-11
US64990FM272,US64990FM272,64990FM27,New York State Dormitory Authority,,DBT,US,2025-11
US64990FM504,US64990FM504,64990FM50,New York State Dormitory Authority,,DBT,US,2025-11
US64990FMD32,US64990FMD32,64990FMD3,New York State Dormitory Authority,,DBT,US,2025-11
US64990FNR19,US64990FNR19,64990FNR1,New York State Dormitory Authority,,DBT,US,2025-11
US64990FNZ35,US64990FNZ35,64990FNZ3,New York State Dormitory Authority,,DBT,US,2025-11
US64990FPG36,US64990FPG36,64990FPG3,New York State Dormitory Authority,,DBT,US,2025-11
US64990FPL21,US64990FPL21,64990FPL2,New York State Dormitory Authority,,DBT,US,2025-11
US64990FPM04,US64990FPM04,64990FPM0,New York State Dormitory Authority,,DBT,US,2025-11
US64990FPQ18,US64990FPQ18,64990FPQ1,New York State Dormitory Authority,,DBT,US,2025-11
US64990FPR90,US64990FPR90,64990FPR9,New York State Dormitory Authority,,DBT,US,2025-11
US64990FPS73,US64990FPS73,64990FPS7,New York State Dormitory Authority,,DBT,US,2025-11
US64990FPV03,US64990FPV03,64990FPV0,New York State Dormitory Authority,,DBT,US,2025-11
US64990FPX68,US64990FPX68,64990FPX6,New York State Dormitory Authority,,DBT,US,2025-11
US64990FUP79,US64990FUP79,64990FUP7,New York State Dormitory Authority,,DBT,US,2025-11
US64990FUR36,US64990FUR36,64990FUR3,New York State Dormitory Authority,,DBT,US,2025-11
US64990FV687,US64990FV687,64990FV68,New York State Dormitory Authority,,DBT,US,2025-11
US64990FV760,US64990FV760,64990FV76,New York State Dormitory Authority,,DBT,US,2025-11
US64990FV844,US64990FV844,64990FV84,New York State Dormitory Authority,,DBT,US,2025-11
US64990FW917,US64990FW917,64990FW91,New York State Dormitory Authority,,DBT,US,2025-11
US64990FWA82,US64990FWA82,64990FWA8,New York State Dormitory Authority,,DBT,US,2025-11
US64990FWP51,US64990FWP51,64990FWP5,New York State Dormitory Authority,,DBT,US,2025-11
US64990FX253,US64990FX253,64990FX25,New York State Dormitory Authority,,DBT,US,2025-11
US64990FX667,US64990FX667,64990FX66,New York State Dormitory Authority,,DBT,US,2025-11
US64990FXW93,US64990FXW93,64990FXW9,New York State Dormitory Authority,,DBT,US,2025-11
US64990FXX76,US64990FXX76,64990FXX7,New York State Dormitory Authority,,DBT,US,2025-11
US64990FXZ25,US64990FXZ25,64990FXZ2,New York State Dormitory Authority,,DBT,US,2025-11
US64990FYA64,US64990FYA64,64990FYA6,New York State Dormitory Authority,,DBT,US,2025-11
US64990FYB48,US64990FYB48,64990FYB4,New York State Dormitory Authority,,DBT,US,2025-11
US64990FYC21,US64990FYC21,64990FYC2,New York State Dormitory Authority,,DBT,US,2025-11
US64990FYE86,US64990FYE86,64990FYE8,New York State Dormitory Authority,,DBT,US,2025-11
US64990FYF51,US64990FYF51,64990FYF5,New York State Dormitory Authority,,DBT,US,2026-02
US64990FYG35,US64990FYG35,64990FYG3,New York State Dormitory Authority,,DBT,US,2026-02
US64990FYJ73,US64990FYJ73,64990FYJ7,New York State Dormitory Authority,,DBT,US,2025-11
US64990FYK47,US64990FYK47,64990FYK4,New York State Dormitory Authority,,DBT,US,2025-11
US64990FYM03,US64990FYM03,64990FYM0,New York State Dormitory Authority,,DBT,US,2025-11
US64990FYP34,US64990FYP34,64990FYP3,New York State Dormitory Authority,,DBT,US,2025-11
US64990FZJ64,US64990FZJ64,64990FZJ6,New York State Dormitory Authority,,DBT,US,2025-11
US64990FZQ08,US64990FZQ08,64990FZQ0,New York State Dormitory Authority,,DBT,US,2025-11
US64990FZR80,US64990FZR80,64990FZR8,New York State Dormitory Authority,,DBT,US,2025-11
US64990FZW75,US64990FZW75,64990FZW7,New York State Dormitory Authority,,DBT,US,2025-11
US64990FZY32,US64990FZY32,64990FZY3,New York State Dormitory Authority,,DBT,US,2025-11
US64990FZZ07,US64990FZZ07,64990FZZ0,New York State Dormitory Authority,,DBT,US,2025-11
US64990GA853,US64990GA853,64990GA85,New York State Dormitory Authority,,DBT,US,2025-11
US64990GB430,US64990GB430,64990GB43,New York State Dormitory Authority,,DBT,US,2025-11
US64990GB505,US64990GB505,64990GB50,New York State Dormitory Authority,,DBT,US,2025-11
US64990GJR48,US64990GJR48,64990GJR4,New York State Dormitory Authority,,DBT,US,2025-11
US64990GJS21,US64990GJS21,64990GJS2,New York State Dormitory Authority,,DBT,US,2025-11
US64990GJT04,US64990GJT04,64990GJT0,New York State Dormitory Authority,,DBT,US,2025-11
US64990GNM05,US64990GNM05,64990GNM0,New York State Dormitory Authority,,DBT,US,2025-11
US64990GTN24,US64990GTN24,64990GTN2,New York State Dormitory Authority,,DBT,US,2025-11
US64990GVH28,US64990GVH28,64990GVH2,New York State Dormitory Authority,,DBT,US,2025-11
US64990GVJ83,US64990GVJ83,64990GVJ8,New York State Dormitory Authority,,DBT,US,2025-11
US64990GXZ08,US64990GXZ08,64990GXZ0,New York State Dormitory Authority,,DBT,US,2025-11
US64990JAA43,US64990JAA43,64990JAA4,New York State Dormitory Authority,,DBT,US,2025-11
US64990KAQ67,US64990KAQ67,64990KAQ6,New York State Dormitory Authority,,DBT,US,2025-11
US64990KBA07,US64990KBA07,64990KBA0,New York State Dormitory Authority,,DBT,US,2025-11
US64990KBT97,US64990KBT97,64990KBT9,New York State Dormitory Authority,,DBT,US,2025-11
US64990KDJ97,US64990KDJ97,64990KDJ9,New York State Dormitory Authority,,DBT,US,2025-11
US64990KDP57,US64990KDP57,64990KDP5,New York State Dormitory Authority,,DBT,US,2025-11
US64990KDQ31,US64990KDQ31,64990KDQ3,New York State Dormitory Authority,,DBT,US,2025-11
US64990KEE91,US64990KEE91,64990KEE9,New York State Dormitory Authority,,DBT,US,2025-11
US64990KFQ13,US64990KFQ13,64990KFQ1,New York State Dormitory Authority,,DBT,US,2025-11
US64990KFR95,US64990KFR95,64990KFR9,New York State Dormitory Authority,,DBT,US,2025-11
US64990KFS78,US64990KFS78,64990KFS7,New York State Dormitory Authority,,DBT,US,2025-11
US64990KFT51,US64990KFT51,64990KFT5,New York State Dormitory Authority,,DBT,US,2025-11
US64990KFX63,US64990KFX63,64990KFX6,New York State Dormitory Authority,,DBT,US,2025-11
US64990KGD90,US64990KGD90,64990KGD9,New York State Dormitory Authority,,DBT,US,2025-11
US64990KGE73,US64990KGE73,64990KGE7,New York State Dormitory Authority,,DBT,US,2025-11
US64990KGW71,US64990KGW71,64990KGW7,New York State Dormitory Authority,,DBT,US,2025-11
US64990KHB26,US64990KHB26,64990KHB2,New York State Dormitory Authority,,DBT,US,2025-11
US64990KHF30,US64990KHF30,64990KHF3,New York State Dormitory Authority,,DBT,US,2025-11
US64990KHG13,US64990KHG13,64990KHG1,New York State Dormitory Authority,,DBT,US,2025-11
US64990KHH95,US64990KHH95,64990KHH9,New York State Dormitory Authority,,DBT,US,2025-11
US64990KHJ51,US64990KHJ51,64990KHJ5,New York State Dormitory Authority,,DBT,US,2025-11
US64990KHK25,US64990KHK25,64990KHK2,New York State Dormitory Authority,,DBT,US,2025-11
US64990KHL08,US64990KHL08,64990KHL0,New York State Dormitory Authority,,DBT,US,2025-11
US64990KHM80,US64990KHM80,64990KHM8,New York State Dormitory Authority,,DBT,US,2025-11
US64990KHQ94,US64990KHQ94,64990KHQ9,New York State Dormitory Authority,,DBT,US,2025-11
US64990KHT34,US64990KHT34,64990KHT3,New York State Dormitory Authority,,DBT,US,2025-11
US64990KHU07,US64990KHU07,64990KHU0,New York State Dormitory Authority,,DBT,US,2025-11
US64990KHV89,US64990KHV89,64990KHV8,New York State Dormitory Authority,,DBT,US,2025-11
US64990KHX46,US64990KHX46,64990KHX4,New York State Dormitory Authority,,DBT,US,2025-11
US64990KHY29,US64990KHY29,64990KHY2,New York State Dormitory Authority,,DBT,US,2025-11
US64990KJA25,US64990KJA25,64990KJA2,New York State Dormitory Authority,,DBT,US,2025-11
US64990KJC80,US64990KJC80,64990KJC8,New York State Dormitory Authority,,DBT,US,2025-11
US64990KJD63,US64990KJD63,64990KJD6,New York State Dormitory Authority,,DBT,US,2025-11
US64990KJE47,US64990KJE47,64990KJE4,New York State Dormitory Authority,,DBT,US,2025-11
US64990KJM62,US64990KJM62,64990KJM6,New York State Dormitory Authority,,DBT,US,2026-02
US64990KJN46,US64990KJN46,64990KJN4,New York State Dormitory Authority,,DBT,US,2026-02
US65000BDH87,US65000BDH87,65000BDH8,New York State Dormitory Authority,,DBT,US,2025-11
US65000BDJ44,US65000BDJ44,65000BDJ4,New York State Dormitory Authority,,DBT,US,2025-11
US65000BDK17,US65000BDK17,65000BDK1,New York State Dormitory Authority,,DBT,US,2025-11
US65000BDL99,US65000BDL99,65000BDL9,New York State Dormitory Authority,,DBT,US,2025-11
US65000BDM72,US65000BDM72,65000BDM7,New York State Dormitory Authority,,DBT,US,2025-11
US65000BJW90,US65000BJW90,65000BJW9,New York State Dormitory Authority,,DBT,US,2025-11
US65000BJX73,US65000BJX73,65000BJX7,New York State Dormitory Authority,,DBT,US,2025-11
US65000BLP12,US65000BLP12,65000BLP1,New York State Dormitory Authority,,DBT,US,2025-11
US65000BN953,US65000BN953,65000BN95,New York State Dormitory Authority,,DBT,US,2025-11
US65000BNW45,US65000BNW45,65000BNW4,New York State Dormitory Authority,,DBT,US,2025-11
US65000BW384,US65000BW384,65000BW38,New York State Dormitory Authority,,DBT,US,2025-11
US65000BX861,US65000BX861,65000BX86,New York State Dormitory Authority,,DBT,US,2025-11
US65000BX945,US65000BX945,65000BX94,New York State Dormitory Authority,,DBT,US,2025-11
US65000BY281,US65000BY281,65000BY28,New York State Dormitory Authority,,DBT,US,2025-11
US64985HG841,US64985HG841,64985HG84,New York State Environmental Facilities Corp.,,DBT,US,2025-11
US64985HR582,US64985HR582,64985HR58,New York State Environmental Facilities Corp.,,DBT,US,2025-11
US64986DAQ88,US64986DAQ88,64986DAQ8,New York State Environmental Facilities Corp.,,DBT,US,2025-11
US64986DAW56,US64986DAW56,64986DAW5,New York State Environmental Facilities Corp.,,DBT,US,2025-11
US64986DBN49,US64986DBN49,64986DBN4,New York State Environmental Facilities Corp.,,DBT,US,2025-11
US64986DBP96,US64986DBP96,64986DBP9,New York State Environmental Facilities Corp.,,DBT,US,2025-11
US64986DDY85,US64986DDY85,64986DDY8,New York State Environmental Facilities Corp.,,DBT,US,2025-11
US64986DFS99,US64986DFS99,64986DFS9,New York State Environmental Facilities Corp.,,DBT,US,2025-11
US64986DFT72,US64986DFT72,64986DFT7,New York State Environmental Facilities Corp.,,DBT,US,2025-11
US64986DHT54,US64986DHT54,64986DHT5,New York State Environmental Facilities Corp.,,DBT,US,2025-11
US64986DHU28,US64986DHU28,64986DHU2,New York State Environmental Facilities Corp.,,DBT,US,2025-11
US64986DJS53,US64986DJS53,64986DJS5,New York State Environmental Facilities Corp.,,DBT,US,2025-11
US64986DMJ18,US64986DMJ18,64986DMJ1,New York State Environmental Facilities Corp.,,DBT,US,2025-11
US64986DNZ41,US64986DNZ41,64986DNZ4,New York State Environmental Facilities Corp.,,DBT,US,2025-11
US64986DPA71,US64986DPA71,64986DPA7,New York State Environmental Facilities Corp.,,DBT,US,2025-11
US64986DPJ80,US64986DPJ80,64986DPJ8,New York State Environmental Facilities Corp.,,DBT,US,2025-11
US64986DPK53,US64986DPK53,64986DPK5,New York State Environmental Facilities Corp.,,DBT,US,2025-11
US64986DQN83,US64986DQN83,64986DQN8,New York State Environmental Facilities Corp.,,DBT,US,2026-02
US64986DQV00,US64986DQV00,64986DQV0,New York State Environmental Facilities Corp.,,DBT,US,2026-02
US64986DQW82,US64986DQW82,64986DQW8,New York State Environmental Facilities Corp.,,DBT,US,2026-02
US6500092H50,US6500092H50,6500092H5,New York State Thruway Authority,,DBT,US,2025-11
US6500092N29,US6500092N29,6500092N2,New York State Thruway Authority,,DBT,US,2025-11
US6500092Q59,US6500092Q59,6500092Q5,New York State Thruway Authority,,DBT,US,2025-11
US650009Q221,US650009Q221,650009Q22,New York State Thruway Authority,,DBT,US,2025-11
US650009Q551,US650009Q551,650009Q55,New York State Thruway Authority,,DBT,US,2025-11
US650009U355,US650009U355,650009U35,New York State Thruway Authority,,DBT,US,2025-11
US650009U504,US650009U504,650009U50,New York State Thruway Authority,,DBT,US,2025-11
US650009U769,US650009U769,650009U76,New York State Thruway Authority,,DBT,US,2025-11
US650009U926,US650009U926,650009U92,New York State Thruway Authority,,DBT,US,2025-11
US650009X573,US650009X573,650009X57,New York State Thruway Authority,,DBT,US,2025-11
US650010AY75,US650010AY75,650010AY7,New York State Thruway Authority,,DBT,US,2025-11
US650010BB63,US650010BB63,650010BB6,New York State Thruway Authority,,DBT,US,2025-11
US650010BC47,US650010BC47,650010BC4,New York State Thruway Authority,,DBT,US,2025-11
US650010BD20,US650010BD20,650010BD2,New York State Thruway Authority,,DBT,US,2025-11
US650010BY66,US650010BY66,650010BY6,New York State Thruway Authority,,DBT,US,2025-11
US650010BZ32,US650010BZ32,650010BZ3,New York State Thruway Authority,,DBT,US,2025-11
US650010CA71,US650010CA71,650010CA7,New York State Thruway Authority,,DBT,US,2025-11
US650010CB54,US650010CB54,650010CB5,New York State Thruway Authority,,DBT,US,2025-11
US650010CC38,US650010CC38,650010CC3,New York State Thruway Authority,,DBT,US,2025-11
US650010CD11,US650010CD11,650010CD1,New York State Thruway Authority,,DBT,US,2025-11
US650010CE93,US650010CE93,650010CE9,New York State Thruway Authority,,DBT,US,2025-11
US650010CJ80,US650010CJ80,650010CJ8,New York State Thruway Authority,,DBT,US,2025-11
US650010CK53,US650010CK53,650010CK5,New York State Thruway Authority,,DBT,US,2025-11
US650010CL37,US650010CL37,650010CL3,New York State Thruway Authority,,DBT,US,2025-11
US650010CN92,US650010CN92,650010CN9,New York State Thruway Authority,,DBT,US,2025-11
US650010DC29,US650010DC29,650010DC2,New York State Thruway Authority,,DBT,US,2026-02
US650010DJ71,US650010DJ71,650010DJ7,New York State Thruway Authority,,DBT,US,2026-02
US650010DK45,US650010DK45,650010DK4,New York State Thruway Authority,,DBT,US,2026-02
US650010DM01,US650010DM01,650010DM0,New York State Thruway Authority,,DBT,US,2026-02
US650010DN83,US650010DN83,650010DN8,New York State Thruway Authority,,DBT,US,2026-02
US650010DP32,US650010DP32,650010DP3,New York State Thruway Authority,,DBT,US,2026-02
US650010DQ15,US650010DQ15,650010DQ1,New York State Thruway Authority,,DBT,US,2026-02
US650010DR97,US650010DR97,650010DR9,New York State Thruway Authority,,DBT,US,2026-02
US650010DX65,US650010DX65,650010DX6,New York State Thruway Authority,,DBT,US,2026-02
US650010DY49,US650010DY49,650010DY4,New York State Thruway Authority,,DBT,US,2026-02
US650028A944,US650028A944,650028A94,New York State Thruway Authority,,DBT,US,2025-11
US650028C270,US650028C270,650028C27,New York State Thruway Authority,,DBT,US,2025-11
US650028D427,US650028D427,650028D42,New York State Thruway Authority,,DBT,US,2025-11
US650028D757,US650028D757,650028D75,New York State Thruway Authority,,DBT,US,2025-11
US650028D831,US650028D831,650028D83,New York State Thruway Authority,,DBT,US,2025-11
US650028WL33,US650028WL33,650028WL3,New York State Thruway Authority,,DBT,US,2025-11
US650028WP47,US650028WP47,650028WP4,New York State Thruway Authority,,DBT,US,2025-11
US650028XB42,US650028XB42,650028XB4,New York State Thruway Authority,,DBT,US,2025-11
US650028XF55,US650028XF55,650028XF5,New York State Thruway Authority,,DBT,US,2025-11
US650028XG39,US650028XG39,650028XG3,New York State Thruway Authority,,DBT,US,2025-11
US650028XL24,US650028XL24,650028XL2,New York State Thruway Authority,,DBT,US,2025-11
US650028YE71,US650028YE71,650028YE7,New York State Thruway Authority,,DBT,US,2025-11
US650028YG20,US650028YG20,650028YG2,New York State Thruway Authority,,DBT,US,2025-11
US650028YH03,US650028YH03,650028YH0,New York State Thruway Authority,,DBT,US,2025-11
US650028YK32,US650028YK32,650028YK3,New York State Thruway Authority,,DBT,US,2026-02
US650028YW79,US650028YW79,650028YW7,New York State Thruway Authority,,DBT,US,2025-11
US650028ZA41,US650028ZA41,650028ZA4,New York State Thruway Authority,,DBT,US,2025-11
US650028ZB24,US650028ZB24,650028ZB2,New York State Thruway Authority,,DBT,US,2025-11
US650028ZN61,US650028ZN61,650028ZN6,New York State Thruway Authority,,DBT,US,2025-11
US650028ZP10,US650028ZP10,650028ZP1,New York State Thruway Authority,,DBT,US,2025-11
US650028ZR75,US650028ZR75,650028ZR7,New York State Thruway Authority,,DBT,US,2025-11
US650028ZU05,US650028ZU05,650028ZU0,New York State Thruway Authority,,DBT,US,2025-11
US652113WL19,US652113WL19,652113WL1,Newport Mesa Unified School District,,DBT,US,2025-11
US652113WM91,US652113WM91,652113WM9,Newport Mesa Unified School District,,DBT,US,2025-11
US652113WN74,US652113WN74,652113WN7,Newport Mesa Unified School District,,DBT,US,2025-11
US652113WT45,US652113WT45,652113WT4,Newport Mesa Unified School District,,DBT,US,2025-11
US652113XG15,US652113XG15,652113XG1,Newport Mesa Unified School District,,DBT,US,2025-11
US652113XH97,US652113XH97,652113XH9,Newport Mesa Unified School District,,DBT,US,2025-11
US652113XJ53,US652113XJ53,652113XJ5,Newport Mesa Unified School District,,DBT,US,2025-11
US798136WT07,US798136WT07,798136WT0,Norman Y Mineta San Jose International Airport SJC,,DBT,US,2025-11
US65819GLA49,US65819GLA49,65819GLA4,North Carolina Capital Facilities Finance Agency,,DBT,US,2025-11
US658203W915,US658203W915,658203W91,North Carolina Municipal Power Agency No. 1,,DBT,US,2025-11
US658203X251,US658203X251,658203X25,North Carolina Municipal Power Agency No. 1,,DBT,US,2025-11
US658203X335,US658203X335,658203X33,North Carolina Municipal Power Agency No. 1,,DBT,US,2025-11
US658289H550,US658289H550,658289H55,North Carolina State University at Raleigh,,DBT,US,2025-11
US65830RBK41,US65830RBK41,65830RBK4,North Carolina Turnpike Authority,,DBT,US,2025-11
US65830RCK32,US65830RCK32,65830RCK3,North Carolina Turnpike Authority,,DBT,US,2025-11
US65830RCL15,US65830RCL15,65830RCL1,North Carolina Turnpike Authority,,DBT,US,2025-11
US65830RCP29,US65830RCP29,65830RCP2,North Carolina Turnpike Authority,,DBT,US,2025-11
US65830RCQ02,US65830RCQ02,65830RCQ0,North Carolina Turnpike Authority,,DBT,US,2025-11
US65830RCR84,US65830RCR84,65830RCR8,North Carolina Turnpike Authority,,DBT,US,2025-11
US65830RCT41,US65830RCT41,65830RCT4,North Carolina Turnpike Authority,,DBT,US,2025-11
US65830RCU14,US65830RCU14,65830RCU1,North Carolina Turnpike Authority,,DBT,US,2025-11
US65830RCZ01,US65830RCZ01,65830RCZ0,North Carolina Turnpike Authority,,DBT,US,2025-11
US65830RDA41,US65830RDA41,65830RDA4,North Carolina Turnpike Authority,,DBT,US,2025-11
US65830VAF76,US65830VAF76,65830VAF7,North Carolina Turnpike Authority,,DBT,US,2025-11
US65830VAM28,US65830VAM28,65830VAM2,North Carolina Turnpike Authority,,DBT,US,2025-11
US65830VAS97,US65830VAS97,65830VAS9,North Carolina Turnpike Authority,,DBT,US,2025-11
US6591542X55,US6591542X55,6591542X5,North East Independent School District,,DBT,US,2025-11
US661334FT40,US661334FT40,661334FT4,North Orange County Community College District,,DBT,US,2025-11
US662842TX17,US662842TX17,662842TX1,North Texas Municipal Water District Upper East Fork Wastewater Interceptor System,,DBT,US,2025-11
US662903C270,US662903C270,662903C27,North Texas Municipal Water District Water System,,DBT,US,2025-11
US662903C353,US662903C353,662903C35,North Texas Municipal Water District Water System,,DBT,US,2025-11
US662903C437,US662903C437,662903C43,North Texas Municipal Water District Water System,,DBT,US,2025-11
US662903G727,US662903G727,662903G72,North Texas Municipal Water District Water System,,DBT,US,2025-11
US662903G800,US662903G800,662903G80,North Texas Municipal Water District Water System,,DBT,US,2025-11
US662903H485,US662903H485,662903H48,North Texas Municipal Water District Water System,,DBT,US,2025-11
US662903H550,US662903H550,662903H55,North Texas Municipal Water District Water System,,DBT,US,2025-11
US662903H972,US662903H972,662903H97,North Texas Municipal Water District Water System,,DBT,US,2025-11
US662903J382,US662903J382,662903J38,North Texas Municipal Water District Water System,,DBT,US,2025-11
US662903J614,US662903J614,662903J61,North Texas Municipal Water District Water System,,DBT,US,2025-11
US662903RR62,US662903RR62,662903RR6,North Texas Municipal Water District Water System,,DBT,US,2025-11
US66285WBW55,US66285WBW55,66285WBW5,North Texas Tollway Authority,,DBT,US,2025-11
US66285WBY12,US66285WBY12,66285WBY1,North Texas Tollway Authority,,DBT,US,2025-11
US66285WBZ86,US66285WBZ86,66285WBZ8,North Texas Tollway Authority,,DBT,US,2025-11
US66285WCA27,US66285WCA27,66285WCA2,North Texas Tollway Authority,,DBT,US,2025-11
US66285WCB00,US66285WCB00,66285WCB0,North Texas Tollway Authority,,DBT,US,2025-11
US66285WCC82,US66285WCC82,66285WCC8,North Texas Tollway Authority,,DBT,US,2025-11
US66285WCD65,US66285WCD65,66285WCD6,North Texas Tollway Authority,,DBT,US,2025-11
US66285WF688,US66285WF688,66285WF68,North Texas Tollway Authority,,DBT,US,2025-11
US66285WF845,US66285WF845,66285WF84,North Texas Tollway Authority,,DBT,US,2026-02
US66285WG421,US66285WG421,66285WG42,North Texas Tollway Authority,,DBT,US,2025-11
US66285WG595,US66285WG595,66285WG59,North Texas Tollway Authority,,DBT,US,2025-11
US66285WG678,US66285WG678,66285WG67,North Texas Tollway Authority,,DBT,US,2025-11
US66285WHD11,US66285WHD11,66285WHD1,North Texas Tollway Authority,,DBT,US,2025-11
US66285WHE93,US66285WHE93,66285WHE9,North Texas Tollway Authority,,DBT,US,2025-11
US66285WHF68,US66285WHF68,66285WHF6,North Texas Tollway Authority,,DBT,US,2025-11
US66285WHG42,US66285WHG42,66285WHG4,North Texas Tollway Authority,,DBT,US,2025-11
US66285WK472,US66285WK472,66285WK47,North Texas Tollway Authority,,DBT,US,2025-11
US66285WL611,US66285WL611,66285WL61,North Texas Tollway Authority,,DBT,US,2025-11
US66285WM528,US66285WM528,66285WM52,North Texas Tollway Authority,,DBT,US,2025-11
US66285WP679,US66285WP679,66285WP67,North Texas Tollway Authority,,DBT,US,2025-11
US66285WQ412,US66285WQ412,66285WQ41,North Texas Tollway Authority,,DBT,US,2025-11
US66285WQ586,US66285WQ586,66285WQ58,North Texas Tollway Authority,,DBT,US,2025-11
US66285WQ743,US66285WQ743,66285WQ74,North Texas Tollway Authority,,DBT,US,2025-11
US66285WR329,US66285WR329,66285WR32,North Texas Tollway Authority,,DBT,US,2025-11
US66285WR402,US66285WR402,66285WR40,North Texas Tollway Authority,,DBT,US,2025-11
US66285WR659,US66285WR659,66285WR65,North Texas Tollway Authority,,DBT,US,2025-11
US66285WR733,US66285WR733,66285WR73,North Texas Tollway Authority,,DBT,US,2025-11
US66285WS319,US66285WS319,66285WS31,North Texas Tollway Authority,,DBT,US,2025-11
US66285WS566,US66285WS566,66285WS56,North Texas Tollway Authority,,DBT,US,2025-11
US66285WS640,US66285WS640,66285WS64,North Texas Tollway Authority,,DBT,US,2025-11
US66285WS723,US66285WS723,66285WS72,North Texas Tollway Authority,,DBT,US,2025-11
US66285WSG23,US66285WSG23,66285WSG2,North Texas Tollway Authority,,DBT,US,2025-11
US66285WSJ61,US66285WSJ61,66285WSJ6,North Texas Tollway Authority,,DBT,US,2025-11
US66285WSR87,US66285WSR87,66285WSR8,North Texas Tollway Authority,,DBT,US,2025-11
US66285WT226,US66285WT226,66285WT22,North Texas Tollway Authority,,DBT,US,2025-11
US66285WU794,US66285WU794,66285WU79,North Texas Tollway Authority,,DBT,US,2025-11
US66285WUY01,US66285WUY01,66285WUY0,North Texas Tollway Authority,,DBT,US,2025-11
US66285WV529,US66285WV529,66285WV52,North Texas Tollway Authority,,DBT,US,2025-11
US66285WVR41,US66285WVR41,66285WVR4,North Texas Tollway Authority,,DBT,US,2025-11
US66285WVS24,US66285WVS24,66285WVS2,North Texas Tollway Authority,,DBT,US,2025-11
US66285WVW36,US66285WVW36,66285WVW3,North Texas Tollway Authority,,DBT,US,2025-11
US66285WVX19,US66285WVX19,66285WVX1,North Texas Tollway Authority,,DBT,US,2025-11
US66285WW691,US66285WW691,66285WW69,North Texas Tollway Authority,,DBT,US,2026-02
US66285WW857,US66285WW857,66285WW85,North Texas Tollway Authority,,DBT,US,2026-02
US66285WWB89,US66285WWB89,66285WWB8,North Texas Tollway Authority,,DBT,US,2025-11
US66285WWC62,US66285WWC62,66285WWC6,North Texas Tollway Authority,,DBT,US,2025-11
US66285WWD46,US66285WWD46,66285WWD4,North Texas Tollway Authority,,DBT,US,2025-11
US66285WWH59,US66285WWH59,66285WWH5,North Texas Tollway Authority,,DBT,US,2025-11
US66285WWJ16,US66285WWJ16,66285WWJ1,North Texas Tollway Authority,,DBT,US,2025-11
US66285WWK88,US66285WWK88,66285WWK8,North Texas Tollway Authority,,DBT,US,2025-11
US66285WWL61,US66285WWL61,66285WWL6,North Texas Tollway Authority,,DBT,US,2025-11
US66285WXB70,US66285WXB70,66285WXB7,North Texas Tollway Authority,,DBT,US,2025-11
US66285WXM36,US66285WXM36,66285WXM3,North Texas Tollway Authority,,DBT,US,2025-11
US66285WXN19,US66285WXN19,66285WXN1,North Texas Tollway Authority,,DBT,US,2025-11
US66285WXZ49,US66285WXZ49,66285WXZ4,North Texas Tollway Authority,,DBT,US,2025-11
US66285WYY64,US66285WYY64,66285WYY6,North Texas Tollway Authority,,DBT,US,2025-11
US66285WYZ30,US66285WYZ30,66285WYZ3,North Texas Tollway Authority,,DBT,US,2025-11
US66285WZA79,US66285WZA79,66285WZA7,North Texas Tollway Authority,,DBT,US,2025-11
US66285WZC36,US66285WZC36,66285WZC3,North Texas Tollway Authority,,DBT,US,2025-11
US66285WZH23,US66285WZH23,66285WZH2,North Texas Tollway Authority,,DBT,US,2025-11
US66285WZJ88,US66285WZJ88,66285WZJ8,North Texas Tollway Authority,,DBT,US,2025-11
US66285WZK51,US66285WZK51,66285WZK5,North Texas Tollway Authority,,DBT,US,2025-11
US66285WZL35,US66285WZL35,66285WZL3,North Texas Tollway Authority,,DBT,US,2025-11
US66285WZT60,US66285WZT60,66285WZT6,North Texas Tollway Authority,,DBT,US,2025-11
US663507DH19,US663507DH19,663507DH1,Northampton County General Purpose Authority,,DBT,US,2025-11
US663903HW57,US663903HW57,663903HW5,Northeast Ohio Regional Sewer District,,DBT,US,2025-11
US663903LA81,US663903LA81,663903LA8,Northeast Ohio Regional Sewer District,,DBT,US,2025-11
US663903LB64,US663903LB64,663903LB6,Northeast Ohio Regional Sewer District,,DBT,US,2025-11
US663903LC48,US663903LC48,663903LC4,Northeast Ohio Regional Sewer District,,DBT,US,2025-11
US66484EAP07,US66484EAP07,66484EAP0,Northern California Sanitation Agencies Financing Authority,,DBT,US,2025-11
US786134VZ64,US786134VZ64,786134VZ6,Northern California Sanitation Agencies Financing Authority,,DBT,US,2025-11
US786134WA05,US786134WA05,786134WA0,Northern California Sanitation Agencies Financing Authority,,DBT,US,2025-11
US786134WQ56,US786134WQ56,786134WQ5,Northern California Sanitation Agencies Financing Authority,,DBT,US,2025-11
US786134WS13,US786134WS13,786134WS1,Northern California Sanitation Agencies Financing Authority,,DBT,US,2025-11
US786134WT95,US786134WT95,786134WT9,Northern California Sanitation Agencies Financing Authority,,DBT,US,2025-11
US786134WW25,US786134WW25,786134WW2,Northern California Sanitation Agencies Financing Authority,,DBT,US,2025-11
US66604PAW59,US66604PAW59,66604PAW5,Northern Virginia Transportation Commission,,DBT,US,2025-11
US667826EK34,US667826EK34,667826EK3,Northwest Independent School District,,DBT,US,2025-11
US667826GJ43,US667826GJ43,667826GJ4,Northwest Independent School District,,DBT,US,2025-11
US667826HG94,US667826HG94,667826HG9,Northwest Independent School District,,DBT,US,2025-11
US67124CAA18,US67124CAA18,67124CAA1,OAK-EAGLE ACQUIRECO INC,,DBT,US,2026-03
US67124CAB90,US67124CAB90,67124CAB9,OAK-EAGLE ACQUIRECO INC,,DBT,US,2026-03
US67403AAB52,US67403AAB52,67403AAB5,OAKTREE STRATEGIC CREDIT,,DBT,US,2026-03
US675383JT12,US675383JT12,675383JT1,OCEANSIDE CA UNIF SCH DIST,,DBT,US,2026-02
US677347CJ38,US677347CJ38,677347CJ3,OHIO EDISON CO,,DBT,US,2026-01
US677523LL47,US677523LL47,677523LL4,OHIO ST,,DBT,US,2026-01
US67756DBD75,US67756DBD75,67756DBD7,OHIO ST HGR EDUCTNL FAC COMMIS,,DBT,US,2026-01
US67766WQ212,US67766WQ212,67766WQ21,OHIO ST WTR DEV AUTH WTR POLLC,,DBT,US,2026-01
US681639AA87,US681639AA87,681639AA8,OLYMPUS WTR US HLDG CORP,,DBT,US,2026-01
US681639AB60,US681639AB60,681639AB6,OLYMPUS WTR US HLDG CORP,,DBT,US,2026-01
US681639AD27,US681639AD27,681639AD2,OLYMPUS WTR US HLDG CORP,,DBT,US,2026-01
US681639AE00,US681639AE00,681639AE0,OLYMPUS WTR US HLDG CORP,,DBT,US,2026-01
US6817122Z76,US6817122Z76,6817122Z7,OMAHA NE,,DBT,US,2026-02
US682001GZ98,US682001GZ98,682001GZ9,OMAHA NE PUBLIC PWR DIST ELEC,,DBT,US,2026-02
US68217FAA03,US68217FAA03,68217FAA0,OMNICOM GP/OMNICOM CAP,,DBT,US,2026-01
US682691AA80,US682691AA80,682691AA8,ONEMAIN FINANCE CORP,,DBT,US,2026-01
US682691AB63,US682691AB63,682691AB6,ONEMAIN FINANCE CORP,,DBT,US,2026-01
US682691AC47,US682691AC47,682691AC4,ONEMAIN FINANCE CORP,,DBT,US,2026-01
US682691AE03,US682691AE03,682691AE0,ONEMAIN FINANCE CORP,,DBT,US,2026-01
US682691AF77,US682691AF77,682691AF7,ONEMAIN FINANCE CORP,,DBT,US,2026-01
US682691AG50,US682691AG50,682691AG5,ONEMAIN FINANCE CORP,,DBT,US,2026-02
US682691AH34,US682691AH34,682691AH3,ONEMAIN FINANCE CORP,,DBT,US,2026-01
US682691AJ99,US682691AJ99,682691AJ9,ONEMAIN FINANCE CORP,,DBT,US,2026-01
US682691AK62,US682691AK62,682691AK6,ONEMAIN FINANCE CORP,,DBT,US,2026-02
US682691AL46,US682691AL46,682691AL4,ONEMAIN FINANCE CORP,,DBT,US,2026-01
US682691AM29,US682691AM29,682691AM2,ONEMAIN FINANCE CORP,,DBT,US,2026-02
US682691AN02,US682691AN02,682691AN0,ONEMAIN FINANCE CORP,,DBT,US,2026-02
US68278CAA36,US68278CAA36,68278CAA3,ONESKY FLIGHT LLC,,DBT,US,2026-01
US68450LJL09,US68450LJL09,68450LJL0,ORANGE CNTY FL HLTH FACS AUTH,,DBT,US,2026-01
US68609UPC35,US68609UPC35,68609UPC3,OREGON ST,,DBT,US,2026-01
US686087Y849,US686087Y849,686087Y84,OREGON ST HSG & CMNTY SVCS DEP,,DBT,US,2026-01
US68622FAA93,US68622FAA93,68622FAA9,ORGANON & CO/ORGANON FOR,,DBT,US,2026-02
US68622FAB76,US68622FAB76,68622FAB7,ORGANON & CO/ORGANON FOR,,DBT,US,2026-02
US687785AB10,US687785AB10,687785AB1,OSCAR ACQUISITIONCO LLC,,DBT,US,2026-03
US68877AAA25,US68877AAA25,68877AAA2,OT MIDCO INC,,DBT,US,2026-03
US69007TAB08,US69007TAB08,69007TAB0,OUTFRONT MEDIA CAP LLC/C,,DBT,US,2026-01
US69007TAC80,US69007TAC80,69007TAC8,OUTFRONT MEDIA CAP LLC/C,,DBT,US,2026-01
US69007TAE47,US69007TAE47,69007TAE4,OUTFRONT MEDIA CAP LLC/C,,DBT,US,2026-01
US69007TAG94,US69007TAG94,69007TAG9,OUTFRONT MEDIA CAP LLC/C,,DBT,US,2026-02
US69145LAC81,US69145LAC81,69145LAC8,OXFORD FIN LLC/CO-ISS II,,DBT,US,2026-01
US677632M244,US677632M244,677632M24,Ohio State University (The),,DBT,US,2025-11
US677632M996,US677632M996,677632M99,Ohio State University (The),,DBT,US,2025-11
US677632N564,US677632N564,677632N56,Ohio State University (The),,DBT,US,2025-11
US677632N721,US677632N721,677632N72,Ohio State University (The),,DBT,US,2025-11
US677632Q617,US677632Q617,677632Q61,Ohio State University (The),,DBT,US,2025-11
US677632T926,US677632T926,677632T92,Ohio State University (The),,DBT,US,2026-02
US67760HKB68,US67760HKB68,67760HKB6,Ohio Turnpike & Infrastructure Commission,,DBT,US,2025-11
US67760HKC42,US67760HKC42,67760HKC4,Ohio Turnpike & Infrastructure Commission,,DBT,US,2025-11
US67760HKG55,US67760HKG55,67760HKG5,Ohio Turnpike & Infrastructure Commission,,DBT,US,2025-11
US67760HKR11,US67760HKR11,67760HKR1,Ohio Turnpike & Infrastructure Commission,,DBT,US,2025-11
US67760HLN97,US67760HLN97,67760HLN9,Ohio Turnpike & Infrastructure Commission,,DBT,US,2025-11
US67760HLU31,US67760HLU31,67760HLU3,Ohio Turnpike & Infrastructure Commission,,DBT,US,2025-11
US67760HMA67,US67760HMA67,67760HMA6,Ohio Turnpike & Infrastructure Commission,,DBT,US,2025-11
US67760HNK31,US67760HNK31,67760HNK3,Ohio Turnpike & Infrastructure Commission,,DBT,US,2025-11
US67760HNS66,US67760HNS66,67760HNS6,Ohio Turnpike & Infrastructure Commission,,DBT,US,2025-11
US677704D471,US677704D471,677704D47,Ohio University,,DBT,US,2025-11
US67765QFY70,US67765QFY70,67765QFY7,Ohio Water Development Authority,,DBT,US,2025-11
US67765QGP54,US67765QGP54,67765QGP5,Ohio Water Development Authority,,DBT,US,2025-11
US67765QGT76,US67765QGT76,67765QGT7,Ohio Water Development Authority,,DBT,US,2025-11
US67765QKL94,US67765QKL94,67765QKL9,Ohio Water Development Authority,,DBT,US,2025-11
US67765QKM77,US67765QKM77,67765QKM7,Ohio Water Development Authority,,DBT,US,2025-11
US67765QKP09,US67765QKP09,67765QKP0,Ohio Water Development Authority,,DBT,US,2025-11
US67765QMW32,US67765QMW32,67765QMW3,Ohio Water Development Authority,,DBT,US,2025-11
US67765QPH38,US67765QPH38,67765QPH3,Ohio Water Development Authority,,DBT,US,2025-11
US67765QPL40,US67765QPL40,67765QPL4,Ohio Water Development Authority,,DBT,US,2025-11
US67765QPM23,US67765QPM23,67765QPM2,Ohio Water Development Authority,,DBT,US,2025-11
US67765QSV94,US67765QSV94,67765QSV9,Ohio Water Development Authority,,DBT,US,2025-11
US67765QSW77,US67765QSW77,67765QSW7,Ohio Water Development Authority,,DBT,US,2025-11
US67765QTA49,US67765QTA49,67765QTA4,Ohio Water Development Authority,,DBT,US,2025-11
US67766WN409,US67766WN409,67766WN40,Ohio Water Development Authority Water Pollution Control Loan Fund,,DBT,US,2025-11
US67766WN656,US67766WN656,67766WN65,Ohio Water Development Authority Water Pollution Control Loan Fund,,DBT,US,2025-11
US67766WQ964,US67766WQ964,67766WQ96,Ohio Water Development Authority Water Pollution Control Loan Fund,,DBT,US,2025-11
US67766WR384,US67766WR384,67766WR38,Ohio Water Development Authority Water Pollution Control Loan Fund,,DBT,US,2025-11
US67766WS788,US67766WS788,67766WS78,Ohio Water Development Authority Water Pollution Control Loan Fund,,DBT,US,2025-11
US67766WS861,US67766WS861,67766WS86,Ohio Water Development Authority Water Pollution Control Loan Fund,,DBT,US,2025-11
US67766WS945,US67766WS945,67766WS94,Ohio Water Development Authority Water Pollution Control Loan Fund,,DBT,US,2025-11
US67766WT281,US67766WT281,67766WT28,Ohio Water Development Authority Water Pollution Control Loan Fund,,DBT,US,2025-11
US67766WU263,US67766WU263,67766WU26,Ohio Water Development Authority Water Pollution Control Loan Fund,,DBT,US,2025-11
US67766WV741,US67766WV741,67766WV74,Ohio Water Development Authority Water Pollution Control Loan Fund,,DBT,US,2025-11
US67766WXU16,US67766WXU16,67766WXU1,Ohio Water Development Authority Water Pollution Control Loan Fund,,DBT,US,2025-11
US67766WYC09,US67766WYC09,67766WYC0,Ohio Water Development Authority Water Pollution Control Loan Fund,,DBT,US,2025-11
US67766WYD81,US67766WYD81,67766WYD8,Ohio Water Development Authority Water Pollution Control Loan Fund,,DBT,US,2025-11
US67766WYF30,US67766WYF30,67766WYF3,Ohio Water Development Authority Water Pollution Control Loan Fund,,DBT,US,2025-11
US67766WYS50,US67766WYS50,67766WYS5,Ohio Water Development Authority Water Pollution Control Loan Fund,,DBT,US,2025-11
US67766WYV89,US67766WYV89,67766WYV8,Ohio Water Development Authority Water Pollution Control Loan Fund,,DBT,US,2025-11
US677765EP07,US677765EP07,677765EP0,Ohlone Community College District,,DBT,US,2025-11
US67865EBN13,US67865EBN13,67865EBN1,Oklahoma City Water Utilities Trust,,DBT,US,2025-11
US67865EBP60,US67865EBP60,67865EBP6,Oklahoma City Water Utilities Trust,,DBT,US,2025-11
US67865EBQ44,US67865EBQ44,67865EBQ4,Oklahoma City Water Utilities Trust,,DBT,US,2025-11
US67865EBR27,US67865EBR27,67865EBR2,Oklahoma City Water Utilities Trust,,DBT,US,2025-11
US67865ECQ35,US67865ECQ35,67865ECQ3,Oklahoma City Water Utilities Trust,,DBT,US,2025-11
US67910HSD34,US67910HSD34,67910HSD3,Oklahoma Municipal Power Authority,,DBT,US,2025-11
US67910HSZ46,US67910HSZ46,67910HSZ4,Oklahoma Municipal Power Authority,,DBT,US,2025-11
US679111D279,US679111D279,679111D27,Oklahoma Turnpike Authority,,DBT,US,2025-11
US679111D436,US679111D436,679111D43,Oklahoma Turnpike Authority,,DBT,US,2025-11
US679111E830,US679111E830,679111E83,Oklahoma Turnpike Authority,,DBT,US,2025-11
US679111E913,US679111E913,679111E91,Oklahoma Turnpike Authority,,DBT,US,2025-11
US679111F258,US679111F258,679111F25,Oklahoma Turnpike Authority,,DBT,US,2025-11
US679111WQ35,US679111WQ35,679111WQ3,Oklahoma Turnpike Authority,,DBT,US,2025-11
US679111WS90,US679111WS90,679111WS9,Oklahoma Turnpike Authority,,DBT,US,2025-11
US679111WT73,US679111WT73,679111WT7,Oklahoma Turnpike Authority,,DBT,US,2025-11
US679111XX76,US679111XX76,679111XX7,Oklahoma Turnpike Authority,,DBT,US,2025-11
US679111XZ25,US679111XZ25,679111XZ2,Oklahoma Turnpike Authority,,DBT,US,2025-11
US679111ZL11,US679111ZL11,679111ZL1,Oklahoma Turnpike Authority,,DBT,US,2025-11
US679111ZM93,US679111ZM93,679111ZM9,Oklahoma Turnpike Authority,,DBT,US,2025-11
US67919PSV66,US67919PSV66,67919PSV6,Oklahoma Water Resources Board,,DBT,US,2025-11
US67919PSW40,US67919PSW40,67919PSW4,Oklahoma Water Resources Board,,DBT,US,2025-11
US67919PUG61,US67919PUG61,67919PUG6,Oklahoma Water Resources Board,,DBT,US,2025-11
US6806164A44,US6806164A44,6806164A4,Olentangy Local School District,,DBT,US,2026-02
US682001FX59,US682001FX59,682001FX5,Omaha Public Power District,,DBT,US,2025-11
US682001GQ99,US682001GQ99,682001GQ9,Omaha Public Power District,,DBT,US,2025-11
US682001GR72,US682001GR72,682001GR7,Omaha Public Power District,,DBT,US,2025-11
US682001GW67,US682001GW67,682001GW6,Omaha Public Power District,,DBT,US,2025-11
US682001HA39,US682001HA39,682001HA3,Omaha Public Power District,,DBT,US,2025-11
US682001HC94,US682001HC94,682001HC9,Omaha Public Power District,,DBT,US,2025-11
US682001HN59,US682001HN59,682001HN5,Omaha Public Power District,,DBT,US,2025-11
US682001HQ80,US682001HQ80,682001HQ8,Omaha Public Power District,,DBT,US,2025-11
US682001KF88,US682001KF88,682001KF8,Omaha Public Power District,,DBT,US,2025-11
US682001KS00,US682001KS00,682001KS0,Omaha Public Power District,,DBT,US,2025-11
US682001NH18,US682001NH18,682001NH1,Omaha Public Power District,,DBT,US,2025-11
US682001NZ16,US682001NZ16,682001NZ1,Omaha Public Power District,,DBT,US,2025-11
US682001PA47,US682001PA47,682001PA4,Omaha Public Power District,,DBT,US,2025-11
US682001PB20,US682001PB20,682001PB2,Omaha Public Power District,,DBT,US,2025-11
US682001PH99,US682001PH99,682001PH9,Omaha Public Power District,,DBT,US,2025-11
US682001QE59,US682001QE59,682001QE5,Omaha Public Power District,,DBT,US,2025-11
US682001QF25,US682001QF25,682001QF2,Omaha Public Power District,,DBT,US,2025-11
US682001QG08,US682001QG08,682001QG0,Omaha Public Power District,,DBT,US,2025-11
US682004FJ05,US682004FJ05,682004FJ0,Omaha Public Power District Nebraska City Station Unit 2,,DBT,US,2025-11
US682004GF73,US682004GF73,682004GF7,Omaha Public Power District Nebraska City Station Unit 2,,DBT,US,2026-02
US682832LL27,US682832LL27,682832LL2,Onondaga Civic Development Corp.,,DBT,US,2025-11
US68276FDP27,US68276FDP27,68276FDP2,Onondaga County Trust for Cultural Resources,,DBT,US,2025-11
US68276FDQ00,US68276FDQ00,68276FDQ0,Onondaga County Trust for Cultural Resources,,DBT,US,2025-11
US68276FDS65,US68276FDS65,68276FDS6,Onondaga County Trust for Cultural Resources,,DBT,US,2025-11
US684273JA42,US684273JA42,684273JA4,Orange County Local Transportation Authority Sales Tax,,DBT,US,2025-11
US684273JB25,US684273JB25,684273JB2,Orange County Local Transportation Authority Sales Tax,,DBT,US,2025-11
US684517RX58,US684517RX58,684517RX5,Orange County School Board,,DBT,US,2025-11
US684517SR71,US684517SR71,684517SR7,Orange County School Board,,DBT,US,2025-11
US686507KB90,US686507KB90,686507KB9,Orlando Utilities Commission,,DBT,US,2025-11
US686507KC73,US686507KC73,686507KC7,Orlando Utilities Commission,,DBT,US,2025-11
US686507MB72,US686507MB72,686507MB7,Orlando Utilities Commission,,DBT,US,2025-11
US686507MG69,US686507MG69,686507MG6,Orlando Utilities Commission,,DBT,US,2025-11
US686507MH43,US686507MH43,686507MH4,Orlando Utilities Commission,,DBT,US,2025-11
US686507NE03,US686507NE03,686507NE0,Orlando Utilities Commission,,DBT,US,2025-11
US686507NN02,US686507NN02,686507NN0,Orlando Utilities Commission,,DBT,US,2025-11
US69306RAB24,US69306RAB24,69306RAB2,P&L DEV LLC/PLD FIN CORP,,DBT,US,2026-01
US694308HP52,US694308HP52,694308HP5,PACIFIC GAS & ELECTRIC,,DBT,US,2026-01
US69549FAC32,US69549FAC32,69549FAC3,PAGAYA US HOLDINGS CO,,DBT,US,2026-01
US69651ACY82,US69651ACY82,69651ACY8,PALM BEACH CNTY FL HLTH FACS A,,DBT,US,2026-01
US69867RAA59,US69867RAA59,69867RAA5,PANTHER ESCROW ISSUER,,DBT,US,2026-01
US69902PAA66,US69902PAA66,69902PAA6,PARADIGM PRNT/CO-ISSUER,,DBT,US,2026-03
US70052LAB99,US70052LAB99,70052LAB9,PARK INTERMED HOLDINGS,,DBT,US,2026-01
US70052LAC72,US70052LAC72,70052LAC7,PARK INTERMED HOLDINGS,,DBT,US,2026-01
US70052LAD55,US70052LAD55,70052LAD5,PARK INTERMED HOLDINGS,,DBT,US,2026-01
US70082LAC19,US70082LAC19,70082LAC1,PARK RIVER HOLDINGS INC,,DBT,US,2026-02
US70082LAD91,US70082LAD91,70082LAD9,PARK RIVER HOLDINGS INC,,DBT,US,2026-01
US70339PAA75,US70339PAA75,70339PAA7,PATTERN ENERGY OP LP/PAT,,DBT,US,2026-01
US70510LAA70,US70510LAA70,70510LAA7,PEBBLEBROOK HOTEL/FINANC,,DBT,US,2026-01
US70914P5X69,US70914P5X69,70914P5X6,PENNSYLVANIA ST,,DBT,US,2026-02
US70870JFN37,US70870JFN37,70870JFN3,PENNSYLVANIA ST ECON DEV FING,,DBT,US,2026-01
US70917TRW35,US70917TRW35,70917TRW3,PENNSYLVANIA ST HGR EDUCTNL FA,,DBT,US,2026-01
US709224P526,US709224P526,709224P52,PENNSYLVANIA ST TURNPIKE COMMI,,DBT,US,2026-01
US709225GF77,US709225GF77,709225GF7,PENNSYLVANIA ST TURNPIKE COMMI,,DBT,US,2026-02
US709225GG50,US709225GG50,709225GG5,PENNSYLVANIA ST TURNPIKE COMMI,,DBT,US,2026-02
US709225GL46,US709225GL46,709225GL4,PENNSYLVANIA ST TURNPIKE COMMI,,DBT,US,2026-01
US709225TR78,US709225TR78,709225TR7,PENNSYLVANIA ST TURNPIKE COMMI,,DBT,US,2026-02
US709225TS51,US709225TS51,709225TS5,PENNSYLVANIA ST TURNPIKE COMMI,,DBT,US,2026-02
US709235W502,US709235W502,709235W50,PENNSYLVANIA ST UNIV,,DBT,US,2026-01
US70932MAB37,US70932MAB37,70932MAB3,PENNYMAC FIN SVCS INC,,DBT,US,2026-01
US70932MAC10,US70932MAC10,70932MAC1,PENNYMAC FIN SVCS INC,,DBT,US,2026-02
US70932MAD92,US70932MAD92,70932MAD9,PENNYMAC FIN SVCS INC,,DBT,US,2026-01
US70932MAE75,US70932MAE75,70932MAE7,PENNYMAC FIN SVCS INC,,DBT,US,2026-01
US70932MAF41,US70932MAF41,70932MAF4,PENNYMAC FIN SVCS INC,,DBT,US,2026-02
US70932MAG24,US70932MAG24,70932MAG2,PENNYMAC FIN SVCS INC,,DBT,US,2026-01
US70932MAH07,US70932MAH07,70932MAH0,PENNYMAC FIN SVCS INC,,DBT,US,2026-02
US709599BU71,US709599BU71,709599BU7,PENSKE TRUCK LEASING CO LP / PTL FINANCE CORP,,DBT,US,2026-03
US69346VAA70,US69346VAA70,69346VAA7,PERFORMANCE FOOD GROUP I,,DBT,US,2026-01
US71384AAA25,US71384AAA25,71384AAA2,PERIMETER HOL,,DBT,US,2026-01
US27034RAA14,US27034RAA14,27034RAA1,PERMIAN RESOURC OPTG LLC,,DBT,US,2026-01
US27034RAC79,US27034RAC79,27034RAC7,PERMIAN RESOURC OPTG LLC,,DBT,US,2026-01
US71424VAA89,US71424VAA89,71424VAA8,PERMIAN RESOURC OPTG LLC,,DBT,US,2026-02
US71424VAB62,US71424VAB62,71424VAB6,PERMIAN RESOURC OPTG LLC,,DBT,US,2026-02
US71601VAA35,US71601VAA35,71601VAA3,PETCO HEALTH & WELLNESS,,DBT,US,2026-01
US71677KAC27,US71677KAC27,71677KAC2,PETSMART LLC/PETSMART FI,,DBT,US,2026-02
US71677KAD00,US71677KAD00,71677KAD0,PETSMART LLC/PETSMART FI,,DBT,US,2026-02
US71713UAW27,US71713UAW27,71713UAW2,PHARMACIA LLC,,DBT,US,2026-01
US716964AA94,US716964AA94,716964AA9,PHH ESCROW ISS LCC/PHH C,,DBT,US,2026-01
US717824AL08,US717824AL08,717824AL0,PHILADELPHIA PA AUTH FOR INDL,,DBT,US,2026-01
US71884WCT62,US71884WCT62,71884WCT6,PHOENIX AZ CIVIC IMPT CORP DIS,,DBT,US,2026-02
US71885FDJ30,US71885FDJ30,71885FDJ3,PHOENIX AZ INDL DEV AUTH EDU R,,DBT,US,2026-01
US71885FFC68,US71885FFC68,71885FFC6,PHOENIX AZ INDL DEV AUTH EDU R,,DBT,US,2026-02
US720186AL95,US720186AL95,720186AL9,PIEDMONT NATURAL GAS CO,,DBT,US,2026-01
US72178AAH59,US72178AAH59,72178AAH5,PIMA CNTY AZ INDL DEV AUTH SEN,,DBT,US,2026-01
US87164DVJ61,US87164DVJ61,87164DVJ6,PINNACLE BANK TN,,DBT,US,2026-01
US723787AQ06,US723787AQ06,723787AQ0,PIONEER NATURAL RESOURCE,,DBT,US,2026-01
US724586AW25,US724586AW25,724586AW2,PITTSBURG CALIF UNI SCH DIST,,DBT,US,2026-02
US724586AZ55,US724586AZ55,724586AZ5,PITTSBURG CALIF UNI SCH DIST,,DBT,US,2026-02
US725894KE86,US725894KE86,725894KE8,PLACENTIA-YORBA LINDA CA UNIF,,DBT,US,2026-02
US72650RBL50,US72650RBL50,72650RBL5,PLAINS ALL AMER PIPELINE,,DBT,US,2026-01
US72650RBM34,US72650RBM34,72650RBM3,PLAINS ALL AMER PIPELINE,,DBT,US,2026-01
US72650RBN17,US72650RBN17,72650RBN1,PLAINS ALL AMER PIPELINE,,DBT,US,2026-01
US72650RBR21,US72650RBR21,72650RBR2,PLAINS ALL AMER PIPELINE,,DBT,US,2026-01
US72702AAA51,US72702AAA51,72702AAA5,PLANET FINANCIAL GROUP,,DBT,US,2026-01
US727717LE86,US727717LE86,727717LE8,PLATTE CNTY MO REORG SCH DIST#,,DBT,US,2026-02
US727717LF51,US727717LF51,727717LF5,PLATTE CNTY MO REORG SCH DIST#,,DBT,US,2026-02
US727717LG35,US727717LG35,727717LG3,PLATTE CNTY MO REORG SCH DIST#,,DBT,US,2026-02
US69356MAA45,US69356MAA45,69356MAA4,PM GENERAL PURCHASER LLC,,DBT,US,2026-01
US73358SAA15,US73358SAA15,73358SAA1,PORT BEAUMONT TX INDL DEV AUTH,,DBT,US,2026-02
US73360CAS35,US73360CAS35,73360CAS3,PORT BEAUMONT TX NAV DIST DOCK,,DBT,US,2026-02
US734195EE66,US734195EE66,734195EE6,PORT OF GTR CINCINNATI DEV AUT,,DBT,US,2026-01
US738222BH07,US738222BH07,738222BH0,POTTSBORO TX HGR EDU FIN CORP,,DBT,US,2026-02
US738850RF59,US738850RF59,738850RF5,POWAY CA UNIF SCH DIST,,DBT,US,2026-02
US738850RH16,US738850RH16,738850RH1,POWAY CA UNIF SCH DIST,,DBT,US,2026-02
US69352PAL76,US69352PAL76,69352PAL7,PPL CAPITAL FUNDING INC,,DBT,US,2026-01
US73943NAA46,US73943NAA46,73943NAA4,PRAIRIE ACQUIROR LP,,DBT,US,2026-01
US74052HAA23,US74052HAA23,74052HAA2,PREMIER ENTERTAINMENT SU,,DBT,US,2026-01
US74052HAB06,US74052HAB06,74052HAB0,PREMIER ENTERTAINMENT SU,,DBT,US,2026-02
US74165HAC25,US74165HAC25,74165HAC2,PRIME HEALTHCARE SERVICE,,DBT,US,2026-01
US74166MAC01,US74166MAC01,74166MAC0,PRIME SECSRVC BRW/FINANC,,DBT,US,2026-03
US74166MAF32,US74166MAF32,74166MAF3,PRIME SECSRVC BRW/FINANC,,DBT,US,2026-01
US74168RAB96,US74168RAB96,74168RAB9,PRIMO / TRITON WATER HLD,,DBT,US,2026-01
US74168RAC79,US74168RAC79,74168RAC7,PRIMO / TRITON WATER HLD,,DBT,US,2026-01
US743820AA01,US743820AA01,743820AA0,PROV ST JOSEPH HLTH OBL,,DBT,US,2026-01
US74387UAK79,US74387UAK79,74387UAK7,PROVIDENT FDG/PFG FIN,,DBT,US,2026-01
US74442PD510,US74442PD510,74442PD51,PUBLIC FIN AUTH WI REVENUE,,DBT,US,2026-02
US74442PF424,US74442PF424,74442PF42,PUBLIC FIN AUTH WI REVENUE,,DBT,US,2026-02
US74442PL455,US74442PL455,74442PL45,PUBLIC FIN AUTH WI REVENUE,,DBT,US,2026-02
US74442PL786,US74442PL786,74442PL78,PUBLIC FIN AUTH WI REVENUE,,DBT,US,2026-02
US74442PL869,US74442PL869,74442PL86,PUBLIC FIN AUTH WI REVENUE,,DBT,US,2026-02
US74442PXM21,US74442PXM21,74442PXM2,PUBLIC FIN AUTH WI REVENUE,,DBT,US,2026-02
US74442PYQ26,US74442PYQ26,74442PYQ2,PUBLIC FIN AUTH WI REVENUE,,DBT,US,2026-01
US74514L3J47,US74514L3J47,74514L3J4,PUERTO RICO CMWLTH,,DBT,US,2026-01
US74514L3L92,US74514L3L92,74514L3L9,PUERTO RICO CMWLTH,,DBT,US,2026-01
US745160SJ13,US745160SJ13,745160SJ1,PUERTO RICO CMWLTH AQUEDUCT &,,DBT,US,2026-01
US745185BP23,US745185BP23,745185BP2,PUERTO RICO HIGHWAY & TRANSPRT,,DBT,US,2026-02
US74529JPW98,US74529JPW98,74529JPW9,PUERTO RICO SALES TAX FING COR,,DBT,US,2026-01
US74529JPX71,US74529JPX71,74529JPX7,PUERTO RICO SALES TAX FING COR,,DBT,US,2026-01
US74529JQG30,US74529JQG30,74529JQG3,PUERTO RICO SALES TAX FING COR,,DBT,US,2026-01
US696550C261,US696550C261,696550C26,Palm Beach County School District,,DBT,US,2025-11
US696550G635,US696550G635,696550G63,Palm Beach County School District,,DBT,US,2025-11
US696550K355,US696550K355,696550K35,Palm Beach County School District,,DBT,US,2025-11
US696550L262,US696550L262,696550L26,Palm Beach County School District,,DBT,US,2025-11
US696550L346,US696550L346,696550L34,Palm Beach County School District,,DBT,US,2025-11
US696550L429,US696550L429,696550L42,Palm Beach County School District,,DBT,US,2025-11
US696550L593,US696550L593,696550L59,Palm Beach County School District,,DBT,US,2025-11
US696550L759,US696550L759,696550L75,Palm Beach County School District,,DBT,US,2025-11
US696550L833,US696550L833,696550L83,Palm Beach County School District,,DBT,US,2025-11
US696550L916,US696550L916,696550L91,Palm Beach County School District,,DBT,US,2025-11
US696550M252,US696550M252,696550M25,Palm Beach County School District,,DBT,US,2025-11
US696550M419,US696550M419,696550M41,Palm Beach County School District,,DBT,US,2025-11
US696550M583,US696550M583,696550M58,Palm Beach County School District,,DBT,US,2025-11
US697511ET65,US697511ET65,697511ET6,Palomar Community College District,,DBT,US,2025-11
US697511EX77,US697511EX77,697511EX7,Palomar Community College District,,DBT,US,2025-11
US700385BZ99,US700385BZ99,700385BZ9,Park Creek Metropolitan District,,DBT,US,2025-11
US700385CA30,US700385CA30,700385CA3,Park Creek Metropolitan District,,DBT,US,2025-11
US700385CB13,US700385CB13,700385CB1,Park Creek Metropolitan District,,DBT,US,2025-11
US702185GH60,US702185GH60,702185GH6,Pasadena Area Community College District,,DBT,US,2025-11
US702334DP55,US702334DP55,702334DP5,Pasadena Independent School District,,DBT,US,2025-11
US70253QBF54,US70253QBF54,70253QBF5,Pasco County School Board,,DBT,US,2025-11
US70253QBG38,US70253QBG38,70253QBG3,Pasco County School Board,,DBT,US,2025-11
US70253QBH11,US70253QBH11,70253QBH1,Pasco County School Board,,DBT,US,2025-11
US704612GQ76,US704612GQ76,704612GQ7,Peace River Manasota Regional Water Supply Authority,,DBT,US,2025-11
US704880DL46,US704880DL46,704880DL4,Pearland Independent School District,,DBT,US,2025-11
US704880DM29,US704880DM29,704880DM2,Pearland Independent School District,,DBT,US,2025-11
US705227JN70,US705227JN70,705227JN7,Pecos Barstow Toyah Independent School District,,DBT,US,2025-11
US70869PQB66,US70869PQB66,70869PQB6,Pennsylvania Economic Development Financing Authority,,DBT,US,2025-11
US70917S3Z41,US70917S3Z41,70917S3Z4,Pennsylvania Higher Educational Facilities Authority,,DBT,US,2025-11
US70917S4A80,US70917S4A80,70917S4A8,Pennsylvania Higher Educational Facilities Authority,,DBT,US,2025-11
US70917SD428,US70917SD428,70917SD42,Pennsylvania Higher Educational Facilities Authority,,DBT,US,2025-11
US70917SWB59,US70917SWB59,70917SWB5,Pennsylvania Higher Educational Facilities Authority,,DBT,US,2025-11
US7092352K08,US7092352K08,7092352K0,Pennsylvania State University (The),,DBT,US,2025-11
US7092352L80,US7092352L80,7092352L8,Pennsylvania State University (The),,DBT,US,2025-11
US7092353J26,US7092353J26,7092353J2,Pennsylvania State University (The),,DBT,US,2025-11
US7092353P85,US7092353P85,7092353P8,Pennsylvania State University (The),,DBT,US,2025-11
US7092353Q68,US7092353Q68,7092353Q6,Pennsylvania State University (The),,DBT,US,2025-11
US7092353R42,US7092353R42,7092353R4,Pennsylvania State University (The),,DBT,US,2025-11
US709235W684,US709235W684,709235W68,Pennsylvania State University (The),,DBT,US,2025-11
US709235YY54,US709235YY54,709235YY5,Pennsylvania State University (The),,DBT,US,2025-11
US709235YZ20,US709235YZ20,709235YZ2,Pennsylvania State University (The),,DBT,US,2025-11
US709223XV86,US709223XV86,709223XV8,Pennsylvania Turnpike Commission,,DBT,US,2025-11
US709224A668,US709224A668,709224A66,Pennsylvania Turnpike Commission,,DBT,US,2025-11
US709224BV08,US709224BV08,709224BV0,Pennsylvania Turnpike Commission,,DBT,US,2025-11
US709224DX46,US709224DX46,709224DX4,Pennsylvania Turnpike Commission,,DBT,US,2025-11
US709224K402,US709224K402,709224K40,Pennsylvania Turnpike Commission,,DBT,US,2025-11
US709224K576,US709224K576,709224K57,Pennsylvania Turnpike Commission,,DBT,US,2025-11
US709224KW89,US709224KW89,709224KW8,Pennsylvania Turnpike Commission,,DBT,US,2025-11
US709224KX62,US709224KX62,709224KX6,Pennsylvania Turnpike Commission,,DBT,US,2025-11
US709224L319,US709224L319,709224L31,Pennsylvania Turnpike Commission,,DBT,US,2025-11
US709224MY28,US709224MY28,709224MY2,Pennsylvania Turnpike Commission,,DBT,US,2025-11
US709224P294,US709224P294,709224P29,Pennsylvania Turnpike Commission,,DBT,US,2025-11
US709224P450,US709224P450,709224P45,Pennsylvania Turnpike Commission,,DBT,US,2025-11
US709224P609,US709224P609,709224P60,Pennsylvania Turnpike Commission,,DBT,US,2025-11
US709224P781,US709224P781,709224P78,Pennsylvania Turnpike Commission,,DBT,US,2025-11
US709224QG75,US709224QG75,709224QG7,Pennsylvania Turnpike Commission,,DBT,US,2025-11
US709224RE19,US709224RE19,709224RE1,Pennsylvania Turnpike Commission,,DBT,US,2025-11
US709224WN52,US709224WN52,709224WN5,Pennsylvania Turnpike Commission,,DBT,US,2025-11
US709224WQ83,US709224WQ83,709224WQ8,Pennsylvania Turnpike Commission,,DBT,US,2025-11
US709224XC88,US709224XC88,709224XC8,Pennsylvania Turnpike Commission,,DBT,US,2025-11
US709224XF10,US709224XF10,709224XF1,Pennsylvania Turnpike Commission,,DBT,US,2025-11
US709224XG92,US709224XG92,709224XG9,Pennsylvania Turnpike Commission,,DBT,US,2025-11
US709224ZC60,US709224ZC60,709224ZC6,Pennsylvania Turnpike Commission,,DBT,US,2025-11
US709224ZW25,US709224ZW25,709224ZW2,Pennsylvania Turnpike Commission,,DBT,US,2025-11
US709224ZX08,US709224ZX08,709224ZX0,Pennsylvania Turnpike Commission,,DBT,US,2025-11
US709225AX48,US709225AX48,709225AX4,Pennsylvania Turnpike Commission,,DBT,US,2025-11
US709225AZ95,US709225AZ95,709225AZ9,Pennsylvania Turnpike Commission,,DBT,US,2025-11
US709225BA36,US709225BA36,709225BA3,Pennsylvania Turnpike Commission,,DBT,US,2025-11
US709225BB19,US709225BB19,709225BB1,Pennsylvania Turnpike Commission,,DBT,US,2025-11
US709225BC91,US709225BC91,709225BC9,Pennsylvania Turnpike Commission,,DBT,US,2025-11
US709225BD74,US709225BD74,709225BD7,Pennsylvania Turnpike Commission,,DBT,US,2025-11
US709225DC73,US709225DC73,709225DC7,Pennsylvania Turnpike Commission,,DBT,US,2025-11
US709225DD56,US709225DD56,709225DD5,Pennsylvania Turnpike Commission,,DBT,US,2025-11
US709225DY93,US709225DY93,709225DY9,Pennsylvania Turnpike Commission,,DBT,US,2025-11
US709225DZ68,US709225DZ68,709225DZ6,Pennsylvania Turnpike Commission,,DBT,US,2025-11
US709225FG69,US709225FG69,709225FG6,Pennsylvania Turnpike Commission,,DBT,US,2025-11
US709225GK62,US709225GK62,709225GK6,Pennsylvania Turnpike Commission,,DBT,US,2025-11
US709225GU45,US709225GU45,709225GU4,Pennsylvania Turnpike Commission,,DBT,US,2025-11
US709225GV28,US709225GV28,709225GV2,Pennsylvania Turnpike Commission,,DBT,US,2025-11
US709225GW01,US709225GW01,709225GW0,Pennsylvania Turnpike Commission,,DBT,US,2025-11
US709225GX83,US709225GX83,709225GX8,Pennsylvania Turnpike Commission,,DBT,US,2025-11
US709225GY66,US709225GY66,709225GY6,Pennsylvania Turnpike Commission,,DBT,US,2025-11
US709225HA71,US709225HA71,709225HA7,Pennsylvania Turnpike Commission,,DBT,US,2025-11
US709225HB54,US709225HB54,709225HB5,Pennsylvania Turnpike Commission,,DBT,US,2025-11
US709225HC38,US709225HC38,709225HC3,Pennsylvania Turnpike Commission,,DBT,US,2025-11
US709225JA53,US709225JA53,709225JA5,Pennsylvania Turnpike Commission,,DBT,US,2025-11
US709225KY11,US709225KY11,709225KY1,Pennsylvania Turnpike Commission,,DBT,US,2025-11
US709225MC72,US709225MC72,709225MC7,Pennsylvania Turnpike Commission,,DBT,US,2025-11
US709225MP85,US709225MP85,709225MP8,Pennsylvania Turnpike Commission,,DBT,US,2025-11
US709225MQ68,US709225MQ68,709225MQ6,Pennsylvania Turnpike Commission,,DBT,US,2025-11
US709225MR42,US709225MR42,709225MR4,Pennsylvania Turnpike Commission,,DBT,US,2025-11
US709225MS25,US709225MS25,709225MS2,Pennsylvania Turnpike Commission,,DBT,US,2025-11
US709225MT08,US709225MT08,709225MT0,Pennsylvania Turnpike Commission,,DBT,US,2025-11
US709225NX01,US709225NX01,709225NX0,Pennsylvania Turnpike Commission,,DBT,US,2025-11
US709225NY83,US709225NY83,709225NY8,Pennsylvania Turnpike Commission,,DBT,US,2025-11
US709225PP58,US709225PP58,709225PP5,Pennsylvania Turnpike Commission,,DBT,US,2025-11
US709225PR15,US709225PR15,709225PR1,Pennsylvania Turnpike Commission,,DBT,US,2025-11
US709225RE83,US709225RE83,709225RE8,Pennsylvania Turnpike Commission,,DBT,US,2025-11
US709225RF58,US709225RF58,709225RF5,Pennsylvania Turnpike Commission,,DBT,US,2025-11
US709225RH15,US709225RH15,709225RH1,Pennsylvania Turnpike Commission,,DBT,US,2025-11
US709225RL27,US709225RL27,709225RL2,Pennsylvania Turnpike Commission,,DBT,US,2025-11
US709225RS79,US709225RS79,709225RS7,Pennsylvania Turnpike Commission,,DBT,US,2025-11
US709225SG23,US709225SG23,709225SG2,Pennsylvania Turnpike Commission,,DBT,US,2025-11
US709225SH06,US709225SH06,709225SH0,Pennsylvania Turnpike Commission,,DBT,US,2025-11
US709225SJ61,US709225SJ61,709225SJ6,Pennsylvania Turnpike Commission,,DBT,US,2025-11
US709225TU08,US709225TU08,709225TU0,Pennsylvania Turnpike Commission,,DBT,US,2026-02
US709225TV80,US709225TV80,709225TV8,Pennsylvania Turnpike Commission,,DBT,US,2026-02
US709225UM62,US709225UM62,709225UM6,Pennsylvania Turnpike Commission,,DBT,US,2026-02
US709225UN46,US709225UN46,709225UN4,Pennsylvania Turnpike Commission,,DBT,US,2026-02
US709221VF98,US709221VF98,709221VF9,Pennsylvania Turnpike Commission Oil Franchise Tax,,DBT,US,2025-11
US709222DX89,US709222DX89,709222DX8,Pennsylvania Turnpike Commission Registration Fee,,DBT,US,2026-02
US709222DZ38,US709222DZ38,709222DZ3,Pennsylvania Turnpike Commission Registration Fee,,DBT,US,2026-02
US709222EA77,US709222EA77,709222EA7,Pennsylvania Turnpike Commission Registration Fee,,DBT,US,2026-02
US709222EC34,US709222EC34,709222EC3,Pennsylvania Turnpike Commission Registration Fee,,DBT,US,2026-02
US709222ED17,US709222ED17,709222ED1,Pennsylvania Turnpike Commission Registration Fee,,DBT,US,2026-02
US709222EE99,US709222EE99,709222EE9,Pennsylvania Turnpike Commission Registration Fee,,DBT,US,2026-02
US8821177X64,US8821177X64,8821177X6,Permanent University Fund - Texas A&M University System,,DBT,US,2025-11
US8821178H06,US8821178H06,8821178H0,Permanent University Fund - Texas A&M University System,,DBT,US,2025-11
US9151158C63,US9151158C63,9151158C6,Permanent University Fund - University of Texas System,,DBT,US,2025-11
US9151158K89,US9151158K89,9151158K8,Permanent University Fund - University of Texas System,,DBT,US,2025-11
US9151158M46,US9151158M46,9151158M4,Permanent University Fund - University of Texas System,,DBT,US,2025-11
US9151158S16,US9151158S16,9151158S1,Permanent University Fund - University of Texas System,,DBT,US,2025-11
US915130AQ10,US915130AQ10,915130AQ1,Permanent University Fund - University of Texas System,,DBT,US,2025-11
US915130AR92,US915130AR92,915130AR9,Permanent University Fund - University of Texas System,,DBT,US,2025-11
US915130AV05,US915130AV05,915130AV0,Permanent University Fund - University of Texas System,,DBT,US,2025-11
US915130BE70,US915130BE70,915130BE7,Permanent University Fund - University of Texas System,,DBT,US,2025-11
US915130BG29,US915130BG29,915130BG2,Permanent University Fund - University of Texas System,,DBT,US,2025-11
US915130BH02,US915130BH02,915130BH0,Permanent University Fund - University of Texas System,,DBT,US,2025-11
US915130BK31,US915130BK31,915130BK3,Permanent University Fund - University of Texas System,,DBT,US,2025-11
US915130BW78,US915130BW78,915130BW7,Permanent University Fund - University of Texas System,,DBT,US,2025-11
US717096DE88,US717096DE88,717096DE8,Pflugerville Independent School District,,DBT,US,2025-11
US71783MAZ86,US71783MAZ86,71783MAZ8,Philadelphia Gas Works Co.,,DBT,US,2025-11
US71783MDE21,US71783MDE21,71783MDE2,Philadelphia Gas Works Co.,,DBT,US,2025-11
US71783MDM47,US71783MDM47,71783MDM4,Philadelphia Gas Works Co.,,DBT,US,2025-11
US720175SE97,US720175SE97,720175SE9,Piedmont Municipal Power Agency,,DBT,US,2025-11
US720424D986,US720424D986,720424D98,Pierce County School District No. 10 Tacoma,,DBT,US,2025-11
US720424ZG87,US720424ZG87,720424ZG8,Pierce County School District No. 10 Tacoma,,DBT,US,2025-11
US720390ZQ93,US720390ZQ93,720390ZQ9,Pierce County School District No. 3 Puyallup,,DBT,US,2025-11
US720611ZY13,US720611ZY13,720611ZY1,Pierce County School District No. 403 Bethel,,DBT,US,2025-11
US720611ZZ87,US720611ZZ87,720611ZZ8,Pierce County School District No. 403 Bethel,,DBT,US,2025-11
US725304D639,US725304D639,725304D63,Pittsburgh Water & Sewer Authority,,DBT,US,2026-02
US725304D712,US725304D712,725304D71,Pittsburgh Water & Sewer Authority,,DBT,US,2026-02
US725304VA40,US725304VA40,725304VA4,Pittsburgh Water & Sewer Authority,,DBT,US,2025-11
US725304VD88,US725304VD88,725304VD8,Pittsburgh Water & Sewer Authority,,DBT,US,2025-11
US725304YL77,US725304YL77,725304YL7,Pittsburgh Water & Sewer Authority,,DBT,US,2025-11
US725304YM50,US725304YM50,725304YM5,Pittsburgh Water & Sewer Authority,,DBT,US,2025-11
US725304YN34,US725304YN34,725304YN3,Pittsburgh Water & Sewer Authority,,DBT,US,2025-11
US725304YP81,US725304YP81,725304YP8,Pittsburgh Water & Sewer Authority,,DBT,US,2025-11
US725304ZP72,US725304ZP72,725304ZP7,Pittsburgh Water & Sewer Authority,,DBT,US,2025-11
US725304ZQ55,US725304ZQ55,725304ZQ5,Pittsburgh Water & Sewer Authority,,DBT,US,2025-11
US725894KF51,US725894KF51,725894KF5,Placentia-Yorba Linda Unified School District,,DBT,US,2025-11
US725894KH18,US725894KH18,725894KH1,Placentia-Yorba Linda Unified School District,,DBT,US,2025-11
US727199D813,US727199D813,727199D81,Plano Independent School District,,DBT,US,2025-11
US727199D995,US727199D995,727199D99,Plano Independent School District,,DBT,US,2025-11
US727199F891,US727199F891,727199F89,Plano Independent School District,,DBT,US,2025-11
US727199F974,US727199F974,727199F97,Plano Independent School District,,DBT,US,2025-11
US727199G212,US727199G212,727199G21,Plano Independent School District,,DBT,US,2025-11
US727199J778,US727199J778,727199J77,Plano Independent School District,,DBT,US,2025-11
US727199J851,US727199J851,727199J85,Plano Independent School District,,DBT,US,2025-11
US727199J935,US727199J935,727199J93,Plano Independent School District,,DBT,US,2025-11
US727199XH94,US727199XH94,727199XH9,Plano Independent School District,,DBT,US,2025-11
US732098UZ97,US732098UZ97,732098UZ9,Pomona Unified School District,,DBT,US,2025-11
US7342606S60,US7342606S60,7342606S6,Port Authority of Houston of Harris County Texas,,DBT,US,2025-11
US734262GV46,US734262GV46,734262GV4,Port Authority of Houston of Harris County Texas,,DBT,US,2025-11
US734262GW29,US734262GW29,734262GW2,Port Authority of Houston of Harris County Texas,,DBT,US,2025-11
US733580S889,US733580S889,733580S88,Port Authority of New York & New Jersey,,DBT,US,2025-11
US733580YM00,US733580YM00,733580YM0,Port Authority of New York & New Jersey,,DBT,US,2025-11
US73358W2C78,US73358W2C78,73358W2C7,Port Authority of New York & New Jersey,,DBT,US,2025-11
US73358W2Q64,US73358W2Q64,73358W2Q6,Port Authority of New York & New Jersey,,DBT,US,2025-11
US73358W2S21,US73358W2S21,73358W2S2,Port Authority of New York & New Jersey,,DBT,US,2025-11
US73358W2T04,US73358W2T04,73358W2T0,Port Authority of New York & New Jersey,,DBT,US,2025-11
US73358W2V59,US73358W2V59,73358W2V5,Port Authority of New York & New Jersey,,DBT,US,2025-11
US73358W3N25,US73358W3N25,73358W3N2,Port Authority of New York & New Jersey,,DBT,US,2025-11
US73358W4Q47,US73358W4Q47,73358W4Q4,Port Authority of New York & New Jersey,,DBT,US,2025-11
US73358W4T85,US73358W4T85,73358W4T8,Port Authority of New York & New Jersey,,DBT,US,2025-11
US73358W6H20,US73358W6H20,73358W6H2,Port Authority of New York & New Jersey,,DBT,US,2025-11
US73358W6P46,US73358W6P46,73358W6P4,Port Authority of New York & New Jersey,,DBT,US,2025-11
US73358WD846,US73358WD846,73358WD84,Port Authority of New York & New Jersey,,DBT,US,2025-11
US73358WD929,US73358WD929,73358WD92,Port Authority of New York & New Jersey,,DBT,US,2025-11
US73358WH235,US73358WH235,73358WH23,Port Authority of New York & New Jersey,,DBT,US,2025-11
US73358WP246,US73358WP246,73358WP24,Port Authority of New York & New Jersey,,DBT,US,2025-11
US73358WP402,US73358WP402,73358WP40,Port Authority of New York & New Jersey,,DBT,US,2025-11
US73358WSG05,US73358WSG05,73358WSG0,Port Authority of New York & New Jersey,,DBT,US,2025-11
US73358WV350,US73358WV350,73358WV35,Port Authority of New York & New Jersey,,DBT,US,2025-11
US73358WV681,US73358WV681,73358WV68,Port Authority of New York & New Jersey,,DBT,US,2025-11
US73358WV921,US73358WV921,73358WV92,Port Authority of New York & New Jersey,,DBT,US,2025-11
US73358XBM39,US73358XBM39,73358XBM3,Port Authority of New York & New Jersey,,DBT,US,2025-11
US73358XBN12,US73358XBN12,73358XBN1,Port Authority of New York & New Jersey,,DBT,US,2025-11
US73358XBQ43,US73358XBQ43,73358XBQ4,Port Authority of New York & New Jersey,,DBT,US,2025-11
US73358XBS09,US73358XBS09,73358XBS0,Port Authority of New York & New Jersey,,DBT,US,2025-11
US73358XEB47,US73358XEB47,73358XEB4,Port Authority of New York & New Jersey,,DBT,US,2025-11
US73358XEC20,US73358XEC20,73358XEC2,Port Authority of New York & New Jersey,,DBT,US,2025-11
US73358XED03,US73358XED03,73358XED0,Port Authority of New York & New Jersey,,DBT,US,2025-11
US73358XEU28,US73358XEU28,73358XEU2,Port Authority of New York & New Jersey,,DBT,US,2025-11
US73358XJJ28,US73358XJJ28,73358XJJ2,Port Authority of New York & New Jersey,,DBT,US,2025-11
US73358XJN30,US73358XJN30,73358XJN3,Port Authority of New York & New Jersey,,DBT,US,2025-11
US73358XKU53,US73358XKU53,73358XKU5,Port Authority of New York & New Jersey,,DBT,US,2025-11
US73358XKV37,US73358XKV37,73358XKV3,Port Authority of New York & New Jersey,,DBT,US,2025-11
US73358XKW10,US73358XKW10,73358XKW1,Port Authority of New York & New Jersey,,DBT,US,2025-11
US73358XKX92,US73358XKX92,73358XKX9,Port Authority of New York & New Jersey,,DBT,US,2025-11
US73358XLC47,US73358XLC47,73358XLC4,Port Authority of New York & New Jersey,,DBT,US,2025-11
US73358XLD20,US73358XLD20,73358XLD2,Port Authority of New York & New Jersey,,DBT,US,2025-11
US73358XLE03,US73358XLE03,73358XLE0,Port Authority of New York & New Jersey,,DBT,US,2025-11
US73358XLF77,US73358XLF77,73358XLF7,Port Authority of New York & New Jersey,,DBT,US,2025-11
US73358XLY66,US73358XLY66,73358XLY6,Port Authority of New York & New Jersey,,DBT,US,2025-11
US73358XMF68,US73358XMF68,73358XMF6,Port Authority of New York & New Jersey,,DBT,US,2025-11
US73358XMG42,US73358XMG42,73358XMG4,Port Authority of New York & New Jersey,,DBT,US,2025-11
US73358XND02,US73358XND02,73358XND0,Port Authority of New York & New Jersey,,DBT,US,2025-11
US73358XPH97,US73358XPH97,73358XPH9,Port Authority of New York & New Jersey,,DBT,US,2025-11
US73358XPJ53,US73358XPJ53,73358XPJ5,Port Authority of New York & New Jersey,,DBT,US,2025-11
US73358XPK27,US73358XPK27,73358XPK2,Port Authority of New York & New Jersey,,DBT,US,2025-11
US73358XPZ95,US73358XPZ95,73358XPZ9,Port Authority of New York & New Jersey,,DBT,US,2025-11
US73358XQF23,US73358XQF23,73358XQF2,Port Authority of New York & New Jersey,,DBT,US,2025-11
US73358XQL90,US73358XQL90,73358XQL9,Port Authority of New York & New Jersey,,DBT,US,2025-11
US73358XRT18,US73358XRT18,73358XRT1,Port Authority of New York & New Jersey,,DBT,US,2026-02
US73358XRU80,US73358XRU80,73358XRU8,Port Authority of New York & New Jersey,,DBT,US,2026-02
US73358XRX20,US73358XRX20,73358XRX2,Port Authority of New York & New Jersey,,DBT,US,2026-02
US73358XRY03,US73358XRY03,73358XRY0,Port Authority of New York & New Jersey,,DBT,US,2026-02
US735371QE99,US735371QE99,735371QE9,Port of Seattle,,DBT,US,2025-11
US735389S909,US735389S909,735389S90,Port of Seattle,,DBT,US,2025-11
US735389T246,US735389T246,735389T24,Port of Seattle,,DBT,US,2025-11
US735389Y691,US735389Y691,735389Y69,Port of Seattle,,DBT,US,2025-11
US735389Y774,US735389Y774,735389Y77,Port of Seattle,,DBT,US,2025-11
US735389Y857,US735389Y857,735389Y85,Port of Seattle,,DBT,US,2025-11
US736688KE18,US736688KE18,736688KE1,Portland Community College District,,DBT,US,2025-11
US738850QY57,US738850QY57,738850QY5,Poway Unified School District,,DBT,US,2025-11
US738850QZ23,US738850QZ23,738850QZ2,Poway Unified School District,,DBT,US,2025-11
US738850RB46,US738850RB46,738850RB4,Poway Unified School District,,DBT,US,2025-11
US738850RG33,US738850RG33,738850RG3,Poway Unified School District,,DBT,US,2025-11
US738850RJ71,US738850RJ71,738850RJ7,Poway Unified School District,,DBT,US,2025-11
US742395ZB57,US742395ZB57,742395ZB5,Princeton Independent School District,,DBT,US,2026-02
US74265L2W73,US74265L2W73,74265L2W7,Private Colleges & Universities Authority,,DBT,US,2025-11
US74265L3A45,US74265L3A45,74265L3A4,Private Colleges & Universities Authority,,DBT,US,2025-11
US74265L3B28,US74265L3B28,74265L3B2,Private Colleges & Universities Authority,,DBT,US,2025-11
US74265L3C01,US74265L3C01,74265L3C0,Private Colleges & Universities Authority,,DBT,US,2025-11
US74265L3D83,US74265L3D83,74265L3D8,Private Colleges & Universities Authority,,DBT,US,2025-11
US74265L3F32,US74265L3F32,74265L3F3,Private Colleges & Universities Authority,,DBT,US,2025-11
US74265L3L00,US74265L3L00,74265L3L0,Private Colleges & Universities Authority,,DBT,US,2025-11
US74265L3M82,US74265L3M82,74265L3M8,Private Colleges & Universities Authority,,DBT,US,2025-11
US74265LA577,US74265LA577,74265LA57,Private Colleges & Universities Authority,,DBT,US,2025-11
US74265LK238,US74265LK238,74265LK23,Private Colleges & Universities Authority,,DBT,US,2025-11
US74265LM887,US74265LM887,74265LM88,Private Colleges & Universities Authority,,DBT,US,2025-11
US74265LS587,US74265LS587,74265LS58,Private Colleges & Universities Authority,,DBT,US,2025-11
US74265LS744,US74265LS744,74265LS74,Private Colleges & Universities Authority,,DBT,US,2025-11
US74265LT817,US74265LT817,74265LT81,Private Colleges & Universities Authority,,DBT,US,2025-11
US7436003S51,US7436003S51,7436003S5,Prosper Independent School District,,DBT,US,2025-11
US7436005D64,US7436005D64,7436005D6,Prosper Independent School District,,DBT,US,2025-11
US7436005F13,US7436005F13,7436005F1,Prosper Independent School District,,DBT,US,2025-11
US7436007A08,US7436007A08,7436007A0,Prosper Independent School District,,DBT,US,2026-02
US744434FC00,US744434FC00,744434FC0,Public Power Generation Agency,,DBT,US,2025-11
US744434FF31,US744434FF31,744434FF3,Public Power Generation Agency,,DBT,US,2025-11
US744434FJ52,US744434FJ52,744434FJ5,Public Power Generation Agency,,DBT,US,2025-11
US74825NAA54,US74825NAA54,74825NAA5,QXO BUILDING PRODUCTS,,DBT,US,2026-01
US75026JAH32,US75026JAH32,75026JAH3,RADIATE HOLDCO / FINANCE,,DBT,US,2026-03
US753272AA11,US753272AA11,753272AA1,RAND PARENT LLC,,DBT,US,2026-01
US75420NAA19,US75420NAA19,75420NAA1,RAVEN ACQUISITION HOLDIN,,DBT,US,2026-01
US76774LAB36,US76774LAB36,76774LAB3,RB GLOBAL HOLDINGS INC,,DBT,US,2026-01
US76774LAC19,US76774LAC19,76774LAC1,RB GLOBAL HOLDINGS INC,,DBT,US,2026-02
US75602BAA70,US75602BAA70,75602BAA7,REAL HERO MERGER SUB 2,,DBT,US,2026-03
US759874DF46,US759874DF46,759874DF4,RENO-TAHOE NV ARPT AUTH ARPT R,,DBT,US,2026-01
US76120HAA59,US76120HAA59,76120HAA5,RESORTS WORLD/RWLV CAP,,DBT,US,2026-01
US76120HAD98,US76120HAD98,76120HAD9,RESORTS WORLD/RWLV CAP,,DBT,US,2026-01
USU76198AA52,USU76198AA52,000000000,RESORTS WORLD/RWLV CAP,,DBT,US,2026-03
US22303XAA37,US22303XAA37,22303XAA3,REWORLD HOLDING CORP,,DBT,US,2026-01
US74984AAA07,US74984AAA07,74984AAA0,RFNA LP,,DBT,US,2026-01
US762196X326,US762196X326,762196X32,RHODE ISLAND ST HLTH & EDUCTNL,,DBT,US,2026-02
US762196X409,US762196X409,762196X40,RHODE ISLAND ST HLTH & EDUCTNL,,DBT,US,2026-02
US749571AF20,US749571AF20,749571AF2,RHP HOTEL PPTY/RHP FINAN,,DBT,US,2026-01
US749571AG03,US749571AG03,749571AG0,RHP HOTEL PPTY/RHP FINAN,,DBT,US,2026-01
US749571AJ42,US749571AJ42,749571AJ4,RHP HOTEL PPTY/RHP FINAN,,DBT,US,2026-01
US749571AK15,US749571AK15,749571AK1,RHP HOTEL PPTY/RHP FINAN,,DBT,US,2026-02
US749571AL97,US749571AL97,749571AL9,RHP HOTEL PPTY/RHP FINAN,,DBT,US,2026-02
US74984CAA62,US74984CAA62,74984CAA6,RHP HOTEL PPTY/RHP FINAN,,DBT,US,2026-02
US76884GAA31,US76884GAA31,76884GAA3,RIVERS ENT BORROWER LLC,,DBT,US,2026-03
US76883NAA90,US76883NAA90,76883NAA9,RIVERS ENTERPRISE,,DBT,US,2026-03
US74965LAA98,US74965LAA98,74965LAA9,RLJ LODGING TRUST LP,,DBT,US,2026-01
US74965LAB71,US74965LAB71,74965LAB7,RLJ LODGING TRUST LP,,DBT,US,2026-01
US74841CAA99,US74841CAA99,74841CAA9,ROCKETMTGE CO-ISSUER INC,,DBT,US,2026-01
US74841CAB72,US74841CAB72,74841CAB7,ROCKETMTGE CO-ISSUER INC,,DBT,US,2026-02
US77313LAA17,US77313LAA17,77313LAA1,ROCKETMTGE CO-ISSUER INC,,DBT,US,2026-01
US77313LAB99,US77313LAB99,77313LAB9,ROCKETMTGE CO-ISSUER INC,,DBT,US,2026-02
US77356FAV67,US77356FAV67,77356FAV6,ROCKLAND CNTY NY SOL WST MGMT,,DBT,US,2026-02
US773835BY85,US773835BY85,773835BY8,ROCKPORT IN POLL CONTROL REVEN,,DBT,US,2026-01
US775631AD66,US775631AD66,775631AD6,ROLLER BEARING CO OF AME,,DBT,US,2026-01
US779631ER76,US779631ER76,779631ER7,ROWLAND CA UNIF SCH DIST,,DBT,US,2026-02
US78351GAA31,US78351GAA31,78351GAA3,RYAN SPECIALTY,,DBT,US,2026-02
US78351MAA09,US78351MAA09,78351MAA0,RYAN SPECIALTY GROUP,,DBT,US,2026-01
US759911XV70,US759911XV70,759911XV7,Regional Transportation Authority,,DBT,US,2025-11
US759136RW68,US759136RW68,759136RW6,Regional Transportation District Sales Tax,,DBT,US,2025-11
US759136RX42,US759136RX42,759136RX4,Regional Transportation District Sales Tax,,DBT,US,2025-11
US759136TH73,US759136TH73,759136TH7,Regional Transportation District Sales Tax,,DBT,US,2025-11
US759136TJ30,US759136TJ30,759136TJ3,Regional Transportation District Sales Tax,,DBT,US,2025-11
US759136UN23,US759136UN23,759136UN2,Regional Transportation District Sales Tax,,DBT,US,2025-11
US759136UU65,US759136UU65,759136UU6,Regional Transportation District Sales Tax,,DBT,US,2025-11
US759136UV49,US759136UV49,759136UV4,Regional Transportation District Sales Tax,,DBT,US,2025-11
US759136UY87,US759136UY87,759136UY8,Regional Transportation District Sales Tax,,DBT,US,2025-11
US759136VS01,US759136VS01,759136VS0,Regional Transportation District Sales Tax,,DBT,US,2025-11
US759136VY78,US759136VY78,759136VY7,Regional Transportation District Sales Tax,,DBT,US,2025-11
US762232AL00,US762232AL00,762232AL0,Rhode Island Commerce Corp.,,DBT,US,2025-11
US762232AM82,US762232AM82,762232AM8,Rhode Island Commerce Corp.,,DBT,US,2025-11
US762232AR79,US762232AR79,762232AR7,Rhode Island Commerce Corp.,,DBT,US,2025-11
US762232CC82,US762232CC82,762232CC8,Rhode Island Commerce Corp.,,DBT,US,2025-11
US762232CD65,US762232CD65,762232CD6,Rhode Island Commerce Corp.,,DBT,US,2026-02
US762197M244,US762197M244,762197M24,Rhode Island Health & Educational Building Corp.,,DBT,US,2025-11
US762197M327,US762197M327,762197M32,Rhode Island Health & Educational Building Corp.,,DBT,US,2025-11
US762197VE80,US762197VE80,762197VE8,Rhode Island Health & Educational Building Corp.,,DBT,US,2025-11
US762197VF55,US762197VF55,762197VF5,Rhode Island Health & Educational Building Corp.,,DBT,US,2025-11
US76219MHG69,US76219MHG69,76219MHG6,Rhode Island Health and Educational Building Corp.,,DBT,US,2026-02
US7632613K89,US7632613K89,7632613K8,Richardson Independent School District,,DBT,US,2025-11
US7632616E92,US7632616E92,7632616E9,Richardson Independent School District,,DBT,US,2025-11
US763261W832,US763261W832,763261W83,Richardson Independent School District,,DBT,US,2025-11
US764581KR47,US764581KR47,764581KR4,Richmond County Board of Education,,DBT,US,2025-11
US764581KS20,US764581KS20,764581KS2,Richmond County Board of Education,,DBT,US,2025-11
US764581KT03,US764581KT03,764581KT0,Richmond County Board of Education,,DBT,US,2025-11
US764581KU75,US764581KU75,764581KU7,Richmond County Board of Education,,DBT,US,2025-11
US767121DK92,US767121DK92,767121DK9,Rio Hondo Community College District,,DBT,US,2025-11
US767121DL75,US767121DL75,767121DL7,Rio Hondo Community College District,,DBT,US,2025-11
US767121EV49,US767121EV49,767121EV4,Rio Hondo Community College District,,DBT,US,2025-11
US76886PKX05,US76886PKX05,76886PKX0,Riverside Community College District,,DBT,US,2025-11
US76912TPN71,US76912TPN71,76912TPN7,Riverside County Public Financing Authority,,DBT,US,2025-11
US76912DAU28,US76912DAU28,76912DAU2,Riverside County Transportation Commission,,DBT,US,2025-11
US76912DAV01,US76912DAV01,76912DAV0,Riverside County Transportation Commission,,DBT,US,2025-11
US76912DAW83,US76912DAW83,76912DAW8,Riverside County Transportation Commission,,DBT,US,2025-11
US76912DAX66,US76912DAX66,76912DAX6,Riverside County Transportation Commission,,DBT,US,2025-11
US76912DAZ15,US76912DAZ15,76912DAZ1,Riverside County Transportation Commission,,DBT,US,2025-11
US76912DBA54,US76912DBA54,76912DBA5,Riverside County Transportation Commission,,DBT,US,2025-11
US769125GP47,US769125GP47,769125GP4,Riverside County Transportation Commission Sales Tax,,DBT,US,2025-11
US769125GU32,US769125GU32,769125GU3,Riverside County Transportation Commission Sales Tax,,DBT,US,2025-11
US769125GV15,US769125GV15,769125GV1,Riverside County Transportation Commission Sales Tax,,DBT,US,2025-11
US769125GX70,US769125GX70,769125GX7,Riverside County Transportation Commission Sales Tax,,DBT,US,2025-11
US769125GZ29,US769125GZ29,769125GZ2,Riverside County Transportation Commission Sales Tax,,DBT,US,2025-11
US774286DT25,US774286DT25,774286DT2,Rockwall Independent School District,,DBT,US,2025-11
US779240NT35,US779240NT35,779240NT3,Round Rock Independent School District,,DBT,US,2025-11
US779240NV80,US779240NV80,779240NV8,Round Rock Independent School District,,DBT,US,2025-11
US779240SY74,US779240SY74,779240SY7,Round Rock Independent School District,,DBT,US,2026-02
US779631EP11,US779631EP11,779631EP1,Rowland Unified School District,,DBT,US,2025-11
US842039FM66,US842039FM66,842039FM6,S ESTRN PA TRANSPRTN AUTH,,DBT,US,2026-02
US838466DN75,US838466DN75,838466DN7,S ISLAND SC PUBLIC SVC DIST WT,,DBT,US,2026-02
US78525CAA36,US78525CAA36,78525CAA3,S&S HOLDINGS LLC,,DBT,US,2026-03
US78573XAA81,US78573XAA81,78573XAA8,SABRE FINANCIAL BORROWER,,DBT,US,2026-01
US78916VET35,US78916VET35,78916VET3,SAINT CLOUD MN HLTH CARE REVEN,,DBT,US,2026-01
US791638F873,US791638F873,791638F87,SAINT LOUIS MO ARPT REVENUE,,DBT,US,2026-01
US79380MAB19,US79380MAB19,79380MAB1,SAKS GLOBAL ENTERPRS LLC,,DBT,US,2026-02
US79380MAC91,US79380MAC91,79380MAC9,SAKS GLOBAL ENTERPRS LLC,,DBT,US,2026-03
US79380MAD74,US79380MAD74,79380MAD7,SAKS GLOBAL ENTERPRS LLC,,DBT,US,2026-03
US79467BJB27,US79467BJB27,79467BJB2,SALES TAX SECURITIZATION CORP,,DBT,US,2026-01
US79546VAQ95,US79546VAQ95,79546VAQ9,SALLY HOLDINGS/SALLY CAP,,DBT,US,2026-03
US795576NV56,US795576NV56,795576NV5,SALT LAKE CITY UT ARPT REVENUE,,DBT,US,2026-01
US795576NW30,US795576NW30,795576NW3,SALT LAKE CITY UT ARPT REVENUE,,DBT,US,2026-01
US795685JG26,US795685JG26,795685JG2,SALT LAKE CNTY UT SALES TAX RE,,DBT,US,2026-01
US79574CGY30,US79574CGY30,79574CGY3,SALT RIVER AZ PROJ AGRIC IMPT&,,DBT,US,2026-01
US79625GGQ01,US79625GGQ01,79625GGQ0,SAN ANTONIO TX ELEC & GAS REVE,,DBT,US,2026-02
US796334BK54,US796334BK54,796334BK5,SAN ANTONIO TX PUB FACS CORP L,,DBT,US,2026-01
US796720GG99,US796720GG99,796720GG9,SAN BERNARDINO CA CMNTY CLG DI,,DBT,US,2026-02
US797272KA81,US797272KA81,797272KA8,SAN DIEGO CA CMNTY CLG DIST,,DBT,US,2026-02
US797272KC48,US797272KC48,797272KC4,SAN DIEGO CA CMNTY CLG DIST,,DBT,US,2026-02
US797330AP29,US797330AP29,797330AP2,SAN DIEGO CA TOBACCO SETTLEMEN,,DBT,US,2026-02
US797355N260,US797355N260,797355N26,SAN DIEGO CA UNIF SCH DIST,,DBT,US,2026-02
US797355N344,US797355N344,797355N34,SAN DIEGO CA UNIF SCH DIST,,DBT,US,2026-02
US797355N591,US797355N591,797355N59,SAN DIEGO CA UNIF SCH DIST,,DBT,US,2026-02
US797355N757,US797355N757,797355N75,SAN DIEGO CA UNIF SCH DIST,,DBT,US,2026-02
US797355Q560,US797355Q560,797355Q56,SAN DIEGO CA UNIF SCH DIST,,DBT,US,2026-02
US797356GL00,US797356GL00,797356GL0,SAN DIEGO CA UNIF SCH DIST,,DBT,US,2026-01
US79739GMX15,US79739GMX15,79739GMX1,SAN DIEGO CNTY CA REGL ARPT AU,,DBT,US,2026-01
US797440BU77,US797440BU77,797440BU7,SAN DIEGO G & E,,DBT,US,2026-01
US79766DVZ94,US79766DVZ94,79766DVZ9,SAN FRANCISCO CA CITY &CNTY AR,,DBT,US,2026-01
US80131RAL87,US80131RAL87,80131RAL8,SANTA BARBARA CA SECONDARY HIG,,DBT,US,2026-02
US804828AC50,US804828AC50,804828AC5,SAVANNAH GEORGIA CONVENTION CT,,DBT,US,2026-01
US804828AE17,US804828AE17,804828AE1,SAVANNAH GEORGIA CONVENTION CT,,DBT,US,2026-01
US80874DAA46,US80874DAA46,80874DAA4,SC GAMES HOLDIN/US FINCO,,DBT,US,2026-01
US80585TCT60,US80585TCT60,80585TCT6,SCAGO Educational Facilities Corp. for Pickens School District,,DBT,US,2025-11
US80585TCU34,US80585TCU34,80585TCU3,SCAGO Educational Facilities Corp. for Pickens School District,,DBT,US,2025-11
US78433BAA61,US78433BAA61,78433BAA6,SCIH SALT HOLDINGS INC,,DBT,US,2026-01
US78433BAB45,US78433BAB45,78433BAB4,SCIH SALT HOLDINGS INC,,DBT,US,2026-01
US81105DAA37,US81105DAA37,81105DAA3,SCRIPPS ESCROW II INC,,DBT,US,2026-01
US81105DAB10,US81105DAB10,81105DAB1,SCRIPPS ESCROW II INC,,DBT,US,2026-01
US812127AA61,US812127AA61,812127AA6,SEALED AIR/SEALED AIR US,,DBT,US,2026-01
US812127AB45,US812127AB45,812127AB4,SEALED AIR/SEALED AIR US,,DBT,US,2026-02
US812728XT58,US812728XT58,812728XT5,SEATTLE WA WTR SYS REVENUE,,DBT,US,2026-01
US81728UAA25,US81728UAA25,81728UAA2,SENSATA TECH INC,,DBT,US,2026-01
US81728UAB08,US81728UAB08,81728UAB0,SENSATA TECHNOLOGIES INC,,DBT,US,2026-01
US81728UAC80,US81728UAC80,81728UAC8,SENSATA TECHNOLOGIES INC,,DBT,US,2026-02
US81880AAA07,US81880AAA07,81880AAA0,SGUS LLC,,DBT,US,2026-01
US82088KAK43,US82088KAK43,82088KAK4,SHEA HOMES LP/FNDG CP,,DBT,US,2026-01
US82453AAB35,US82453AAB35,82453AAB3,SHIFT4 PAYMENTS LLC/FIN,,DBT,US,2026-02
XS3068797078,XS3068797078,000000000,SHIFT4 PAYMENTS LLC/FIN,,DBT,US,2026-01
US82568NAC56,US82568NAC56,82568NAC5,SHUTTERFLY FINANCE LLC,,DBT,US,2026-01
US82873MAA18,US82873MAA18,82873MAA1,SIMMONS FOOD INC/SIMMONS,,DBT,US,2026-01
US83002YAA73,US83002YAA73,83002YAA7,SIX FLAGS ENT/SIX FLAG,,DBT,US,2026-02
US83003AAA88,US83003AAA88,83003AAA8,SIX FLAGS/CAN WON/MILLEN,,DBT,US,2026-02
US150190AB26,US150190AB26,150190AB2,SIX FLAGS/CANADA WON,,DBT,US,2026-01
US150190AE64,US150190AE64,150190AE6,SIX FLAGS/CANADA WON,,DBT,US,2026-01
US829932AB85,US829932AB85,829932AB8,SIXTH STREET LENDING PAR,,DBT,US,2026-01
US829932AD42,US829932AD42,829932AD4,SIXTH STREET LENDING PAR,,DBT,US,2026-01
US829932AF99,US829932AF99,829932AF9,SIXTH STREET LENDING PAR,,DBT,US,2026-01
US83283WAE30,US83283WAE30,83283WAE3,SMYRNA READY MIX CONCRET,,DBT,US,2026-02
US85236FAA12,US85236FAA12,85236FAA1,SMYRNA READY MIX CONCRET,,DBT,US,2026-01
US83007CAB81,US83007CAB81,83007CAB8,SOUTH BOW USA INFRA HLDS,,DBT,US,2026-01
US83007CAD48,US83007CAD48,83007CAD4,SOUTH BOW USA INFRA HLDS,,DBT,US,2026-01
US8371516L80,US8371516L80,8371516L8,SOUTH CAROLINA ST PUBLIC SVC A,,DBT,US,2026-01
US84136HCF82,US84136HCF82,84136HCF8,SOUTHEAST ENERGY AUTHORITY A C,,DBT,US,2026-02
US842400JB09,US842400JB09,842400JB0,SOUTHERN CAL EDISON,,DBT,US,2026-01
US845437BS08,US845437BS08,845437BS0,SOUTHWESTERN ELEC POWER,,DBT,US,2026-01
US84749AAC18,US84749AAC18,84749AAC1,SPECIALTY BUILDING PRODU,,DBT,US,2026-01
US84779MAA27,US84779MAA27,84779MAA2,SPEEDWAY MOT/SPEEDWAY FD,,DBT,US,2026-01
US849476XD37,US849476XD37,849476XD3,SPRING BRANCH TX INDEP SCH DIS,,DBT,US,2026-01
US850001CF32,US850001CF32,850001CF3,SPRING TX INDEP SCH DIST,,DBT,US,2026-02
US851035VX01,US851035VX01,851035VX0,SPRINGFIELD MO SCH DIST #R-12,,DBT,US,2026-02
US758071AA21,US758071AA21,758071AA2,SPX FLOW INC,,DBT,US,2026-01
US852640AE12,US852640AE12,852640AE1,STAMFORD CT HSG AUTH,,DBT,US,2026-01
US852640AL54,US852640AL54,852640AL5,STAMFORD CT HSG AUTH,,DBT,US,2026-01
US853191AA25,US853191AA25,853191AA2,STANDARD BUILDING SOLUTI,,DBT,US,2026-02
US853191AC80,US853191AC80,853191AC8,STANDARD BUILDING SOLUTI,,DBT,US,2026-01
US853192AA08,US853192AA08,853192AA0,STANDARD BUILDING SOLUTI,,DBT,US,2026-02
US09659DAC02,US09659DAC02,09659DAC0,STANFORD UNIVERSITY,,DBT,US,2026-01
US85440KAC80,US85440KAC80,85440KAC8,STANFORD UNIVERSITY,,DBT,US,2026-03
US854502AK74,US854502AK74,854502AK7,STANLEY BLACK & DECKER I,,DBT,US,2026-01
US85513AAA60,US85513AAA60,85513AAA6,STAR HOLDING LLC,,DBT,US,2026-01
US854938AA54,US854938AA54,854938AA5,STAR LEASING CO LLC,,DBT,US,2026-01
US857449AC65,US857449AC65,857449AC6,STATE STREET BANK & TR,,DBT,US,2026-01
US857449AD49,US857449AD49,857449AD4,STATE STREET BANK & TR,,DBT,US,2026-01
US857449AE22,US857449AE22,857449AE2,STATE STREET BANK & TR,,DBT,US,2026-01
US861036AB75,US861036AB75,861036AB7,STL HOLDING CO LLC,,DBT,US,2026-01
US86177CAA71,US86177CAA71,86177CAA7,STONEBRIAR ABF LLC,,DBT,US,2026-01
US861932AA97,US861932AA97,861932AA9,STONEPEAK NILE PARENT,,DBT,US,2026-03
US86189AAA79,US86189AAA79,86189AAA7,STONEX ESCROW ISSUER LLC,,DBT,US,2026-02
US864486AL98,US864486AL98,864486AL9,SUBURBAN PROPANE PARTNRS,,DBT,US,2026-02
US86480TAA25,US86480TAA25,86480TAA2,SUFFOLK REGL OFF-TRACK BETTING,,DBT,US,2026-01
US86480TAC80,US86480TAC80,86480TAC8,SUFFOLK REGL OFF-TRACK BETTING,,DBT,US,2026-01
US866677AF41,US866677AF41,866677AF4,SUN COMMUNITIES OPER LP,,DBT,US,2026-03
US86765LAN73,US86765LAN73,86765LAN7,SUNOCO LP/FINANCE CORP,,DBT,US,2026-01
US86765LAQ05,US86765LAQ05,86765LAQ0,SUNOCO LP/FINANCE CORP,,DBT,US,2026-01
US86765LAT44,US86765LAT44,86765LAT4,SUNOCO LP/FINANCE CORP,,DBT,US,2026-01
US86765LAZ04,US86765LAZ04,86765LAZ0,SUNOCO LP/FINANCE CORP,,DBT,US,2026-01
US78488XAA28,US78488XAA28,78488XAA2,SV RNO PROPERTY OWNER 1,,DBT,US,2026-02
US87166FAE34,US87166FAE34,87166FAE3,SYNCHRONY BANK,,DBT,US,2026-01
US87191JAA25,US87191JAA25,87191JAA2,SYNERGY INFRASTRUCTURE H,,DBT,US,2026-01
US871911AU71,US871911AU71,871911AU7,SYSTEM ENERGY RESOURCES,,DBT,US,2026-03
US785840JP51,US785840JP51,785840JP5,Sacramento Area Flood Control Agency,,DBT,US,2025-11
US785849VC10,US785849VC10,785849VC1,Sacramento City Financing Authority,,DBT,US,2025-11
US785870P671,US785870P671,785870P67,Sacramento City Unified School District,,DBT,US,2025-11
US785870R404,US785870R404,785870R40,Sacramento City Unified School District,,DBT,US,2025-11
US786005A998,US786005A998,786005A99,Sacramento Municipal Utility District,,DBT,US,2025-11
US786005B236,US786005B236,786005B23,Sacramento Municipal Utility District,,DBT,US,2025-11
US786005C713,US786005C713,786005C71,Sacramento Municipal Utility District,,DBT,US,2025-11
US786005C895,US786005C895,786005C89,Sacramento Municipal Utility District,,DBT,US,2025-11
US786005C978,US786005C978,786005C97,Sacramento Municipal Utility District,,DBT,US,2025-11
US786005E537,US786005E537,786005E53,Sacramento Municipal Utility District,,DBT,US,2025-11
US786005E792,US786005E792,786005E79,Sacramento Municipal Utility District,,DBT,US,2025-11
US786005F526,US786005F526,786005F52,Sacramento Municipal Utility District,,DBT,US,2025-11
US786005H845,US786005H845,786005H84,Sacramento Municipal Utility District,,DBT,US,2025-11
US786005K567,US786005K567,786005K56,Sacramento Municipal Utility District,,DBT,US,2025-11
US786005K641,US786005K641,786005K64,Sacramento Municipal Utility District,,DBT,US,2025-11
US786005N611,US786005N611,786005N61,Sacramento Municipal Utility District,,DBT,US,2025-11
US786005N793,US786005N793,786005N79,Sacramento Municipal Utility District,,DBT,US,2025-11
US786074BV56,US786074BV56,786074BV5,Sacramento Transportation Authority Sales Tax,,DBT,US,2025-11
US569203NH13,US569203NH13,569203NH1,Salem-Keizer School District No. 24J,,DBT,US,2025-11
US569203NJ78,US569203NJ78,569203NJ7,Salem-Keizer School District No. 24J,,DBT,US,2025-11
US569203NK42,US569203NK42,569203NK4,Salem-Keizer School District No. 24J,,DBT,US,2025-11
US569203NL25,US569203NL25,569203NL2,Salem-Keizer School District No. 24J,,DBT,US,2025-11
US79467BBU89,US79467BBU89,79467BBU8,Sales Tax Securitization Corp.,,DBT,US,2025-11
US79467BCU70,US79467BCU70,79467BCU7,Sales Tax Securitization Corp.,,DBT,US,2025-11
US79467BCV53,US79467BCV53,79467BCV5,Sales Tax Securitization Corp.,,DBT,US,2025-11
US79467BCX10,US79467BCX10,79467BCX1,Sales Tax Securitization Corp.,,DBT,US,2025-11
US79467BDA08,US79467BDA08,79467BDA0,Sales Tax Securitization Corp.,,DBT,US,2025-11
US79467BED38,US79467BED38,79467BED3,Sales Tax Securitization Corp.,,DBT,US,2025-11
US79467BEF85,US79467BEF85,79467BEF8,Sales Tax Securitization Corp.,,DBT,US,2025-11
US79467BEH42,US79467BEH42,79467BEH4,Sales Tax Securitization Corp.,,DBT,US,2025-11
US79467BHM00,US79467BHM00,79467BHM0,Sales Tax Securitization Corp.,,DBT,US,2025-11
US79467BHN82,US79467BHN82,79467BHN8,Sales Tax Securitization Corp.,,DBT,US,2025-11
US79467BHU26,US79467BHU26,79467BHU2,Sales Tax Securitization Corp.,,DBT,US,2025-11
US79467BHZ13,US79467BHZ13,79467BHZ1,Sales Tax Securitization Corp.,,DBT,US,2025-11
US79467BJP13,US79467BJP13,79467BJP1,Sales Tax Securitization Corp.,,DBT,US,2025-11
US79467BJX47,US79467BJX47,79467BJX4,Sales Tax Securitization Corp.,,DBT,US,2025-11
US79467BKE47,US79467BKE47,79467BKE4,Sales Tax Securitization Corp.,,DBT,US,2025-11
US79467BKG94,US79467BKG94,79467BKG9,Sales Tax Securitization Corp.,,DBT,US,2025-11
US79574CBR34,US79574CBR34,79574CBR3,Salt River Project Agricultural Improvement & Power District,,DBT,US,2025-11
US79574CBS17,US79574CBS17,79574CBS1,Salt River Project Agricultural Improvement & Power District,,DBT,US,2025-11
US79574CBT99,US79574CBT99,79574CBT9,Salt River Project Agricultural Improvement & Power District,,DBT,US,2025-11
US79574CBZ59,US79574CBZ59,79574CBZ5,Salt River Project Agricultural Improvement & Power District,,DBT,US,2025-11
US79574CCB72,US79574CCB72,79574CCB7,Salt River Project Agricultural Improvement & Power District,,DBT,US,2025-11
US79574CCD39,US79574CCD39,79574CCD3,Salt River Project Agricultural Improvement & Power District,,DBT,US,2025-11
US79574CCL54,US79574CCL54,79574CCL5,Salt River Project Agricultural Improvement & Power District,,DBT,US,2025-11
US79574CCM38,US79574CCM38,79574CCM3,Salt River Project Agricultural Improvement & Power District,,DBT,US,2025-11
US79574CCQ42,US79574CCQ42,79574CCQ4,Salt River Project Agricultural Improvement & Power District,,DBT,US,2025-11
US79574CCR25,US79574CCR25,79574CCR2,Salt River Project Agricultural Improvement & Power District,,DBT,US,2025-11
US79574CCX92,US79574CCX92,79574CCX9,Salt River Project Agricultural Improvement & Power District,,DBT,US,2025-11
US79574CCY75,US79574CCY75,79574CCY7,Salt River Project Agricultural Improvement & Power District,,DBT,US,2025-11
US79574CDY66,US79574CDY66,79574CDY6,Salt River Project Agricultural Improvement & Power District,,DBT,US,2025-11
US79574CEB54,US79574CEB54,79574CEB5,Salt River Project Agricultural Improvement & Power District,,DBT,US,2025-11
US79574CEE93,US79574CEE93,79574CEE9,Salt River Project Agricultural Improvement & Power District,,DBT,US,2025-11
US79574CEF68,US79574CEF68,79574CEF6,Salt River Project Agricultural Improvement & Power District,,DBT,US,2025-11
US79574CEY57,US79574CEY57,79574CEY5,Salt River Project Agricultural Improvement & Power District,,DBT,US,2025-11
US79574CFM01,US79574CFM01,79574CFM0,Salt River Project Agricultural Improvement & Power District,,DBT,US,2025-11
US79574CFR97,US79574CFR97,79574CFR9,Salt River Project Agricultural Improvement & Power District,,DBT,US,2025-11
US79574CGM91,US79574CGM91,79574CGM9,Salt River Project Agricultural Improvement & Power District,,DBT,US,2025-11
US79574CGN74,US79574CGN74,79574CGN7,Salt River Project Agricultural Improvement & Power District,,DBT,US,2025-11
US79574CGV90,US79574CGV90,79574CGV9,Salt River Project Agricultural Improvement & Power District,,DBT,US,2025-11
US796116UM12,US796116UM12,796116UM1,San Angelo Independent School District,,DBT,US,2025-11
US796269M886,US796269M886,796269M88,San Antonio Independent School District,,DBT,US,2025-11
US796269N207,US796269N207,796269N20,San Antonio Independent School District,,DBT,US,2025-11
US796269N389,US796269N389,796269N38,San Antonio Independent School District,,DBT,US,2025-11
US796334AS99,US796334AS99,796334AS9,San Antonio Public Facilities Corp.,,DBT,US,2025-11
US79642B3X93,US79642B3X93,79642B3X9,San Antonio Water System,,DBT,US,2025-11
US79642B3Y76,US79642B3Y76,79642B3Y7,San Antonio Water System,,DBT,US,2025-11
US79642B3Z42,US79642B3Z42,79642B3Z4,San Antonio Water System,,DBT,US,2025-11
US79642B4C48,US79642B4C48,79642B4C4,San Antonio Water System,,DBT,US,2025-11
US79642BW338,US79642BW338,79642BW33,San Antonio Water System,,DBT,US,2025-11
US79642GHU94,US79642GHU94,79642GHU9,San Antonio Water System,,DBT,US,2025-11
US79642GKV31,US79642GKV31,79642GKV3,San Antonio Water System,,DBT,US,2025-11
US79642GMZ27,US79642GMZ27,79642GMZ2,San Antonio Water System,,DBT,US,2025-11
US79642GSA12,US79642GSA12,79642GSA1,San Antonio Water System,,DBT,US,2025-11
US79642GSB94,US79642GSB94,79642GSB9,San Antonio Water System,,DBT,US,2025-11
US79642GSC77,US79642GSC77,79642GSC7,San Antonio Water System,,DBT,US,2025-11
US79642GSD50,US79642GSD50,79642GSD5,San Antonio Water System,,DBT,US,2025-11
US79642GTJ12,US79642GTJ12,79642GTJ1,San Antonio Water System,,DBT,US,2025-11
US79642GTQ54,US79642GTQ54,79642GTQ5,San Antonio Water System,,DBT,US,2025-11
US796720RV48,US796720RV48,796720RV4,San Bernardino Community College District,,DBT,US,2025-11
US796720RZ51,US796720RZ51,796720RZ5,San Bernardino Community College District,,DBT,US,2025-11
US796720SA91,US796720SA91,796720SA9,San Bernardino Community College District,,DBT,US,2025-11
US797257AX02,US797257AX02,797257AX0,San Diego Association of Governments South Bay Expressway,,DBT,US,2025-11
US797272PU90,US797272PU90,797272PU9,San Diego Community College District,,DBT,US,2025-11
US79739GKY16,US79739GKY16,79739GKY1,San Diego County Regional Airport Authority,,DBT,US,2025-11
US79739GLA21,US79739GLA21,79739GLA2,San Diego County Regional Airport Authority,,DBT,US,2025-11
US79739GLC86,US79739GLC86,79739GLC8,San Diego County Regional Airport Authority,,DBT,US,2025-11
US79739GLE43,US79739GLE43,79739GLE4,San Diego County Regional Airport Authority,,DBT,US,2025-11
US79739GLF18,US79739GLF18,79739GLF1,San Diego County Regional Airport Authority,,DBT,US,2025-11
US79739GMW32,US79739GMW32,79739GMW3,San Diego County Regional Airport Authority,,DBT,US,2025-11
US79739GNA03,US79739GNA03,79739GNA0,San Diego County Regional Airport Authority,,DBT,US,2025-11
US797400KW72,US797400KW72,797400KW7,San Diego County Regional Transportation Commission,,DBT,US,2025-11
US797400KX55,US797400KX55,797400KX5,San Diego County Regional Transportation Commission,,DBT,US,2025-11
US797400NX29,US797400NX29,797400NX2,San Diego County Regional Transportation Commission,,DBT,US,2025-11
US797400NY02,US797400NY02,797400NY0,San Diego County Regional Transportation Commission,,DBT,US,2025-11
US797400PM46,US797400PM46,797400PM4,San Diego County Regional Transportation Commission,,DBT,US,2025-11
US797400PP76,US797400PP76,797400PP7,San Diego County Regional Transportation Commission,,DBT,US,2025-11
US797400PT98,US797400PT98,797400PT9,San Diego County Regional Transportation Commission,,DBT,US,2025-11
US797400QB71,US797400QB71,797400QB7,San Diego County Regional Transportation Commission,,DBT,US,2026-02
US797412ED12,US797412ED12,797412ED1,San Diego County Water Authority,,DBT,US,2025-11
US797412EF69,US797412EF69,797412EF6,San Diego County Water Authority,,DBT,US,2025-11
US797412EH26,US797412EH26,797412EH2,San Diego County Water Authority,,DBT,US,2025-11
US79741TBP84,US79741TBP84,79741TBP8,San Diego County Water Authority,,DBT,US,2025-11
US797299RQ93,US797299RQ93,797299RQ9,San Diego Public Facilities Financing Authority,,DBT,US,2025-11
US797299RX45,US797299RX45,797299RX4,San Diego Public Facilities Financing Authority,,DBT,US,2025-11
US797299SC98,US797299SC98,797299SC9,San Diego Public Facilities Financing Authority,,DBT,US,2025-11
US79730AJN90,US79730AJN90,79730AJN9,San Diego Public Facilities Financing Authority,,DBT,US,2025-11
US79730CGT53,US79730CGT53,79730CGT5,San Diego Public Facilities Financing Authority,,DBT,US,2025-11
US79730CJB19,US79730CJB19,79730CJB1,San Diego Public Facilities Financing Authority,,DBT,US,2025-11
US79730CKJ26,US79730CKJ26,79730CKJ2,San Diego Public Facilities Financing Authority,,DBT,US,2025-11
US79730CKP85,US79730CKP85,79730CKP8,San Diego Public Facilities Financing Authority,,DBT,US,2025-11
US79730CLN29,US79730CLN29,79730CLN2,San Diego Public Facilities Financing Authority,,DBT,US,2025-11
US7973554N10,US7973554N10,7973554N1,San Diego Unified School District,,DBT,US,2025-11
US7973554T89,US7973554T89,7973554T8,San Diego Unified School District,,DBT,US,2025-11
US7973555X82,US7973555X82,7973555X8,San Diego Unified School District,,DBT,US,2025-11
US7973558W72,US7973558W72,7973558W7,San Diego Unified School District,,DBT,US,2025-11
US797355L850,US797355L850,797355L85,San Diego Unified School District,,DBT,US,2025-11
US797355M502,US797355M502,797355M50,San Diego Unified School District,,DBT,US,2025-11
US797355M684,US797355M684,797355M68,San Diego Unified School District,,DBT,US,2025-11
US797355M767,US797355M767,797355M76,San Diego Unified School District,,DBT,US,2025-11
US797355M841,US797355M841,797355M84,San Diego Unified School District,,DBT,US,2025-11
US797355N674,US797355N674,797355N67,San Diego Unified School District,,DBT,US,2025-11
US797355N831,US797355N831,797355N83,San Diego Unified School District,,DBT,US,2025-11
US797355N914,US797355N914,797355N91,San Diego Unified School District,,DBT,US,2025-11
US797355P240,US797355P240,797355P24,San Diego Unified School District,,DBT,US,2025-11
US797355P406,US797355P406,797355P40,San Diego Unified School District,,DBT,US,2025-11
US797355Q230,US797355Q230,797355Q23,San Diego Unified School District,,DBT,US,2025-11
US797355Q313,US797355Q313,797355Q31,San Diego Unified School District,,DBT,US,2025-11
US797355Q495,US797355Q495,797355Q49,San Diego Unified School District,,DBT,US,2025-11
US797355Q644,US797355Q644,797355Q64,San Diego Unified School District,,DBT,US,2025-11
US797355R303,US797355R303,797355R30,San Diego Unified School District,,DBT,US,2025-11
US797355R485,US797355R485,797355R48,San Diego Unified School District,,DBT,US,2025-11
US797355R550,US797355R550,797355R55,San Diego Unified School District,,DBT,US,2025-11
US797356BB72,US797356BB72,797356BB7,San Diego Unified School District,,DBT,US,2025-11
US797356BC55,US797356BC55,797356BC5,San Diego Unified School District,,DBT,US,2025-11
US797356BY75,US797356BY75,797356BY7,San Diego Unified School District,,DBT,US,2025-11
US797356EL28,US797356EL28,797356EL2,San Diego Unified School District,,DBT,US,2025-11
US797356EM01,US797356EM01,797356EM0,San Diego Unified School District,,DBT,US,2025-11
US797356EU27,US797356EU27,797356EU2,San Diego Unified School District,,DBT,US,2025-11
US797356EW82,US797356EW82,797356EW8,San Diego Unified School District,,DBT,US,2025-11
US797356FT45,US797356FT45,797356FT4,San Diego Unified School District,,DBT,US,2025-11
US797356JG87,US797356JG87,797356JG8,San Diego Unified School District,,DBT,US,2025-11
US797356JN39,US797356JN39,797356JN3,San Diego Unified School District,,DBT,US,2025-11
US797356JP86,US797356JP86,797356JP8,San Diego Unified School District,,DBT,US,2025-11
US797356NS79,US797356NS79,797356NS7,San Diego Unified School District,,DBT,US,2025-11
US797356RW46,US797356RW46,797356RW4,San Diego Unified School District,,DBT,US,2025-11
US797356TM46,US797356TM46,797356TM4,San Diego Unified School District,,DBT,US,2025-11
US797356TV45,US797356TV45,797356TV4,San Diego Unified School District,,DBT,US,2025-11
US797661B951,US797661B951,797661B95,San Francisco Bay Area Rapid Transit District,,DBT,US,2025-11
US797661C868,US797661C868,797661C86,San Francisco Bay Area Rapid Transit District,,DBT,US,2025-11
US797661WQ47,US797661WQ47,797661WQ4,San Francisco Bay Area Rapid Transit District,,DBT,US,2025-11
US797661WR20,US797661WR20,797661WR2,San Francisco Bay Area Rapid Transit District,,DBT,US,2025-11
US797661WX97,US797661WX97,797661WX9,San Francisco Bay Area Rapid Transit District,,DBT,US,2025-11
US797661YF63,US797661YF63,797661YF6,San Francisco Bay Area Rapid Transit District,,DBT,US,2025-11
US797661ZQ10,US797661ZQ10,797661ZQ1,San Francisco Bay Area Rapid Transit District,,DBT,US,2025-11
US797661ZV05,US797661ZV05,797661ZV0,San Francisco Bay Area Rapid Transit District,,DBT,US,2025-11
US797661ZX60,US797661ZX60,797661ZX6,San Francisco Bay Area Rapid Transit District,,DBT,US,2025-11
US797669ZD33,US797669ZD33,797669ZD3,San Francisco Bay Area Rapid Transit District Sales Tax,,DBT,US,2025-11
US797669ZE16,US797669ZE16,797669ZE1,San Francisco Bay Area Rapid Transit District Sales Tax,,DBT,US,2025-11
US797669ZG63,US797669ZG63,797669ZG6,San Francisco Bay Area Rapid Transit District Sales Tax,,DBT,US,2025-11
US79766DGG88,US79766DGG88,79766DGG8,San Francisco City & County Airport Comm-San Francisco International Airport,,DBT,US,2025-11
US79766DKK45,US79766DKK45,79766DKK4,San Francisco City & County Airport Comm-San Francisco International Airport,,DBT,US,2025-11
US79766DLJ62,US79766DLJ62,79766DLJ6,San Francisco City & County Airport Comm-San Francisco International Airport,,DBT,US,2025-11
US79766DSC47,US79766DSC47,79766DSC4,San Francisco City & County Airport Comm-San Francisco International Airport,,DBT,US,2025-11
US79766DTS89,US79766DTS89,79766DTS8,San Francisco City & County Airport Comm-San Francisco International Airport,,DBT,US,2025-11
US79766DTU36,US79766DTU36,79766DTU3,San Francisco City & County Airport Comm-San Francisco International Airport,,DBT,US,2025-11
US79766DUN73,US79766DUN73,79766DUN7,San Francisco City & County Airport Comm-San Francisco International Airport,,DBT,US,2025-11
US79766DWZ85,US79766DWZ85,79766DWZ8,San Francisco City & County Airport Comm-San Francisco International Airport,,DBT,US,2025-11
US79766DXA26,US79766DXA26,79766DXA2,San Francisco City & County Airport Comm-San Francisco International Airport,,DBT,US,2025-11
US79766DXC81,US79766DXC81,79766DXC8,San Francisco City & County Airport Comm-San Francisco International Airport,,DBT,US,2025-11
US79766DXD64,US79766DXD64,79766DXD6,San Francisco City & County Airport Comm-San Francisco International Airport,,DBT,US,2025-11
US79771KCC80,US79771KCC80,79771KCC8,San Francisco City & County Public Utilities Commission Power,,DBT,US,2025-11
US79771KEB89,US79771KEB89,79771KEB8,San Francisco City & County Public Utilities Commission Power,,DBT,US,2025-11
US79771KEC62,US79771KEC62,79771KEC6,San Francisco City & County Public Utilities Commission Power,,DBT,US,2025-11
US79768HCG11,US79768HCG11,79768HCG1,San Francisco City & County Public Utilities Commission Wastewater,,DBT,US,2025-11
US79768HET14,US79768HET14,79768HET1,San Francisco City & County Public Utilities Commission Wastewater,,DBT,US,2025-11
US79768HFR49,US79768HFR49,79768HFR4,San Francisco City & County Public Utilities Commission Wastewater,,DBT,US,2025-11
US79768HFS22,US79768HFS22,79768HFS2,San Francisco City & County Public Utilities Commission Wastewater,,DBT,US,2025-11
US79768HFV50,US79768HFV50,79768HFV5,San Francisco City & County Public Utilities Commission Wastewater,,DBT,US,2025-11
US79768HHF82,US79768HHF82,79768HHF8,San Francisco City & County Public Utilities Commission Wastewater,,DBT,US,2025-11
US79768HHG65,US79768HHG65,79768HHG6,San Francisco City & County Public Utilities Commission Wastewater,,DBT,US,2025-11
US79768HHH49,US79768HHH49,79768HHH4,San Francisco City & County Public Utilities Commission Wastewater,,DBT,US,2025-11
US79768HKN79,US79768HKN79,79768HKN7,San Francisco City & County Public Utilities Commission Wastewater,,DBT,US,2025-11
US79768HKP28,US79768HKP28,79768HKP2,San Francisco City & County Public Utilities Commission Wastewater,,DBT,US,2025-11
US798025PX46,US798025PX46,798025PX4,San Jacinto Community College District,,DBT,US,2025-11
US798110CQ38,US798110CQ38,798110CQ3,San Joaquin County Transportation Authority Measure K Sales Tax,,DBT,US,2025-11
US798111BC34,US798111BC34,798111BC3,San Joaquin Hills Transportation Corridor Agency,,DBT,US,2025-11
US798111GS31,US798111GS31,798111GS3,San Joaquin Hills Transportation Corridor Agency,,DBT,US,2025-11
US798111GT14,US798111GT14,798111GT1,San Joaquin Hills Transportation Corridor Agency,,DBT,US,2025-11
US798189TG11,US798189TG11,798189TG1,San Jose Evergreen Community College District,,DBT,US,2025-11
US798186K504,US798186K504,798186K50,San Jose Unified School District,,DBT,US,2025-11
US798186VL39,US798186VL39,798186VL3,San Jose Unified School District,,DBT,US,2025-11
US798186VN94,US798186VN94,798186VN9,San Jose Unified School District,,DBT,US,2025-11
US798186VP43,US798186VP43,798186VP4,San Jose Unified School District,,DBT,US,2025-11
US798306YW04,US798306YW04,798306YW0,San Juan Unified School District,,DBT,US,2025-11
US798781H789,US798781H789,798781H78,San Marcos Consolidated Independent School District,,DBT,US,2025-11
US798755DP61,US798755DP61,798755DP6,San Marcos Unified School District,,DBT,US,2025-11
US798755HY33,US798755HY33,798755HY3,San Marcos Unified School District,,DBT,US,2025-11
US799038DM38,US799038DM38,799038DM3,San Mateo County Community College District,,DBT,US,2025-11
US799038EM29,US799038EM29,799038EM2,San Mateo County Community College District,,DBT,US,2025-11
US799038GG33,US799038GG33,799038GG3,San Mateo County Community College District,,DBT,US,2025-11
US799038GJ71,US799038GJ71,799038GJ7,San Mateo County Community College District,,DBT,US,2025-11
US799038GK45,US799038GK45,799038GK4,San Mateo County Community College District,,DBT,US,2025-11
US799038NA89,US799038NA89,799038NA8,San Mateo County Community College District,,DBT,US,2025-11
US79905VAX91,US79905VAX91,79905VAX9,San Mateo Foster City Public Financing Authority,,DBT,US,2025-11
US799055LS55,US799055LS55,799055LS5,San Mateo Foster City School District,,DBT,US,2025-11
US799017GT90,US799017GT90,799017GT9,San Mateo Union High School District,,DBT,US,2025-11
US799017GU63,US799017GU63,799017GU6,San Mateo Union High School District,,DBT,US,2025-11
US799017HW11,US799017HW11,799017HW1,San Mateo Union High School District,,DBT,US,2025-11
US799561PW94,US799561PW94,799561PW9,San Ysidro School District,,DBT,US,2025-11
US801155RL83,US801155RL83,801155RL8,Santa Ana Unified School District,,DBT,US,2025-11
US80131RAG92,US80131RAG92,80131RAG9,Santa Barbara Secondary High School District,,DBT,US,2025-11
US801315KH42,US801315KH42,801315KH4,Santa Barbara Unified School District,,DBT,US,2025-11
US8014952D38,US8014952D38,8014952D3,Santa Clara Unified School District,,DBT,US,2025-11
US801495Z965,US801495Z965,801495Z96,Santa Clara Unified School District,,DBT,US,2025-11
US80168NJM20,US80168NJM20,80168NJM2,Santa Clara Valley Transportation Authority,,DBT,US,2025-11
US80168NJQ34,US80168NJQ34,80168NJQ3,Santa Clara Valley Transportation Authority,,DBT,US,2025-11
US80168NJS99,US80168NJS99,80168NJS9,Santa Clara Valley Transportation Authority,,DBT,US,2025-11
US80168QDZ28,US80168QDZ28,80168QDZ2,Santa Clara Valley Water District,,DBT,US,2025-11
US801686PV24,US801686PV24,801686PV2,Santa Clarita Community College District,,DBT,US,2025-11
US802385QT45,US802385QT45,802385QT4,Santa Monica Community College District,,DBT,US,2025-11
US802385QU18,US802385QU18,802385QU1,Santa Monica Community College District,,DBT,US,2025-11
US802385SG06,US802385SG06,802385SG0,Santa Monica Community College District,,DBT,US,2025-11
US802498F911,US802498F911,802498F91,Santa Monica-Malibu Unified School District,,DBT,US,2025-11
US802498XL48,US802498XL48,802498XL4,Santa Monica-Malibu Unified School District,,DBT,US,2025-11
US802498YL39,US802498YL39,802498YL3,Santa Monica-Malibu Unified School District,,DBT,US,2025-11
US59333MG254,US59333MG254,59333MG25,School Board of Miami-Dade County (The),,DBT,US,2025-11
US59333MT703,US59333MT703,59333MT70,School Board of Miami-Dade County (The),,DBT,US,2025-11
US59333MU297,US59333MU297,59333MU29,School Board of Miami-Dade County (The),,DBT,US,2025-11
US59333MW681,US59333MW681,59333MW68,School Board of Miami-Dade County (The),,DBT,US,2025-11
US59333MW764,US59333MW764,59333MW76,School Board of Miami-Dade County (The),,DBT,US,2025-11
US59333MX267,US59333MX267,59333MX26,School Board of Miami-Dade County (The),,DBT,US,2025-11
US59333RMJ04,US59333RMJ04,59333RMJ0,School Board of Miami-Dade County (The),,DBT,US,2026-02
US59333RMK76,US59333RMK76,59333RMK7,School Board of Miami-Dade County (The),,DBT,US,2026-02
US115065B521,US115065B521,115065B52,School District of Broward County,,DBT,US,2025-11
US115065C362,US115065C362,115065C36,School District of Broward County,,DBT,US,2025-11
US115065C446,US115065C446,115065C44,School District of Broward County,,DBT,US,2025-11
US115065C693,US115065C693,115065C69,School District of Broward County,,DBT,US,2025-11
US115065D683,US115065D683,115065D68,School District of Broward County,,DBT,US,2025-11
US115065D923,US115065D923,115065D92,School District of Broward County,,DBT,US,2025-11
US115065ZN77,US115065ZN77,115065ZN7,School District of Broward County,,DBT,US,2025-11
US717883WG31,US717883WG31,717883WG3,School District of Philadelphia (The),,DBT,US,2025-11
US809545ZY56,US809545ZY56,809545ZY5,Scott County School District Finance Corp.,,DBT,US,2025-11
US816696AJ72,US816696AJ72,816696AJ7,Seminole County School District Sales Tax,,DBT,US,2025-11
US817409V280,US817409V280,817409V28,Sequoia Union High School District,,DBT,US,2025-11
US824178D793,US824178D793,824178D79,Sherman Independent School District,,DBT,US,2025-11
US828641UH14,US828641UH14,828641UH1,Simi Valley Unified School District,,DBT,US,2025-11
US833102F920,US833102F920,833102F92,Snohomish County Public Utility District No. 1 Electric System,,DBT,US,2025-11
US833102ZC32,US833102ZC32,833102ZC3,Snohomish County Public Utility District No. 1 Electric System,,DBT,US,2025-11
US835569GL27,US835569GL27,835569GL2,Sonoma County Junior College District,,DBT,US,2025-11
US8371514F31,US8371514F31,8371514F3,South Carolina Public Service Authority,,DBT,US,2025-11
US8371514R78,US8371514R78,8371514R7,South Carolina Public Service Authority,,DBT,US,2025-11
US8371514T35,US8371514T35,8371514T3,South Carolina Public Service Authority,,DBT,US,2025-11
US8371515A35,US8371515A35,8371515A3,South Carolina Public Service Authority,,DBT,US,2025-11
US8371515P04,US8371515P04,8371515P0,South Carolina Public Service Authority,,DBT,US,2025-11
US8371515Q86,US8371515Q86,8371515Q8,South Carolina Public Service Authority,,DBT,US,2025-11
US8371515R69,US8371515R69,8371515R6,South Carolina Public Service Authority,,DBT,US,2025-11
US8371515S43,US8371515S43,8371515S4,South Carolina Public Service Authority,,DBT,US,2025-11
US8371515T26,US8371515T26,8371515T2,South Carolina Public Service Authority,,DBT,US,2025-11
US8371515V71,US8371515V71,8371515V7,South Carolina Public Service Authority,,DBT,US,2025-11
US8371515W54,US8371515W54,8371515W5,South Carolina Public Service Authority,,DBT,US,2025-11
US8371515X38,US8371515X38,8371515X3,South Carolina Public Service Authority,,DBT,US,2025-11
US8371515Y11,US8371515Y11,8371515Y1,South Carolina Public Service Authority,,DBT,US,2025-11
US8371516P94,US8371516P94,8371516P9,South Carolina Public Service Authority,,DBT,US,2025-11
US8371516Q77,US8371516Q77,8371516Q7,South Carolina Public Service Authority,,DBT,US,2025-11
US837151K246,US837151K246,837151K24,South Carolina Public Service Authority,,DBT,US,2025-11
US837151K402,US837151K402,837151K40,South Carolina Public Service Authority,,DBT,US,2025-11
US837151KX68,US837151KX68,837151KX6,South Carolina Public Service Authority,,DBT,US,2025-11
US837151PM58,US837151PM58,837151PM5,South Carolina Public Service Authority,,DBT,US,2025-11
US837151PS29,US837151PS29,837151PS2,South Carolina Public Service Authority,,DBT,US,2025-11
US837151PT02,US837151PT02,837151PT0,South Carolina Public Service Authority,,DBT,US,2025-11
US837151RS01,US837151RS01,837151RS0,South Carolina Public Service Authority,,DBT,US,2025-11
US837151RT83,US837151RT83,837151RT8,South Carolina Public Service Authority,,DBT,US,2025-11
US837151WT29,US837151WT29,837151WT2,South Carolina Public Service Authority,,DBT,US,2025-11
US837151XA29,US837151XA29,837151XA2,South Carolina Public Service Authority,,DBT,US,2025-11
US837151XX22,US837151XX22,837151XX2,South Carolina Public Service Authority,,DBT,US,2025-11
US837151XY05,US837151XY05,837151XY0,South Carolina Public Service Authority,,DBT,US,2025-11
US837151YU73,US837151YU73,837151YU7,South Carolina Public Service Authority,,DBT,US,2025-11
US837151YV56,US837151YV56,837151YV5,South Carolina Public Service Authority,,DBT,US,2025-11
US837151YX13,US837151YX13,837151YX1,South Carolina Public Service Authority,,DBT,US,2025-11
US837151YZ60,US837151YZ60,837151YZ6,South Carolina Public Service Authority,,DBT,US,2025-11
US837151ZJ10,US837151ZJ10,837151ZJ1,South Carolina Public Service Authority,,DBT,US,2025-11
US837151ZR36,US837151ZR36,837151ZR3,South Carolina Public Service Authority,,DBT,US,2025-11
US837151ZU64,US837151ZU64,837151ZU6,South Carolina Public Service Authority,,DBT,US,2025-11
US837151ZY86,US837151ZY86,837151ZY8,South Carolina Public Service Authority,,DBT,US,2025-11
US837151ZZ51,US837151ZZ51,837151ZZ5,South Carolina Public Service Authority,,DBT,US,2025-11
US83715BAW72,US83715BAW72,83715BAW7,South Carolina Public Service Authority,,DBT,US,2026-02
US83715BBE65,US83715BBE65,83715BBE6,South Carolina Public Service Authority,,DBT,US,2026-02
US83715BBH96,US83715BBH96,83715BBH9,South Carolina Public Service Authority,,DBT,US,2026-02
US83715BBJ52,US83715BBJ52,83715BBJ5,South Carolina Public Service Authority,,DBT,US,2026-02
US837152UW58,US837152UW58,837152UW5,South Carolina Transportation Infrastructure Bank,,DBT,US,2025-11
US837152VX23,US837152VX23,837152VX2,South Carolina Transportation Infrastructure Bank,,DBT,US,2025-11
US837152WB93,US837152WB93,837152WB9,South Carolina Transportation Infrastructure Bank,,DBT,US,2025-11
US837152WL75,US837152WL75,837152WL7,South Carolina Transportation Infrastructure Bank,,DBT,US,2025-11
US837545RY08,US837545RY08,837545RY0,South Dakota Conservancy District,,DBT,US,2025-11
US83786PCS74,US83786PCS74,83786PCS7,South Florida Water Management District,,DBT,US,2025-11
US83786PCU21,US83786PCU21,83786PCU2,South Florida Water Management District,,DBT,US,2025-11
US840058WA51,US840058WA51,840058WA5,South San Francisco Unified School District,,DBT,US,2025-11
US840058WB35,US840058WB35,840058WB3,South San Francisco Unified School District,,DBT,US,2025-11
US842469BK38,US842469BK38,842469BK3,Southern California Public Power Authority,,DBT,US,2025-11
US842469CF34,US842469CF34,842469CF3,Southern California Public Power Authority,,DBT,US,2025-11
US842469CH99,US842469CH99,842469CH9,Southern California Public Power Authority,,DBT,US,2025-11
US842469CK29,US842469CK29,842469CK2,Southern California Public Power Authority,,DBT,US,2025-11
US842469CM84,US842469CM84,842469CM8,Southern California Public Power Authority,,DBT,US,2025-11
US842469DL92,US842469DL92,842469DL9,Southern California Public Power Authority,,DBT,US,2025-11
US842477TZ49,US842477TZ49,842477TZ4,Southern California Public Power Authority,,DBT,US,2025-11
US845267D831,US845267D831,845267D83,Southwest Independent School District,,DBT,US,2025-11
US845389EX97,US845389EX97,845389EX9,Southwestern Community College District,,DBT,US,2025-11
US848712PU32,US848712PU32,848712PU3,Spokane County School District No. 81 Spokane,,DBT,US,2025-11
US848712RQ02,US848712RQ02,848712RQ0,Spokane County School District No. 81 Spokane,,DBT,US,2025-11
US850001BT45,US850001BT45,850001BT4,Spring Independent School District,,DBT,US,2025-11
US857322PX32,US857322PX32,857322PX3,State Public School Building Authority,,DBT,US,2025-11
US85732GUF52,US85732GUF52,85732GUF5,State Public School Building Authority,,DBT,US,2025-11
US010411BR67,US010411BR67,010411BR6,State of Alabama,,DBT,US,2025-11
US040588H321,US040588H321,040588H32,State of Arizona,,DBT,US,2025-11
US041042ZG07,US041042ZG07,041042ZG0,State of Arkansas,,DBT,US,2025-11
US13062TH729,US13062TH729,13062TH72,State of California,,DBT,US,2026-02
US13063C2C38,US13063C2C38,13063C2C3,State of California,,DBT,US,2025-11
US13063C4Q06,US13063C4Q06,13063C4Q0,State of California,,DBT,US,2025-11
US13063C4R88,US13063C4R88,13063C4R8,State of California,,DBT,US,2025-11
US13063C4S61,US13063C4S61,13063C4S6,State of California,,DBT,US,2025-11
US13063C5D83,US13063C5D83,13063C5D8,State of California,,DBT,US,2025-11
US13063C6D74,US13063C6D74,13063C6D7,State of California,,DBT,US,2025-11
US13063C6E57,US13063C6E57,13063C6E5,State of California,,DBT,US,2025-11
US13063C6G06,US13063C6G06,13063C6G0,State of California,,DBT,US,2025-11
US13063C6H88,US13063C6H88,13063C6H8,State of California,,DBT,US,2025-11
US13063C6K18,US13063C6K18,13063C6K1,State of California,,DBT,US,2025-11
US13063C6L90,US13063C6L90,13063C6L9,State of California,,DBT,US,2025-11
US13063C6P05,US13063C6P05,13063C6P0,State of California,,DBT,US,2025-11
US13063C6S44,US13063C6S44,13063C6S4,State of California,,DBT,US,2025-11
US13063C6U99,US13063C6U99,13063C6U9,State of California,,DBT,US,2025-11
US13063C6Z86,US13063C6Z86,13063C6Z8,State of California,,DBT,US,2025-11
US13063C8R43,US13063C8R43,13063C8R4,State of California,,DBT,US,2025-11
US13063C8T09,US13063C8T09,13063C8T0,State of California,,DBT,US,2025-11
US13063CA264,US13063CA264,13063CA26,State of California,,DBT,US,2025-11
US13063CC401,US13063CC401,13063CC40,State of California,,DBT,US,2025-11
US13063CC658,US13063CC658,13063CC65,State of California,,DBT,US,2025-11
US13063CD490,US13063CD490,13063CD49,State of California,,DBT,US,2025-11
US13063CE225,US13063CE225,13063CE22,State of California,,DBT,US,2025-11
US13063CE308,US13063CE308,13063CE30,State of California,,DBT,US,2025-11
US13063CF396,US13063CF396,13063CF39,State of California,,DBT,US,2025-11
US13063CQJ26,US13063CQJ26,13063CQJ2,State of California,,DBT,US,2025-11
US13063CR516,US13063CR516,13063CR51,State of California,,DBT,US,2025-11
US13063CR854,US13063CR854,13063CR85,State of California,,DBT,US,2025-11
US13063CRA08,US13063CRA08,13063CRA0,State of California,,DBT,US,2025-11
US13063CS274,US13063CS274,13063CS27,State of California,,DBT,US,2025-11
US13063CS431,US13063CS431,13063CS43,State of California,,DBT,US,2025-11
US13063CS506,US13063CS506,13063CS50,State of California,,DBT,US,2025-11
US13063CUB44,US13063CUB44,13063CUB4,State of California,,DBT,US,2025-11
US13063CV237,US13063CV237,13063CV23,State of California,,DBT,US,2025-11
US13063CX217,US13063CX217,13063CX21,State of California,,DBT,US,2025-11
US13063CX399,US13063CX399,13063CX39,State of California,,DBT,US,2025-11
US13063CX472,US13063CX472,13063CX47,State of California,,DBT,US,2025-11
US13063CZ600,US13063CZ600,13063CZ60,State of California,,DBT,US,2025-11
US13063CZ865,US13063CZ865,13063CZ86,State of California,,DBT,US,2025-11
US13063CZ949,US13063CZ949,13063CZ94,State of California,,DBT,US,2025-11
US13063CZU79,US13063CZU79,13063CZU7,State of California,,DBT,US,2025-11
US13063CZZ66,US13063CZZ66,13063CZZ6,State of California,,DBT,US,2025-11
US13063D2E75,US13063D2E75,13063D2E7,State of California,,DBT,US,2025-11
US13063D2F41,US13063D2F41,13063D2F4,State of California,,DBT,US,2025-11
US13063D2G24,US13063D2G24,13063D2G2,State of California,,DBT,US,2025-11
US13063D3H97,US13063D3H97,13063D3H9,State of California,,DBT,US,2025-11
US13063D3L00,US13063D3L00,13063D3L0,State of California,,DBT,US,2025-11
US13063D3V81,US13063D3V81,13063D3V8,State of California,,DBT,US,2025-11
US13063D4A36,US13063D4A36,13063D4A3,State of California,,DBT,US,2025-11
US13063D4B19,US13063D4B19,13063D4B1,State of California,,DBT,US,2025-11
US13063D4D74,US13063D4D74,13063D4D7,State of California,,DBT,US,2025-11
US13063D4E57,US13063D4E57,13063D4E5,State of California,,DBT,US,2025-11
US13063D4G06,US13063D4G06,13063D4G0,State of California,,DBT,US,2025-11
US13063D4J45,US13063D4J45,13063D4J4,State of California,,DBT,US,2025-11
US13063D4Q87,US13063D4Q87,13063D4Q8,State of California,,DBT,US,2025-11
US13063D4S44,US13063D4S44,13063D4S4,State of California,,DBT,US,2025-11
US13063D4Z86,US13063D4Z86,13063D4Z8,State of California,,DBT,US,2025-11
US13063D5A27,US13063D5A27,13063D5A2,State of California,,DBT,US,2025-11
US13063D5C82,US13063D5C82,13063D5C8,State of California,,DBT,US,2025-11
US13063D5D65,US13063D5D65,13063D5D6,State of California,,DBT,US,2025-11
US13063D5F14,US13063D5F14,13063D5F1,State of California,,DBT,US,2025-11
US13063D5L81,US13063D5L81,13063D5L8,State of California,,DBT,US,2025-11
US13063D5R51,US13063D5R51,13063D5R5,State of California,,DBT,US,2025-11
US13063D5S35,US13063D5S35,13063D5S3,State of California,,DBT,US,2025-11
US13063D7Q50,US13063D7Q50,13063D7Q5,State of California,,DBT,US,2025-11
US13063D7R34,US13063D7R34,13063D7R3,State of California,,DBT,US,2025-11
US13063DA247,US13063DA247,13063DA24,State of California,,DBT,US,2025-11
US13063DA403,US13063DA403,13063DA40,State of California,,DBT,US,2026-02
US13063DA734,US13063DA734,13063DA73,State of California,,DBT,US,2025-11
US13063DA817,US13063DA817,13063DA81,State of California,,DBT,US,2025-11
US13063DAU28,US13063DAU28,13063DAU2,State of California,,DBT,US,2025-11
US13063DAZ15,US13063DAZ15,13063DAZ1,State of California,,DBT,US,2025-11
US13063DB724,US13063DB724,13063DB72,State of California,,DBT,US,2025-11
US13063DBR89,US13063DBR89,13063DBR8,State of California,,DBT,US,2025-11
US13063DBT46,US13063DBT46,13063DBT4,State of California,,DBT,US,2025-11
US13063DBU19,US13063DBU19,13063DBU1,State of California,,DBT,US,2025-11
US13063DBW74,US13063DBW74,13063DBW7,State of California,,DBT,US,2025-11
US13063DC300,US13063DC300,13063DC30,State of California,,DBT,US,2025-11
US13063DCC02,US13063DCC02,13063DCC0,State of California,,DBT,US,2025-11
US13063DCD84,US13063DCD84,13063DCD8,State of California,,DBT,US,2025-11
US13063DCG16,US13063DCG16,13063DCG1,State of California,,DBT,US,2025-11
US13063DCH98,US13063DCH98,13063DCH9,State of California,,DBT,US,2025-11
US13063DCJ54,US13063DCJ54,13063DCJ5,State of California,,DBT,US,2025-11
US13063DD621,US13063DD621,13063DD62,State of California,,DBT,US,2025-11
US13063DD886,US13063DD886,13063DD88,State of California,,DBT,US,2025-11
US13063DD969,US13063DD969,13063DD96,State of California,,DBT,US,2025-11
US13063DDV73,US13063DDV73,13063DDV7,State of California,,DBT,US,2025-11
US13063DDZ87,US13063DDZ87,13063DDZ8,State of California,,DBT,US,2025-11
US13063DE538,US13063DE538,13063DE53,State of California,,DBT,US,2025-11
US13063DEA28,US13063DEA28,13063DEA2,State of California,,DBT,US,2025-11
US13063DEF15,US13063DEF15,13063DEF1,State of California,,DBT,US,2025-11
US13063DF295,US13063DF295,13063DF29,State of California,,DBT,US,2025-11
US13063DF527,US13063DF527,13063DF52,State of California,,DBT,US,2025-11
US13063DF782,US13063DF782,13063DF78,State of California,,DBT,US,2025-11
US13063DF865,US13063DF865,13063DF86,State of California,,DBT,US,2025-11
US13063DFQ60,US13063DFQ60,13063DFQ6,State of California,,DBT,US,2025-11
US13063DFS27,US13063DFS27,13063DFS2,State of California,,DBT,US,2025-11
US13063DFY94,US13063DFY94,13063DFY9,State of California,,DBT,US,2025-11
US13063DG855,US13063DG855,13063DG85,State of California,,DBT,US,2025-11
US13063DH275,US13063DH275,13063DH27,State of California,,DBT,US,2025-11
US13063DH689,US13063DH689,13063DH68,State of California,,DBT,US,2025-11
US13063DHN12,US13063DHN12,13063DHN1,State of California,,DBT,US,2025-11
US13063DHP69,US13063DHP69,13063DHP6,State of California,,DBT,US,2025-11
US13063DHR26,US13063DHR26,13063DHR2,State of California,,DBT,US,2025-11
US13063DJ412,US13063DJ412,13063DJ41,State of California,,DBT,US,2025-11
US13063DKC10,US13063DKC10,13063DKC1,State of California,,DBT,US,2025-11
US13063DLE66,US13063DLE66,13063DLE6,State of California,,DBT,US,2025-11
US13063DLG15,US13063DLG15,13063DLG1,State of California,,DBT,US,2025-11
US13063DLH97,US13063DLH97,13063DLH9,State of California,,DBT,US,2025-11
US13063DLJ53,US13063DLJ53,13063DLJ5,State of California,,DBT,US,2025-11
US13063DLK27,US13063DLK27,13063DLK2,State of California,,DBT,US,2025-11
US13063DLL00,US13063DLL00,13063DLL0,State of California,,DBT,US,2025-11
US13063DLM82,US13063DLM82,13063DLM8,State of California,,DBT,US,2025-11
US13063DLS52,US13063DLS52,13063DLS5,State of California,,DBT,US,2025-11
US13063DLW64,US13063DLW64,13063DLW6,State of California,,DBT,US,2025-11
US13063DM218,US13063DM218,13063DM21,State of California,,DBT,US,2025-11
US13063DM390,US13063DM390,13063DM39,State of California,,DBT,US,2025-11
US13063DM887,US13063DM887,13063DM88,State of California,,DBT,US,2025-11
US13063DM960,US13063DM960,13063DM96,State of California,,DBT,US,2025-11
US13063DN539,US13063DN539,13063DN53,State of California,,DBT,US,2025-11
US13063DN950,US13063DN950,13063DN95,State of California,,DBT,US,2025-11
US13063DP518,US13063DP518,13063DP51,State of California,,DBT,US,2025-11
US13063DP856,US13063DP856,13063DP85,State of California,,DBT,US,2025-11
US13063DPG78,US13063DPG78,13063DPG7,State of California,,DBT,US,2025-11
US13063DPH51,US13063DPH51,13063DPH5,State of California,,DBT,US,2025-11
US13063DPS17,US13063DPS17,13063DPS1,State of California,,DBT,US,2026-02
US13063DPU62,US13063DPU62,13063DPU6,State of California,,DBT,US,2025-11
US13063DPV46,US13063DPV46,13063DPV4,State of California,,DBT,US,2025-11
US13063DPW29,US13063DPW29,13063DPW2,State of California,,DBT,US,2025-11
US13063DPX02,US13063DPX02,13063DPX0,State of California,,DBT,US,2025-11
US13063DQ433,US13063DQ433,13063DQ43,State of California,,DBT,US,2025-11
US13063DQ508,US13063DQ508,13063DQ50,State of California,,DBT,US,2025-11
US13063DQ763,US13063DQ763,13063DQ76,State of California,,DBT,US,2025-11
US13063DQK71,US13063DQK71,13063DQK7,State of California,,DBT,US,2025-11
US13063DQL54,US13063DQL54,13063DQL5,State of California,,DBT,US,2025-11
US13063DQP68,US13063DQP68,13063DQP6,State of California,,DBT,US,2025-11
US13063DQR25,US13063DQR25,13063DQR2,State of California,,DBT,US,2025-11
US13063DQS08,US13063DQS08,13063DQS0,State of California,,DBT,US,2025-11
US13063DQU53,US13063DQU53,13063DQU5,State of California,,DBT,US,2025-11
US13063DQW10,US13063DQW10,13063DQW1,State of California,,DBT,US,2025-11
US13063DQY75,US13063DQY75,13063DQY7,State of California,,DBT,US,2025-11
US13063DR837,US13063DR837,13063DR83,State of California,,DBT,US,2025-11
US13063DRZ32,US13063DRZ32,13063DRZ3,State of California,,DBT,US,2025-11
US13063DS900,US13063DS900,13063DS90,State of California,,DBT,US,2025-11
US13063DSA71,US13063DSA71,13063DSA7,State of California,,DBT,US,2025-11
US13063DSC38,US13063DSC38,13063DSC3,State of California,,DBT,US,2025-11
US13063DSD11,US13063DSD11,13063DSD1,State of California,,DBT,US,2025-11
US13063DSM10,US13063DSM10,13063DSM1,State of California,,DBT,US,2025-11
US13063DSN92,US13063DSN92,13063DSN9,State of California,,DBT,US,2025-11
US13063DSP41,US13063DSP41,13063DSP4,State of California,,DBT,US,2025-11
US13063DT247,US13063DT247,13063DT24,State of California,,DBT,US,2025-11
US13063DTK45,US13063DTK45,13063DTK4,State of California,,DBT,US,2025-11
US13063DU559,US13063DU559,13063DU55,State of California,,DBT,US,2025-11
US13063DU971,US13063DU971,13063DU97,State of California,,DBT,US,2025-11
US13063DUJ52,US13063DUJ52,13063DUJ5,State of California,,DBT,US,2025-11
US13063DUK26,US13063DUK26,13063DUK2,State of California,,DBT,US,2025-11
US13063DUM81,US13063DUM81,13063DUM8,State of California,,DBT,US,2025-11
US13063DUN64,US13063DUN64,13063DUN6,State of California,,DBT,US,2025-11
US13063DUR78,US13063DUR78,13063DUR7,State of California,,DBT,US,2025-11
US13063DUT35,US13063DUT35,13063DUT3,State of California,,DBT,US,2025-11
US13063DUZ94,US13063DUZ94,13063DUZ9,State of California,,DBT,US,2025-11
US13063DVA35,US13063DVA35,13063DVA3,State of California,,DBT,US,2025-11
US13063DVB18,US13063DVB18,13063DVB1,State of California,,DBT,US,2025-11
US13063DVC90,US13063DVC90,13063DVC9,State of California,,DBT,US,2025-11
US13063DVD73,US13063DVD73,13063DVD7,State of California,,DBT,US,2025-11
US13063DVY11,US13063DVY11,13063DVY1,State of California,,DBT,US,2025-11
US13063DVZ85,US13063DVZ85,13063DVZ8,State of California,,DBT,US,2025-11
US13063DWA26,US13063DWA26,13063DWA2,State of California,,DBT,US,2025-11
US13063DWB09,US13063DWB09,13063DWB0,State of California,,DBT,US,2025-11
US13063DWN47,US13063DWN47,13063DWN4,State of California,,DBT,US,2025-11
US13063DWS34,US13063DWS34,13063DWS3,State of California,,DBT,US,2025-11
US13063DXB99,US13063DXB99,13063DXB9,State of California,,DBT,US,2025-11
US13063DXC72,US13063DXC72,13063DXC7,State of California,,DBT,US,2025-11
US13063DXD55,US13063DXD55,13063DXD5,State of California,,DBT,US,2025-11
US13063DZ434,US13063DZ434,13063DZ43,State of California,,DBT,US,2025-11
US13063DZE11,US13063DZE11,13063DZE1,State of California,,DBT,US,2025-11
US13063DZG68,US13063DZG68,13063DZG6,State of California,,DBT,US,2025-11
US13063DZH42,US13063DZH42,13063DZH4,State of California,,DBT,US,2025-11
US13063DZJ08,US13063DZJ08,13063DZJ0,State of California,,DBT,US,2025-11
US13063DZM37,US13063DZM37,13063DZM3,State of California,,DBT,US,2025-11
US13063DZN10,US13063DZN10,13063DZN1,State of California,,DBT,US,2025-11
US13063DZU52,US13063DZU52,13063DZU5,State of California,,DBT,US,2025-11
US13063DZV36,US13063DZV36,13063DZV3,State of California,,DBT,US,2025-11
US13063DZX91,US13063DZX91,13063DZX9,State of California,,DBT,US,2025-11
US13063EAF34,US13063EAF34,13063EAF3,State of California,,DBT,US,2025-11
US13063EAP16,US13063EAP16,13063EAP1,State of California,,DBT,US,2025-11
US13063EAR71,US13063EAR71,13063EAR7,State of California,,DBT,US,2025-11
US13063EBB11,US13063EBB11,13063EBB1,State of California,,DBT,US,2025-11
US13063EBD76,US13063EBD76,13063EBD7,State of California,,DBT,US,2025-11
US13063EBG08,US13063EBG08,13063EBG0,State of California,,DBT,US,2025-11
US13063EBL92,US13063EBL92,13063EBL9,State of California,,DBT,US,2025-11
US13063EBU91,US13063EBU91,13063EBU9,State of California,,DBT,US,2025-11
US13063EBY14,US13063EBY14,13063EBY1,State of California,,DBT,US,2025-11
US13063ECB02,US13063ECB02,13063ECB0,State of California,,DBT,US,2025-11
US13063ECP97,US13063ECP97,13063ECP9,State of California,,DBT,US,2025-11
US13063ECT10,US13063ECT10,13063ECT1,State of California,,DBT,US,2025-11
US13063ECU82,US13063ECU82,13063ECU8,State of California,,DBT,US,2025-11
US13063ECY05,US13063ECY05,13063ECY0,State of California,,DBT,US,2025-11
US13063EDH62,US13063EDH62,13063EDH6,State of California,,DBT,US,2025-11
US13063EEK82,US13063EEK82,13063EEK8,State of California,,DBT,US,2025-11
US13063EEL65,US13063EEL65,13063EEL6,State of California,,DBT,US,2025-11
US13063EEN22,US13063EEN22,13063EEN2,State of California,,DBT,US,2025-11
US13063EER36,US13063EER36,13063EER3,State of California,,DBT,US,2025-11
US13063EES19,US13063EES19,13063EES1,State of California,,DBT,US,2025-11
US13063EGY68,US13063EGY68,13063EGY6,State of California,,DBT,US,2025-11
US13063EHC30,US13063EHC30,13063EHC3,State of California,,DBT,US,2025-11
US13063EHG44,US13063EHG44,13063EHG4,State of California,,DBT,US,2025-11
US13063EHP43,US13063EHP43,13063EHP4,State of California,,DBT,US,2025-11
US13063EHQ26,US13063EHQ26,13063EHQ2,State of California,,DBT,US,2025-11
US13063EHS81,US13063EHS81,13063EHS8,State of California,,DBT,US,2025-11
US13063EKE58,US13063EKE58,13063EKE5,State of California,,DBT,US,2025-11
US13063EKG07,US13063EKG07,13063EKG0,State of California,,DBT,US,2025-11
US13063EKJ46,US13063EKJ46,13063EKJ4,State of California,,DBT,US,2025-11
US13063EKK19,US13063EKK19,13063EKK1,State of California,,DBT,US,2025-11
US13063EKL91,US13063EKL91,13063EKL9,State of California,,DBT,US,2025-11
US13063EKM74,US13063EKM74,13063EKM7,State of California,,DBT,US,2025-11
US13063EKN57,US13063EKN57,13063EKN5,State of California,,DBT,US,2025-11
US13063EKP06,US13063EKP06,13063EKP0,State of California,,DBT,US,2025-11
US13063ELJ37,US13063ELJ37,13063ELJ3,State of California,,DBT,US,2025-11
US13063ELL82,US13063ELL82,13063ELL8,State of California,,DBT,US,2025-11
US13063ELN49,US13063ELN49,13063ELN4,State of California,,DBT,US,2025-11
US13063EME31,US13063EME31,13063EME3,State of California,,DBT,US,2025-11
US13063EMF06,US13063EMF06,13063EMF0,State of California,,DBT,US,2025-11
US13063EMN30,US13063EMN30,13063EMN3,State of California,,DBT,US,2025-11
US13063EMZ69,US13063EMZ69,13063EMZ6,State of California,,DBT,US,2025-11
US13063END49,US13063END49,13063END4,State of California,,DBT,US,2025-11
US13063ENQ51,US13063ENQ51,13063ENQ5,State of California,,DBT,US,2025-11
US13063ENS18,US13063ENS18,13063ENS1,State of California,,DBT,US,2025-11
US13063EPN03,US13063EPN03,13063EPN0,State of California,,DBT,US,2025-11
US13063EPP50,US13063EPP50,13063EPP5,State of California,,DBT,US,2025-11
US13063EPQ34,US13063EPQ34,13063EPQ3,State of California,,DBT,US,2025-11
US13063EPS99,US13063EPS99,13063EPS9,State of California,,DBT,US,2025-11
US13063EPT72,US13063EPT72,13063EPT7,State of California,,DBT,US,2025-11
US13063EPV29,US13063EPV29,13063EPV2,State of California,,DBT,US,2025-11
US13063EPW02,US13063EPW02,13063EPW0,State of California,,DBT,US,2025-11
US13063EPX84,US13063EPX84,13063EPX8,State of California,,DBT,US,2025-11
US13063ERT54,US13063ERT54,13063ERT5,State of California,,DBT,US,2025-11
US13063ERU28,US13063ERU28,13063ERU2,State of California,,DBT,US,2025-11
US13063ERV01,US13063ERV01,13063ERV0,State of California,,DBT,US,2025-11
US13063ERW83,US13063ERW83,13063ERW8,State of California,,DBT,US,2025-11
US13063ESB38,US13063ESB38,13063ESB3,State of California,,DBT,US,2025-11
US13067WLY65,US13067WLY65,13067WLY6,State of California Department of Water Resources,,DBT,US,2025-11
US13067WNS79,US13067WNS79,13067WNS7,State of California Department of Water Resources,,DBT,US,2025-11
US13067WQV71,US13067WQV71,13067WQV7,State of California Department of Water Resources,,DBT,US,2025-11
US13067WRV62,US13067WRV62,13067WRV6,State of California Department of Water Resources,,DBT,US,2025-11
US13067WRX29,US13067WRX29,13067WRX2,State of California Department of Water Resources,,DBT,US,2025-11
US13067WSC72,US13067WSC72,13067WSC7,State of California Department of Water Resources,,DBT,US,2025-11
US13067WSK98,US13067WSK98,13067WSK9,State of California Department of Water Resources,,DBT,US,2025-11
US13067WSP85,US13067WSP85,13067WSP8,State of California Department of Water Resources,,DBT,US,2025-11
US13067WUR14,US13067WUR14,13067WUR1,State of California Department of Water Resources,,DBT,US,2026-02
US13067WUS96,US13067WUS96,13067WUS9,State of California Department of Water Resources,,DBT,US,2026-02
US13067WUV26,US13067WUV26,13067WUV2,State of California Department of Water Resources,,DBT,US,2026-02
US13067WUW09,US13067WUW09,13067WUW0,State of California Department of Water Resources,,DBT,US,2026-02
US13067WUX81,US13067WUX81,13067WUX8,State of California Department of Water Resources,,DBT,US,2026-02
US13067WVA79,US13067WVA79,13067WVA7,State of California Department of Water Resources,,DBT,US,2026-02
US13067WVB52,US13067WVB52,13067WVB5,State of California Department of Water Resources,,DBT,US,2026-02
US19668QLE34,US19668QLE34,19668QLE3,State of Colorado,,DBT,US,2025-11
US19668QMC68,US19668QMC68,19668QMC6,State of Colorado,,DBT,US,2025-11
US196711RB38,US196711RB38,196711RB3,State of Colorado,,DBT,US,2025-11
US196711UZ68,US196711UZ68,196711UZ6,State of Colorado,,DBT,US,2025-11
US196711VV46,US196711VV46,196711VV4,State of Colorado,,DBT,US,2025-11
US196711VW29,US196711VW29,196711VW2,State of Colorado,,DBT,US,2025-11
US196711VX02,US196711VX02,196711VX0,State of Colorado,,DBT,US,2025-11
US20772J3X83,US20772J3X83,20772J3X8,State of Connecticut,,DBT,US,2025-11
US20772J4M10,US20772J4M10,20772J4M1,State of Connecticut,,DBT,US,2025-11
US20772J6T45,US20772J6T45,20772J6T4,State of Connecticut,,DBT,US,2025-11
US20772J6U18,US20772J6U18,20772J6U1,State of Connecticut,,DBT,US,2025-11
US20772J6V90,US20772J6V90,20772J6V9,State of Connecticut,,DBT,US,2025-11
US20772JY555,US20772JY555,20772JY55,State of Connecticut,,DBT,US,2025-11
US20772KA413,US20772KA413,20772KA41,State of Connecticut,,DBT,US,2025-11
US20772KA744,US20772KA744,20772KA74,State of Connecticut,,DBT,US,2025-11
US20772KB247,US20772KB247,20772KB24,State of Connecticut,,DBT,US,2025-11
US20772KB403,US20772KB403,20772KB40,State of Connecticut,,DBT,US,2025-11
US20772KB817,US20772KB817,20772KB81,State of Connecticut,,DBT,US,2025-11
US20772KC310,US20772KC310,20772KC31,State of Connecticut,,DBT,US,2025-11
US20772KCL17,US20772KCL17,20772KCL1,State of Connecticut,,DBT,US,2025-11
US20772KCM99,US20772KCM99,20772KCM9,State of Connecticut,,DBT,US,2025-11
US20772KEM71,US20772KEM71,20772KEM7,State of Connecticut,,DBT,US,2025-11
US20772KFY01,US20772KFY01,20772KFY0,State of Connecticut,,DBT,US,2025-11
US20772KG949,US20772KG949,20772KG94,State of Connecticut,,DBT,US,2025-11
US20772KGC71,US20772KGC71,20772KGC7,State of Connecticut,,DBT,US,2025-11
US20772KGD54,US20772KGD54,20772KGD5,State of Connecticut,,DBT,US,2025-11
US20772KGE38,US20772KGE38,20772KGE3,State of Connecticut,,DBT,US,2025-11
US20772KHR32,US20772KHR32,20772KHR3,State of Connecticut,,DBT,US,2025-11
US20772KHS15,US20772KHS15,20772KHS1,State of Connecticut,,DBT,US,2025-11
US20772KHU60,US20772KHU60,20772KHU6,State of Connecticut,,DBT,US,2025-11
US20772KHW27,US20772KHW27,20772KHW2,State of Connecticut,,DBT,US,2025-11
US20772KHZ57,US20772KHZ57,20772KHZ5,State of Connecticut,,DBT,US,2025-11
US20772KJA88,US20772KJA88,20772KJA8,State of Connecticut,,DBT,US,2025-11
US20772KJC45,US20772KJC45,20772KJC4,State of Connecticut,,DBT,US,2025-11
US20772KLR85,US20772KLR85,20772KLR8,State of Connecticut,,DBT,US,2025-11
US20772KLT42,US20772KLT42,20772KLT4,State of Connecticut,,DBT,US,2025-11
US20772KLV97,US20772KLV97,20772KLV9,State of Connecticut,,DBT,US,2025-11
US20772KLW70,US20772KLW70,20772KLW7,State of Connecticut,,DBT,US,2025-11
US20772KLX53,US20772KLX53,20772KLX5,State of Connecticut,,DBT,US,2025-11
US20772KLY37,US20772KLY37,20772KLY3,State of Connecticut,,DBT,US,2025-11
US20772KMA42,US20772KMA42,20772KMA4,State of Connecticut,,DBT,US,2025-11
US20772KMB25,US20772KMB25,20772KMB2,State of Connecticut,,DBT,US,2026-02
US20772KMC08,US20772KMC08,20772KMC0,State of Connecticut,,DBT,US,2025-11
US20772KMD80,US20772KMD80,20772KMD8,State of Connecticut,,DBT,US,2025-11
US20772KME63,US20772KME63,20772KME6,State of Connecticut,,DBT,US,2025-11
US20772KNA33,US20772KNA33,20772KNA3,State of Connecticut,,DBT,US,2025-11
US20772KND71,US20772KND71,20772KND7,State of Connecticut,,DBT,US,2025-11
US20772KNP02,US20772KNP02,20772KNP0,State of Connecticut,,DBT,US,2025-11
US20772KNQ84,US20772KNQ84,20772KNQ8,State of Connecticut,,DBT,US,2025-11
US20772KPG84,US20772KPG84,20772KPG8,State of Connecticut,,DBT,US,2025-11
US20772KPH67,US20772KPH67,20772KPH6,State of Connecticut,,DBT,US,2025-11
US20772KPJ24,US20772KPJ24,20772KPJ2,State of Connecticut,,DBT,US,2025-11
US20772KPM52,US20772KPM52,20772KPM5,State of Connecticut,,DBT,US,2025-11
US20772KPP83,US20772KPP83,20772KPP8,State of Connecticut,,DBT,US,2025-11
US20772KPQ66,US20772KPQ66,20772KPQ6,State of Connecticut,,DBT,US,2025-11
US20772KPR40,US20772KPR40,20772KPR4,State of Connecticut,,DBT,US,2025-11
US20772KPT06,US20772KPT06,20772KPT0,State of Connecticut,,DBT,US,2025-11
US20772KPV51,US20772KPV51,20772KPV5,State of Connecticut,,DBT,US,2025-11
US20772KPY90,US20772KPY90,20772KPY9,State of Connecticut,,DBT,US,2025-11
US20772KRR22,US20772KRR22,20772KRR2,State of Connecticut,,DBT,US,2025-11
US20772KRS05,US20772KRS05,20772KRS0,State of Connecticut,,DBT,US,2025-11
US20772KRV34,US20772KRV34,20772KRV3,State of Connecticut,,DBT,US,2025-11
US20772KSH31,US20772KSH31,20772KSH3,State of Connecticut,,DBT,US,2025-11
US20772KSN09,US20772KSN09,20772KSN0,State of Connecticut,,DBT,US,2025-11
US20772KSQ30,US20772KSQ30,20772KSQ3,State of Connecticut,,DBT,US,2025-11
US20772KST78,US20772KST78,20772KST7,State of Connecticut,,DBT,US,2025-11
US20772KUV96,US20772KUV96,20772KUV9,State of Connecticut,,DBT,US,2025-11
US20772KUW79,US20772KUW79,20772KUW7,State of Connecticut,,DBT,US,2025-11
US20772KUX52,US20772KUX52,20772KUX5,State of Connecticut,,DBT,US,2025-11
US20772KVE62,US20772KVE62,20772KVE6,State of Connecticut,,DBT,US,2025-11
US20772KVK23,US20772KVK23,20772KVK2,State of Connecticut,,DBT,US,2025-11
US20772KVP10,US20772KVP10,20772KVP1,State of Connecticut,,DBT,US,2025-11
US20772KVR75,US20772KVR75,20772KVR7,State of Connecticut,,DBT,US,2025-11
US20772KVS58,US20772KVS58,20772KVS5,State of Connecticut,,DBT,US,2025-11
US20772KVT32,US20772KVT32,20772KVT3,State of Connecticut,,DBT,US,2025-11
US20772KWB15,US20772KWB15,20772KWB1,State of Connecticut,,DBT,US,2025-11
US20772KXV69,US20772KXV69,20772KXV6,State of Connecticut,,DBT,US,2025-11
US20772KXW43,US20772KXW43,20772KXW4,State of Connecticut,,DBT,US,2025-11
US20772KXZ73,US20772KXZ73,20772KXZ7,State of Connecticut,,DBT,US,2025-11
US20772KYC79,US20772KYC79,20772KYC7,State of Connecticut,,DBT,US,2025-11
US20772KYF01,US20772KYF01,20772KYF0,State of Connecticut,,DBT,US,2025-11
US20772KYR49,US20772KYR49,20772KYR4,State of Connecticut,,DBT,US,2025-11
US20772KYT05,US20772KYT05,20772KYT0,State of Connecticut,,DBT,US,2025-11
US20772KZW25,US20772KZW25,20772KZW2,State of Connecticut,,DBT,US,2025-11
US20775YDJ29,US20775YDJ29,20775YDJ2,State of Connecticut Clean Water Fund - State Revolving Fund,,DBT,US,2025-11
US20775YEX04,US20775YEX04,20775YEX0,State of Connecticut Clean Water Fund - State Revolving Fund,,DBT,US,2025-11
US2077582A08,US2077582A08,2077582A0,State of Connecticut Special Tax,,DBT,US,2026-02
US2077582C63,US2077582C63,2077582C6,State of Connecticut Special Tax,,DBT,US,2026-02
US207758A290,US207758A290,207758A29,State of Connecticut Special Tax,,DBT,US,2025-11
US207758A373,US207758A373,207758A37,State of Connecticut Special Tax,,DBT,US,2025-11
US207758A456,US207758A456,207758A45,State of Connecticut Special Tax,,DBT,US,2025-11
US207758A522,US207758A522,207758A52,State of Connecticut Special Tax,,DBT,US,2025-11
US207758C437,US207758C437,207758C43,State of Connecticut Special Tax,,DBT,US,2025-11
US207758C684,US207758C684,207758C68,State of Connecticut Special Tax,,DBT,US,2025-11
US207758C767,US207758C767,207758C76,State of Connecticut Special Tax,,DBT,US,2025-11
US207758C841,US207758C841,207758C84,State of Connecticut Special Tax,,DBT,US,2025-11
US207758C924,US207758C924,207758C92,State of Connecticut Special Tax,,DBT,US,2025-11
US207758D344,US207758D344,207758D34,State of Connecticut Special Tax,,DBT,US,2025-11
US207758D427,US207758D427,207758D42,State of Connecticut Special Tax,,DBT,US,2025-11
US207758F810,US207758F810,207758F81,State of Connecticut Special Tax,,DBT,US,2025-11
US207758F992,US207758F992,207758F99,State of Connecticut Special Tax,,DBT,US,2025-11
US207758H550,US207758H550,207758H55,State of Connecticut Special Tax,,DBT,US,2025-11
US207758K513,US207758K513,207758K51,State of Connecticut Special Tax,,DBT,US,2025-11
US207758L768,US207758L768,207758L76,State of Connecticut Special Tax,,DBT,US,2025-11
US207758M675,US207758M675,207758M67,State of Connecticut Special Tax,,DBT,US,2025-11
US207758R211,US207758R211,207758R21,State of Connecticut Special Tax,,DBT,US,2025-11
US207758S870,US207758S870,207758S87,State of Connecticut Special Tax,,DBT,US,2025-11
US207758S953,US207758S953,207758S95,State of Connecticut Special Tax,,DBT,US,2025-11
US207758T373,US207758T373,207758T37,State of Connecticut Special Tax,,DBT,US,2025-11
US207758T787,US207758T787,207758T78,State of Connecticut Special Tax,,DBT,US,2025-11
US207758T944,US207758T944,207758T94,State of Connecticut Special Tax,,DBT,US,2025-11
US207758TY95,US207758TY95,207758TY9,State of Connecticut Special Tax,,DBT,US,2025-11
US207758TZ60,US207758TZ60,207758TZ6,State of Connecticut Special Tax,,DBT,US,2025-11
US207758U355,US207758U355,207758U35,State of Connecticut Special Tax,,DBT,US,2025-11
US207758U504,US207758U504,207758U50,State of Connecticut Special Tax,,DBT,US,2025-11
US207758U926,US207758U926,207758U92,State of Connecticut Special Tax,,DBT,US,2025-11
US207758UA90,US207758UA90,207758UA9,State of Connecticut Special Tax,,DBT,US,2025-11
US207758UF87,US207758UF87,207758UF8,State of Connecticut Special Tax,,DBT,US,2025-11
US207758V262,US207758V262,207758V26,State of Connecticut Special Tax,,DBT,US,2025-11
US207758V346,US207758V346,207758V34,State of Connecticut Special Tax,,DBT,US,2025-11
US207758VR17,US207758VR17,207758VR1,State of Connecticut Special Tax,,DBT,US,2025-11
US207758VV29,US207758VV29,207758VV2,State of Connecticut Special Tax,,DBT,US,2025-11
US207758VW02,US207758VW02,207758VW0,State of Connecticut Special Tax,,DBT,US,2025-11
US207758VZ33,US207758VZ33,207758VZ3,State of Connecticut Special Tax,,DBT,US,2025-11
US207758XF50,US207758XF50,207758XF5,State of Connecticut Special Tax,,DBT,US,2025-11
US207758XK46,US207758XK46,207758XK4,State of Connecticut Special Tax,,DBT,US,2025-11
US207758XN84,US207758XN84,207758XN8,State of Connecticut Special Tax,,DBT,US,2025-11
US207758XR98,US207758XR98,207758XR9,State of Connecticut Special Tax,,DBT,US,2025-11
US207758Y233,US207758Y233,207758Y23,State of Connecticut Special Tax,,DBT,US,2026-02
US207758Y316,US207758Y316,207758Y31,State of Connecticut Special Tax,,DBT,US,2026-02
US207758Y498,US207758Y498,207758Y49,State of Connecticut Special Tax,,DBT,US,2026-02
US207758Y647,US207758Y647,207758Y64,State of Connecticut Special Tax,,DBT,US,2026-02
US207758YE76,US207758YE76,207758YE7,State of Connecticut Special Tax,,DBT,US,2025-11
US207758YF42,US207758YF42,207758YF4,State of Connecticut Special Tax,,DBT,US,2025-11
US207758YH08,US207758YH08,207758YH0,State of Connecticut Special Tax,,DBT,US,2025-11
US207758YN75,US207758YN75,207758YN7,State of Connecticut Special Tax,,DBT,US,2025-11
US207758Z222,US207758Z222,207758Z22,State of Connecticut Special Tax,,DBT,US,2026-02
US207758Z891,US207758Z891,207758Z89,State of Connecticut Special Tax,,DBT,US,2026-02
US207758Z974,US207758Z974,207758Z97,State of Connecticut Special Tax,,DBT,US,2026-02
US207758ZS53,US207758ZS53,207758ZS5,State of Connecticut Special Tax,,DBT,US,2025-11
US207758ZV82,US207758ZV82,207758ZV8,State of Connecticut Special Tax,,DBT,US,2025-11
US207758ZW65,US207758ZW65,207758ZW6,State of Connecticut Special Tax,,DBT,US,2025-11
US207758ZY22,US207758ZY22,207758ZY2,State of Connecticut Special Tax,,DBT,US,2025-11
US207758Q221,US207758Q221,207758Q22,State of Connecticut Special Tax Revenue,,DBT,US,2026-02
US207758Z719,US207758Z719,207758Z71,State of Connecticut Special Tax Revenue,,DBT,US,2026-02
US246381KS53,US246381KS53,246381KS5,State of Delaware,,DBT,US,2025-11
US246381MT19,US246381MT19,246381MT1,State of Delaware,,DBT,US,2025-11
US246381MU81,US246381MU81,246381MU8,State of Delaware,,DBT,US,2025-11
US246381MV64,US246381MV64,246381MV6,State of Delaware,,DBT,US,2025-11
US246381NF06,US246381NF06,246381NF0,State of Delaware,,DBT,US,2025-11
US246381PL55,US246381PL55,246381PL5,State of Delaware,,DBT,US,2025-11
US246381PN12,US246381PN12,246381PN1,State of Delaware,,DBT,US,2025-11
US246381QS99,US246381QS99,246381QS9,State of Delaware,,DBT,US,2025-11
US246381QU46,US246381QU46,246381QU4,State of Delaware,,DBT,US,2025-11
US246381QV29,US246381QV29,246381QV2,State of Delaware,,DBT,US,2025-11
US246381RJ81,US246381RJ81,246381RJ8,State of Delaware,,DBT,US,2025-11
US246381RL38,US246381RL38,246381RL3,State of Delaware,,DBT,US,2025-11
US246381RM11,US246381RM11,246381RM1,State of Delaware,,DBT,US,2025-11
US246381RP42,US246381RP42,246381RP4,State of Delaware,,DBT,US,2025-11
US246381SH17,US246381SH17,246381SH1,State of Delaware,,DBT,US,2025-11
US246381SJ72,US246381SJ72,246381SJ7,State of Delaware,,DBT,US,2025-11
US246381SQ16,US246381SQ16,246381SQ1,State of Delaware,,DBT,US,2025-11
US246381ST54,US246381ST54,246381ST5,State of Delaware,,DBT,US,2025-11
US246381SV01,US246381SV01,246381SV0,State of Delaware,,DBT,US,2025-11
US246381SW83,US246381SW83,246381SW8,State of Delaware,,DBT,US,2025-11
US3411503X64,US3411503X64,3411503X6,State of Florida,,DBT,US,2025-11
US3411503Y48,US3411503Y48,3411503Y4,State of Florida,,DBT,US,2025-11
US34153QLT12,US34153QLT12,34153QLT1,State of Florida,,DBT,US,2025-11
US34153QXK74,US34153QXK74,34153QXK7,State of Florida,,DBT,US,2025-11
US343137EC51,US343137EC51,343137EC5,State of Florida Department of Transportation Turnpike System,,DBT,US,2025-11
US343137TJ40,US343137TJ40,343137TJ4,State of Florida Department of Transportation Turnpike System,,DBT,US,2025-11
US343137VW23,US343137VW23,343137VW2,State of Florida Department of Transportation Turnpike System,,DBT,US,2025-11
US343137D692,US343137D692,343137D69,State of Florida Department of Transportation Turnpike System Revenue,,DBT,US,2026-02
US343137VX06,US343137VX06,343137VX0,State of Florida Department of Transportation Turnpike System Revenue,,DBT,US,2026-02
US3733844A17,US3733844A17,3733844A1,State of Georgia,,DBT,US,2025-11
US3733844B99,US3733844B99,3733844B9,State of Georgia,,DBT,US,2025-11
US3733844E39,US3733844E39,3733844E3,State of Georgia,,DBT,US,2025-11
US3733846K70,US3733846K70,3733846K7,State of Georgia,,DBT,US,2025-11
US3733846U52,US3733846U52,3733846U5,State of Georgia,,DBT,US,2025-11
US3733846V36,US3733846V36,3733846V3,State of Georgia,,DBT,US,2025-11
US3733846W19,US3733846W19,3733846W1,State of Georgia,,DBT,US,2025-11
US373385AN33,US373385AN33,373385AN3,State of Georgia,,DBT,US,2025-11
US373385AQ63,US373385AQ63,373385AQ6,State of Georgia,,DBT,US,2025-11
US373385AR47,US373385AR47,373385AR4,State of Georgia,,DBT,US,2025-11
US373385BH55,US373385BH55,373385BH5,State of Georgia,,DBT,US,2025-11
US373385CM32,US373385CM32,373385CM3,State of Georgia,,DBT,US,2025-11
US373385CN15,US373385CN15,373385CN1,State of Georgia,,DBT,US,2025-11
US373385CP62,US373385CP62,373385CP6,State of Georgia,,DBT,US,2025-11
US373385CR29,US373385CR29,373385CR2,State of Georgia,,DBT,US,2025-11
US373385ED15,US373385ED15,373385ED1,State of Georgia,,DBT,US,2025-11
US373385EF62,US373385EF62,373385EF6,State of Georgia,,DBT,US,2025-11
US373385GN78,US373385GN78,373385GN7,State of Georgia,,DBT,US,2025-11
US373385GP27,US373385GP27,373385GP2,State of Georgia,,DBT,US,2025-11
US373385GQ00,US373385GQ00,373385GQ0,State of Georgia,,DBT,US,2025-11
US373385GS65,US373385GS65,373385GS6,State of Georgia,,DBT,US,2025-11
US373385GV94,US373385GV94,373385GV9,State of Georgia,,DBT,US,2025-11
US373385GZ09,US373385GZ09,373385GZ0,State of Georgia,,DBT,US,2025-11
US373385HA49,US373385HA49,373385HA4,State of Georgia,,DBT,US,2025-11
US373385HJ57,US373385HJ57,373385HJ5,State of Georgia,,DBT,US,2025-11
US373385HK21,US373385HK21,373385HK2,State of Georgia,,DBT,US,2025-11
US373385HP18,US373385HP18,373385HP1,State of Georgia,,DBT,US,2025-11
US373385HS56,US373385HS56,373385HS5,State of Georgia,,DBT,US,2025-11
US373385HU03,US373385HU03,373385HU0,State of Georgia,,DBT,US,2025-11
US373385KB84,US373385KB84,373385KB8,State of Georgia,,DBT,US,2025-11
US373385KE24,US373385KE24,373385KE2,State of Georgia,,DBT,US,2025-11
US373385KP70,US373385KP70,373385KP7,State of Georgia,,DBT,US,2025-11
US373385MB66,US373385MB66,373385MB6,State of Georgia,,DBT,US,2025-11
US373385ME06,US373385ME06,373385ME0,State of Georgia,,DBT,US,2025-11
US373385MF70,US373385MF70,373385MF7,State of Georgia,,DBT,US,2025-11
US373385ML49,US373385ML49,373385ML4,State of Georgia,,DBT,US,2025-11
US373385MM22,US373385MM22,373385MM2,State of Georgia,,DBT,US,2025-11
US373385MN05,US373385MN05,373385MN0,State of Georgia,,DBT,US,2025-11
US373385NZ26,US373385NZ26,373385NZ2,State of Georgia,,DBT,US,2025-11
US4197915T17,US4197915T17,4197915T1,State of Hawaii,,DBT,US,2025-11
US419792H900,US419792H900,419792H90,State of Hawaii,,DBT,US,2025-11
US419792HZ22,US419792HZ22,419792HZ2,State of Hawaii,,DBT,US,2026-02
US419792JA52,US419792JA52,419792JA5,State of Hawaii,,DBT,US,2025-11
US419792LR59,US419792LR59,419792LR5,State of Hawaii,,DBT,US,2025-11
US419792LT16,US419792LT16,419792LT1,State of Hawaii,,DBT,US,2025-11
US419792MH68,US419792MH68,419792MH6,State of Hawaii,,DBT,US,2025-11
US419792MJ25,US419792MJ25,419792MJ2,State of Hawaii,,DBT,US,2025-11
US419792MK97,US419792MK97,419792MK9,State of Hawaii,,DBT,US,2025-11
US419792ML70,US419792ML70,419792ML7,State of Hawaii,,DBT,US,2025-11
US419792QK51,US419792QK51,419792QK5,State of Hawaii,,DBT,US,2025-11
US419792RT51,US419792RT51,419792RT5,State of Hawaii,,DBT,US,2025-11
US419792SL17,US419792SL17,419792SL1,State of Hawaii,,DBT,US,2025-11
US419792WB88,US419792WB88,419792WB8,State of Hawaii,,DBT,US,2025-11
US419792WG75,US419792WG75,419792WG7,State of Hawaii,,DBT,US,2025-11
US419792WJ15,US419792WJ15,419792WJ1,State of Hawaii,,DBT,US,2025-11
US419792WK87,US419792WK87,419792WK8,State of Hawaii,,DBT,US,2025-11
US419792WN27,US419792WN27,419792WN2,State of Hawaii,,DBT,US,2025-11
US419792XW17,US419792XW17,419792XW1,State of Hawaii,,DBT,US,2025-11
US419792XZ48,US419792XZ48,419792XZ4,State of Hawaii,,DBT,US,2025-11
US419792YD27,US419792YD27,419792YD2,State of Hawaii,,DBT,US,2025-11
US419794E739,US419794E739,419794E73,State of Hawaii Airports System,,DBT,US,2025-11
US419794F231,US419794F231,419794F23,State of Hawaii Airports System,,DBT,US,2025-11
US419794K769,US419794K769,419794K76,State of Hawaii Airports System,,DBT,US,2025-11
US4521522R15,US4521522R15,4521522R1,State of Illinois,,DBT,US,2025-11
US4521522Y65,US4521522Y65,4521522Y6,State of Illinois,,DBT,US,2025-11
US4521523A70,US4521523A70,4521523A7,State of Illinois,,DBT,US,2025-11
US4521523B53,US4521523B53,4521523B5,State of Illinois,,DBT,US,2025-11
US4521523C37,US4521523C37,4521523C3,State of Illinois,,DBT,US,2025-11
US4521523E92,US4521523E92,4521523E9,State of Illinois,,DBT,US,2025-11
US4521525F40,US4521525F40,4521525F4,State of Illinois,,DBT,US,2025-11
US4521525K35,US4521525K35,4521525K3,State of Illinois,,DBT,US,2025-11
US4521525M90,US4521525M90,4521525M9,State of Illinois,,DBT,US,2025-11
US4521525V99,US4521525V99,4521525V9,State of Illinois,,DBT,US,2025-11
US4521526K26,US4521526K26,4521526K2,State of Illinois,,DBT,US,2025-11
US4521526L09,US4521526L09,4521526L0,State of Illinois,,DBT,US,2025-11
US4521526M81,US4521526M81,4521526M8,State of Illinois,,DBT,US,2025-11
US4521526T35,US4521526T35,4521526T3,State of Illinois,,DBT,US,2025-11
US4521527C90,US4521527C90,4521527C9,State of Illinois,,DBT,US,2025-11
US4521527E56,US4521527E56,4521527E5,State of Illinois,,DBT,US,2025-11
US452152G709,US452152G709,452152G70,State of Illinois,,DBT,US,2025-11
US452152G881,US452152G881,452152G88,State of Illinois,,DBT,US,2025-11
US452152G964,US452152G964,452152G96,State of Illinois,,DBT,US,2025-11
US452152P213,US452152P213,452152P21,State of Illinois,,DBT,US,2025-11
US452152P965,US452152P965,452152P96,State of Illinois,,DBT,US,2025-11
US452152T272,US452152T272,452152T27,State of Illinois,,DBT,US,2025-11
US452152T355,US452152T355,452152T35,State of Illinois,,DBT,US,2025-11
US452152T504,US452152T504,452152T50,State of Illinois,,DBT,US,2025-11
US452152T926,US452152T926,452152T92,State of Illinois,,DBT,US,2025-11
US452152U254,US452152U254,452152U25,State of Illinois,,DBT,US,2025-11
US452152X639,US452152X639,452152X63,State of Illinois,,DBT,US,2025-11
US452152Y702,US452152Y702,452152Y70,State of Illinois,,DBT,US,2025-11
US452153AF68,US452153AF68,452153AF6,State of Illinois,,DBT,US,2025-11
US452153AG42,US452153AG42,452153AG4,State of Illinois,,DBT,US,2025-11
US452153AK53,US452153AK53,452153AK5,State of Illinois,,DBT,US,2025-11
US452153AM10,US452153AM10,452153AM1,State of Illinois,,DBT,US,2025-11
US452153AP41,US452153AP41,452153AP4,State of Illinois,,DBT,US,2025-11
US452153AQ24,US452153AQ24,452153AQ2,State of Illinois,,DBT,US,2025-11
US452153AS89,US452153AS89,452153AS8,State of Illinois,,DBT,US,2025-11
US452153AW91,US452153AW91,452153AW9,State of Illinois,,DBT,US,2025-11
US452153BR97,US452153BR97,452153BR9,State of Illinois,,DBT,US,2025-11
US452153BS70,US452153BS70,452153BS7,State of Illinois,,DBT,US,2025-11
US452153BX65,US452153BX65,452153BX6,State of Illinois,,DBT,US,2025-11
US452153CD92,US452153CD92,452153CD9,State of Illinois,,DBT,US,2025-11
US452153CR88,US452153CR88,452153CR8,State of Illinois,,DBT,US,2025-11
US452153CY30,US452153CY30,452153CY3,State of Illinois,,DBT,US,2025-11
US452153DA45,US452153DA45,452153DA4,State of Illinois,,DBT,US,2025-11
US452153DB28,US452153DB28,452153DB2,State of Illinois,,DBT,US,2025-11
US452153DF32,US452153DF32,452153DF3,State of Illinois,,DBT,US,2025-11
US452153DH97,US452153DH97,452153DH9,State of Illinois,,DBT,US,2025-11
US452153DK27,US452153DK27,452153DK2,State of Illinois,,DBT,US,2025-11
US452153DL00,US452153DL00,452153DL0,State of Illinois,,DBT,US,2025-11
US452153DN65,US452153DN65,452153DN6,State of Illinois,,DBT,US,2025-11
US452153DP14,US452153DP14,452153DP1,State of Illinois,,DBT,US,2025-11
US452153DZ95,US452153DZ95,452153DZ9,State of Illinois,,DBT,US,2025-11
US452153EC91,US452153EC91,452153EC9,State of Illinois,,DBT,US,2025-11
US452153EH88,US452153EH88,452153EH8,State of Illinois,,DBT,US,2025-11
US452153ES44,US452153ES44,452153ES4,State of Illinois,,DBT,US,2025-11
US452153ET27,US452153ET27,452153ET2,State of Illinois,,DBT,US,2025-11
US452153EV72,US452153EV72,452153EV7,State of Illinois,,DBT,US,2025-11
US452153FA27,US452153FA27,452153FA2,State of Illinois,,DBT,US,2025-11
US452153FC82,US452153FC82,452153FC8,State of Illinois,,DBT,US,2025-11
US452153FD65,US452153FD65,452153FD6,State of Illinois,,DBT,US,2025-11
US452153FE49,US452153FE49,452153FE4,State of Illinois,,DBT,US,2025-11
US452153FF14,US452153FF14,452153FF1,State of Illinois,,DBT,US,2025-11
US452153FG96,US452153FG96,452153FG9,State of Illinois,,DBT,US,2025-11
US452153FH79,US452153FH79,452153FH7,State of Illinois,,DBT,US,2025-11
US452153FJ36,US452153FJ36,452153FJ3,State of Illinois,,DBT,US,2025-11
US452153GJ27,US452153GJ27,452153GJ2,State of Illinois,,DBT,US,2025-11
US452153GL72,US452153GL72,452153GL7,State of Illinois,,DBT,US,2025-11
US452153HC64,US452153HC64,452153HC6,State of Illinois,,DBT,US,2025-11
US452153HK80,US452153HK80,452153HK8,State of Illinois,,DBT,US,2025-11
US452153HL63,US452153HL63,452153HL6,State of Illinois,,DBT,US,2025-11
US452153JM29,US452153JM29,452153JM2,State of Illinois,,DBT,US,2025-11
US452153JN02,US452153JN02,452153JN0,State of Illinois,,DBT,US,2025-11
US452153JR16,US452153JR16,452153JR1,State of Illinois,,DBT,US,2025-11
US452153JS98,US452153JS98,452153JS9,State of Illinois,,DBT,US,2025-11
US452153JT71,US452153JT71,452153JT7,State of Illinois,,DBT,US,2025-11
US452153JW01,US452153JW01,452153JW0,State of Illinois,,DBT,US,2025-11
US452153JX83,US452153JX83,452153JX8,State of Illinois,,DBT,US,2025-11
US452153JY66,US452153JY66,452153JY6,State of Illinois,,DBT,US,2025-11
US452153KB45,US452153KB45,452153KB4,State of Illinois,,DBT,US,2025-11
US452153KC28,US452153KC28,452153KC2,State of Illinois,,DBT,US,2025-11
US452153KE83,US452153KE83,452153KE8,State of Illinois,,DBT,US,2025-11
US452153KF58,US452153KF58,452153KF5,State of Illinois,,DBT,US,2025-11
US452153KG32,US452153KG32,452153KG3,State of Illinois,,DBT,US,2025-11
US452153KL27,US452153KL27,452153KL2,State of Illinois,,DBT,US,2025-11
US452153KM00,US452153KM00,452153KM0,State of Illinois,,DBT,US,2025-11
US452153KN82,US452153KN82,452153KN8,State of Illinois,,DBT,US,2025-11
US452153KQ14,US452153KQ14,452153KQ1,State of Illinois,,DBT,US,2025-11
US452153KR96,US452153KR96,452153KR9,State of Illinois,,DBT,US,2025-11
US452153NV71,US452153NV71,452153NV7,State of Illinois,,DBT,US,2025-11
US452153NW54,US452153NW54,452153NW5,State of Illinois,,DBT,US,2025-11
US452153NX38,US452153NX38,452153NX3,State of Illinois,,DBT,US,2025-11
US452227HA27,US452227HA27,452227HA2,State of Illinois Sales Tax,,DBT,US,2025-11
US452227UE91,US452227UE91,452227UE9,State of Illinois Sales Tax,,DBT,US,2025-11
US452227UF66,US452227UF66,452227UF6,State of Illinois Sales Tax,,DBT,US,2025-11
US452227UL35,US452227UL35,452227UL3,State of Illinois Sales Tax,,DBT,US,2025-11
US452227UQ22,US452227UQ22,452227UQ2,State of Illinois Sales Tax,,DBT,US,2025-11
US452227US87,US452227US87,452227US8,State of Illinois Sales Tax,,DBT,US,2025-11
US452227UX72,US452227UX72,452227UX7,State of Illinois Sales Tax,,DBT,US,2025-11
US452227VQ13,US452227VQ13,452227VQ1,State of Illinois Sales Tax,,DBT,US,2025-11
US452227WA51,US452227WA51,452227WA5,State of Illinois Sales Tax,,DBT,US,2025-11
US452227WB35,US452227WB35,452227WB3,State of Illinois Sales Tax,,DBT,US,2025-11
US452227WE73,US452227WE73,452227WE7,State of Illinois Sales Tax,,DBT,US,2025-11
US452227WG22,US452227WG22,452227WG2,State of Illinois Sales Tax,,DBT,US,2025-11
US452227WH05,US452227WH05,452227WH0,State of Illinois Sales Tax,,DBT,US,2025-11
US46257TEE55,US46257TEE55,46257TEE5,State of Iowa,,DBT,US,2025-11
US485424RN70,US485424RN70,485424RN7,State of Kansas Department of Transportation,,DBT,US,2025-11
US485424SS58,US485424SS58,485424SS5,State of Kansas Department of Transportation,,DBT,US,2025-11
US485424ST32,US485424ST32,485424ST3,State of Kansas Department of Transportation,,DBT,US,2025-11
US485424SY27,US485424SY27,485424SY2,State of Kansas Department of Transportation,,DBT,US,2025-11
US485424TA32,US485424TA32,485424TA3,State of Kansas Department of Transportation,,DBT,US,2025-11
US485424TB15,US485424TB15,485424TB1,State of Kansas Department of Transportation,,DBT,US,2025-11
US5464152C37,US5464152C37,5464152C3,State of Louisiana,,DBT,US,2025-11
US5464152D10,US5464152D10,5464152D1,State of Louisiana,,DBT,US,2025-11
US546417CD69,US546417CD69,546417CD6,State of Louisiana,,DBT,US,2025-11
US546417CH73,US546417CH73,546417CH7,State of Louisiana,,DBT,US,2025-11
US546417GD24,US546417GD24,546417GD2,State of Louisiana,,DBT,US,2025-11
US546417GG54,US546417GG54,546417GG5,State of Louisiana,,DBT,US,2025-11
US546417HW95,US546417HW95,546417HW9,State of Louisiana,,DBT,US,2025-11
US546417HY51,US546417HY51,546417HY5,State of Louisiana,,DBT,US,2025-11
US54641CBL81,US54641CBL81,54641CBL8,State of Louisiana,,DBT,US,2025-11
US54641CBM64,US54641CBM64,54641CBM6,State of Louisiana,,DBT,US,2025-11
US546475WG53,US546475WG53,546475WG5,State of Louisiana Gasoline & Fuels Tax,,DBT,US,2025-11
US546475WJ92,US546475WJ92,546475WJ9,State of Louisiana Gasoline & Fuels Tax,,DBT,US,2025-11
US546475WK65,US546475WK65,546475WK6,State of Louisiana Gasoline & Fuels Tax,,DBT,US,2025-11
US546475WM22,US546475WM22,546475WM2,State of Louisiana Gasoline & Fuels Tax,,DBT,US,2025-11
US546475WN05,US546475WN05,546475WN0,State of Louisiana Gasoline & Fuels Tax,,DBT,US,2025-11
US546475XF61,US546475XF61,546475XF6,State of Louisiana Gasoline & Fuels Tax,,DBT,US,2025-11
US546475XK56,US546475XK56,546475XK5,State of Louisiana Gasoline & Fuels Tax,,DBT,US,2025-11
US574193NL84,US574193NL84,574193NL8,State of Maryland,,DBT,US,2025-11
US574193NM67,US574193NM67,574193NM6,State of Maryland,,DBT,US,2025-11
US574193PP70,US574193PP70,574193PP7,State of Maryland,,DBT,US,2025-11
US574193QA92,US574193QA92,574193QA9,State of Maryland,,DBT,US,2025-11
US574193QB75,US574193QB75,574193QB7,State of Maryland,,DBT,US,2025-11
US574193QF89,US574193QF89,574193QF8,State of Maryland,,DBT,US,2025-11
US574193QP61,US574193QP61,574193QP6,State of Maryland,,DBT,US,2025-11
US574193QS01,US574193QS01,574193QS0,State of Maryland,,DBT,US,2025-11
US574193QU56,US574193QU56,574193QU5,State of Maryland,,DBT,US,2025-11
US574193RC40,US574193RC40,574193RC4,State of Maryland,,DBT,US,2025-11
US574193RD23,US574193RD23,574193RD2,State of Maryland,,DBT,US,2025-11
US574193RE06,US574193RE06,574193RE0,State of Maryland,,DBT,US,2025-11
US574193RG53,US574193RG53,574193RG5,State of Maryland,,DBT,US,2025-11
US574193RH37,US574193RH37,574193RH3,State of Maryland,,DBT,US,2025-11
US574193RJ92,US574193RJ92,574193RJ9,State of Maryland,,DBT,US,2025-11
US574193RR19,US574193RR19,574193RR1,State of Maryland,,DBT,US,2025-11
US574193RS91,US574193RS91,574193RS9,State of Maryland,,DBT,US,2025-11
US574193RT74,US574193RT74,574193RT7,State of Maryland,,DBT,US,2025-11
US574193RU48,US574193RU48,574193RU4,State of Maryland,,DBT,US,2025-11
US574193SE96,US574193SE96,574193SE9,State of Maryland,,DBT,US,2025-11
US574193SG45,US574193SG45,574193SG4,State of Maryland,,DBT,US,2025-11
US574193SV12,US574193SV12,574193SV1,State of Maryland,,DBT,US,2025-11
US574193TH19,US574193TH19,574193TH1,State of Maryland,,DBT,US,2025-11
US574193TJ74,US574193TJ74,574193TJ7,State of Maryland,,DBT,US,2025-11
US574193TK48,US574193TK48,574193TK4,State of Maryland,,DBT,US,2025-11
US574193TW85,US574193TW85,574193TW8,State of Maryland,,DBT,US,2025-11
US574193TX68,US574193TX68,574193TX6,State of Maryland,,DBT,US,2025-11
US574193UL02,US574193UL02,574193UL0,State of Maryland,,DBT,US,2025-11
US574193UP16,US574193UP16,574193UP1,State of Maryland,,DBT,US,2025-11
US574193US54,US574193US54,574193US5,State of Maryland,,DBT,US,2025-11
US574193UT38,US574193UT38,574193UT3,State of Maryland,,DBT,US,2025-11
US574193UU01,US574193UU01,574193UU0,State of Maryland,,DBT,US,2025-11
US574193UY23,US574193UY23,574193UY2,State of Maryland,,DBT,US,2025-11
US574193UZ97,US574193UZ97,574193UZ9,State of Maryland,,DBT,US,2025-11
US574193VC93,US574193VC93,574193VC9,State of Maryland,,DBT,US,2025-11
US574193VG08,US574193VG08,574193VG0,State of Maryland,,DBT,US,2025-11
US574193VK10,US574193VK10,574193VK1,State of Maryland,,DBT,US,2025-11
US574193VM75,US574193VM75,574193VM7,State of Maryland,,DBT,US,2025-11
US574193VN58,US574193VN58,574193VN5,State of Maryland,,DBT,US,2025-11
US574193VY14,US574193VY14,574193VY1,State of Maryland,,DBT,US,2025-11
US574193WD67,US574193WD67,574193WD6,State of Maryland,,DBT,US,2025-11
US574193WK01,US574193WK01,574193WK0,State of Maryland,,DBT,US,2025-11
US574193WP97,US574193WP97,574193WP9,State of Maryland,,DBT,US,2025-11
US574193WS37,US574193WS37,574193WS3,State of Maryland,,DBT,US,2025-11
US574193WT10,US574193WT10,574193WT1,State of Maryland,,DBT,US,2025-11
US574204H550,US574204H550,574204H55,State of Maryland Department of Transportation,,DBT,US,2025-11
US574204H634,US574204H634,574204H63,State of Maryland Department of Transportation,,DBT,US,2025-11
US574204H717,US574204H717,574204H71,State of Maryland Department of Transportation,,DBT,US,2025-11
US574204H972,US574204H972,574204H97,State of Maryland Department of Transportation,,DBT,US,2025-11
US574204L768,US574204L768,574204L76,State of Maryland Department of Transportation,,DBT,US,2025-11
US574204L925,US574204L925,574204L92,State of Maryland Department of Transportation,,DBT,US,2025-11
US574204N335,US574204N335,574204N33,State of Maryland Department of Transportation,,DBT,US,2025-11
US574204N418,US574204N418,574204N41,State of Maryland Department of Transportation,,DBT,US,2025-11
US574204N582,US574204N582,574204N58,State of Maryland Department of Transportation,,DBT,US,2025-11
US574204P231,US574204P231,574204P23,State of Maryland Department of Transportation,,DBT,US,2025-11
US574204P728,US574204P728,574204P72,State of Maryland Department of Transportation,,DBT,US,2025-11
US574204Q635,US574204Q635,574204Q63,State of Maryland Department of Transportation,,DBT,US,2025-11
US574204R393,US574204R393,574204R39,State of Maryland Department of Transportation,,DBT,US,2025-11
US574204R542,US574204R542,574204R54,State of Maryland Department of Transportation,,DBT,US,2025-11
US574204S383,US574204S383,574204S38,State of Maryland Department of Transportation,,DBT,US,2026-02
US574204S953,US574204S953,574204S95,State of Maryland Department of Transportation,,DBT,US,2025-11
US574204U686,US574204U686,574204U68,State of Maryland Department of Transportation,,DBT,US,2025-11
US574204U843,US574204U843,574204U84,State of Maryland Department of Transportation,,DBT,US,2025-11
US574204V833,US574204V833,574204V83,State of Maryland Department of Transportation,,DBT,US,2025-11
US574204W252,US574204W252,574204W25,State of Maryland Department of Transportation,,DBT,US,2025-11
US574204Y647,US574204Y647,574204Y64,State of Maryland Department of Transportation,,DBT,US,2025-11
US594612DH34,US594612DH34,594612DH3,State of Michigan,,DBT,US,2025-11
US594612DJ99,US594612DJ99,594612DJ9,State of Michigan,,DBT,US,2025-11
US594612EJ80,US594612EJ80,594612EJ8,State of Michigan,,DBT,US,2025-11
US5946952A52,US5946952A52,5946952A5,State of Michigan Trunk Line,,DBT,US,2025-11
US5946952C19,US5946952C19,5946952C1,State of Michigan Trunk Line,,DBT,US,2025-11
US5946952F40,US5946952F40,5946952F4,State of Michigan Trunk Line,,DBT,US,2025-11
US5946952G23,US5946952G23,5946952G2,State of Michigan Trunk Line,,DBT,US,2025-11
US5946952P22,US5946952P22,5946952P2,State of Michigan Trunk Line,,DBT,US,2025-11
US5946952V99,US5946952V99,5946952V9,State of Michigan Trunk Line,,DBT,US,2025-11
US5946952W72,US5946952W72,5946952W7,State of Michigan Trunk Line,,DBT,US,2025-11
US5946952X55,US5946952X55,5946952X5,State of Michigan Trunk Line,,DBT,US,2025-11
US5946954C90,US5946954C90,5946954C9,State of Michigan Trunk Line,,DBT,US,2025-11
US5946954E56,US5946954E56,5946954E5,State of Michigan Trunk Line,,DBT,US,2025-11
US5946954G05,US5946954G05,5946954G0,State of Michigan Trunk Line,,DBT,US,2025-11
US5946954K17,US5946954K17,5946954K1,State of Michigan Trunk Line,,DBT,US,2025-11
US5946954M72,US5946954M72,5946954M7,State of Michigan Trunk Line,,DBT,US,2025-11
US5946954N55,US5946954N55,5946954N5,State of Michigan Trunk Line,,DBT,US,2025-11
US5946954P04,US5946954P04,5946954P0,State of Michigan Trunk Line,,DBT,US,2025-11
US5946954Q86,US5946954Q86,5946954Q8,State of Michigan Trunk Line,,DBT,US,2025-11
US594695Y857,US594695Y857,594695Y85,State of Michigan Trunk Line,,DBT,US,2025-11
US594695Y931,US594695Y931,594695Y93,State of Michigan Trunk Line,,DBT,US,2025-11
US60412A2P79,US60412A2P79,60412A2P7,State of Minnesota,,DBT,US,2025-11
US60412AB937,US60412AB937,60412AB93,State of Minnesota,,DBT,US,2025-11
US60412AC356,US60412AC356,60412AC35,State of Minnesota,,DBT,US,2025-11
US60412AGQ04,US60412AGQ04,60412AGQ0,State of Minnesota,,DBT,US,2025-11
US60412AGR86,US60412AGR86,60412AGR8,State of Minnesota,,DBT,US,2025-11
US60412AH975,US60412AH975,60412AH97,State of Minnesota,,DBT,US,2025-11
US60412AJ534,US60412AJ534,60412AJ53,State of Minnesota,,DBT,US,2025-11
US60412AJ617,US60412AJ617,60412AJ61,State of Minnesota,,DBT,US,2025-11
US60412AKA06,US60412AKA06,60412AKA0,State of Minnesota,,DBT,US,2025-11
US60412ALB79,US60412ALB79,60412ALB7,State of Minnesota,,DBT,US,2025-11
US60412ALG66,US60412ALG66,60412ALG6,State of Minnesota,,DBT,US,2025-11
US60412AN338,US60412AN338,60412AN33,State of Minnesota,,DBT,US,2025-11
US60412AN411,US60412AN411,60412AN41,State of Minnesota,,DBT,US,2026-02
US60412APB34,US60412APB34,60412APB3,State of Minnesota,,DBT,US,2025-11
US60412APL16,US60412APL16,60412APL1,State of Minnesota,,DBT,US,2025-11
US60412AQ307,US60412AQ307,60412AQ30,State of Minnesota,,DBT,US,2025-11
US60412AQU06,US60412AQU06,60412AQU0,State of Minnesota,,DBT,US,2025-11
US60412AQV88,US60412AQV88,60412AQV8,State of Minnesota,,DBT,US,2025-11
US60412AQW61,US60412AQW61,60412AQW6,State of Minnesota,,DBT,US,2025-11
US60412ARB16,US60412ARB16,60412ARB1,State of Minnesota,,DBT,US,2025-11
US60412AW586,US60412AW586,60412AW58,State of Minnesota,,DBT,US,2025-11
US60412AW743,US60412AW743,60412AW74,State of Minnesota,,DBT,US,2025-11
US60412AWG48,US60412AWG48,60412AWG4,State of Minnesota,,DBT,US,2025-11
US60412AWJ86,US60412AWJ86,60412AWJ8,State of Minnesota,,DBT,US,2025-11
US60412AWP47,US60412AWP47,60412AWP4,State of Minnesota,,DBT,US,2025-11
US60412AWR03,US60412AWR03,60412AWR0,State of Minnesota,,DBT,US,2025-11
US60412AWU32,US60412AWU32,60412AWU3,State of Minnesota,,DBT,US,2025-11
US604140XH12,US604140XH12,604140XH1,State of Minnesota,,DBT,US,2025-11
US604140XW88,US604140XW88,604140XW8,State of Minnesota,,DBT,US,2025-11
US604146GA22,US604146GA22,604146GA2,State of Minnesota,,DBT,US,2025-11
US605581FQ57,US605581FQ57,605581FQ5,State of Mississippi,,DBT,US,2025-11
US605581HX80,US605581HX80,605581HX8,State of Mississippi,,DBT,US,2025-11
US605581JK42,US605581JK42,605581JK4,State of Mississippi,,DBT,US,2025-11
US605581JL25,US605581JL25,605581JL2,State of Mississippi,,DBT,US,2025-11
US605581JM08,US605581JM08,605581JM0,State of Mississippi,,DBT,US,2025-11
US605581JP39,US605581JP39,605581JP3,State of Mississippi,,DBT,US,2025-11
US605581JQ12,US605581JQ12,605581JQ1,State of Mississippi,,DBT,US,2025-11
US605581JS77,US605581JS77,605581JS7,State of Mississippi,,DBT,US,2025-11
US605581JT50,US605581JT50,605581JT5,State of Mississippi,,DBT,US,2025-11
US605581JU24,US605581JU24,605581JU2,State of Mississippi,,DBT,US,2025-11
US605581LY18,US605581LY18,605581LY1,State of Mississippi,,DBT,US,2025-11
US605581NU77,US605581NU77,605581NU7,State of Mississippi,,DBT,US,2025-11
US605581NV50,US605581NV50,605581NV5,State of Mississippi,,DBT,US,2025-11
US605581PP64,US605581PP64,605581PP6,State of Mississippi,,DBT,US,2025-11
US605581PU59,US605581PU59,605581PU5,State of Mississippi,,DBT,US,2025-11
US641462HL34,US641462HL34,641462HL3,State of Nevada,,DBT,US,2025-11
US641462SK32,US641462SK32,641462SK3,State of Nevada,,DBT,US,2025-11
US641462XG64,US641462XG64,641462XG6,State of Nevada,,DBT,US,2026-02
US641480HX95,US641480HX95,641480HX9,State of Nevada Highway Improvement,,DBT,US,2025-11
US641480HZ44,US641480HZ44,641480HZ4,State of Nevada Highway Improvement,,DBT,US,2025-11
US641480JA74,US641480JA74,641480JA7,State of Nevada Highway Improvement,,DBT,US,2025-11
US646039YK78,US646039YK78,646039YK7,State of New Jersey,,DBT,US,2025-11
US646039YL51,US646039YL51,646039YL5,State of New Jersey,,DBT,US,2025-11
US646039YM35,US646039YM35,646039YM3,State of New Jersey,,DBT,US,2025-11
US646039YN18,US646039YN18,646039YN1,State of New Jersey,,DBT,US,2025-11
US646039YP65,US646039YP65,646039YP6,State of New Jersey,,DBT,US,2025-11
US646039YQ49,US646039YQ49,646039YQ4,State of New Jersey,,DBT,US,2025-11
US646039YR22,US646039YR22,646039YR2,State of New Jersey,,DBT,US,2025-11
US646039YS05,US646039YS05,646039YS0,State of New Jersey,,DBT,US,2025-11
US646039ZE00,US646039ZE00,646039ZE0,State of New Jersey,,DBT,US,2026-02
US647293SJ94,US647293SJ94,647293SJ9,State of New Mexico,,DBT,US,2025-11
US647293SK67,US647293SK67,647293SK6,State of New Mexico,,DBT,US,2025-11
US647293SM24,US647293SM24,647293SM2,State of New Mexico,,DBT,US,2025-11
US647293ST76,US647293ST76,647293ST7,State of New Mexico,,DBT,US,2025-11
US6473103Q23,US6473103Q23,6473103Q2,State of New Mexico Severance Tax Permanent Fund,,DBT,US,2025-11
US6473104E83,US6473104E83,6473104E8,State of New Mexico Severance Tax Permanent Fund,,DBT,US,2025-11
US6473104P31,US6473104P31,6473104P3,State of New Mexico Severance Tax Permanent Fund,,DBT,US,2025-11
US6473104V09,US6473104V09,6473104V0,State of New Mexico Severance Tax Permanent Fund,,DBT,US,2025-11
US6473104W81,US6473104W81,6473104W8,State of New Mexico Severance Tax Permanent Fund,,DBT,US,2025-11
US6582563L45,US6582563L45,6582563L4,State of North Carolina,,DBT,US,2025-11
US6582564G41,US6582564G41,6582564G4,State of North Carolina,,DBT,US,2025-11
US6582564J89,US6582564J89,6582564J8,State of North Carolina,,DBT,US,2025-11
US6582565B45,US6582565B45,6582565B4,State of North Carolina,,DBT,US,2025-11
US6582565C28,US6582565C28,6582565C2,State of North Carolina,,DBT,US,2025-11
US6582565S79,US6582565S79,6582565S7,State of North Carolina,,DBT,US,2025-11
US6582566A52,US6582566A52,6582566A5,State of North Carolina,,DBT,US,2025-11
US658256Z544,US658256Z544,658256Z54,State of North Carolina,,DBT,US,2025-11
US658268DY09,US658268DY09,658268DY0,State of North Carolina,,DBT,US,2025-11
US658268DZ73,US658268DZ73,658268DZ7,State of North Carolina,,DBT,US,2025-11
US658268EC79,US658268EC79,658268EC7,State of North Carolina,,DBT,US,2025-11
US658268EE36,US658268EE36,658268EE3,State of North Carolina,,DBT,US,2025-11
US658268ES22,US658268ES22,658268ES2,State of North Carolina,,DBT,US,2025-11
US658268EU77,US658268EU77,658268EU7,State of North Carolina,,DBT,US,2025-11
US65829QBU76,US65829QBU76,65829QBU7,State of North Carolina,,DBT,US,2025-11
US65829QCH56,US65829QCH56,65829QCH5,State of North Carolina,,DBT,US,2025-11
US65829QCX07,US65829QCX07,65829QCX0,State of North Carolina,,DBT,US,2025-11
US65829QCY89,US65829QCY89,65829QCY8,State of North Carolina,,DBT,US,2025-11
US65829QCZ54,US65829QCZ54,65829QCZ5,State of North Carolina,,DBT,US,2025-11
US65829QDQ47,US65829QDQ47,65829QDQ4,State of North Carolina,,DBT,US,2025-11
US65829QDR20,US65829QDR20,65829QDR2,State of North Carolina,,DBT,US,2025-11
US65829QDX97,US65829QDX97,65829QDX9,State of North Carolina,,DBT,US,2025-11
US65829QDY70,US65829QDY70,65829QDY7,State of North Carolina,,DBT,US,2025-11
US65829QEA85,US65829QEA85,65829QEA8,State of North Carolina,,DBT,US,2025-11
US65829QEB68,US65829QEB68,65829QEB6,State of North Carolina,,DBT,US,2025-11
US65829QEC42,US65829QEC42,65829QEC4,State of North Carolina,,DBT,US,2025-11
US65829QEF72,US65829QEF72,65829QEF7,State of North Carolina,,DBT,US,2025-11
US65829QEJ94,US65829QEJ94,65829QEJ9,State of North Carolina,,DBT,US,2025-11
US65829QER11,US65829QER11,65829QER1,State of North Carolina,,DBT,US,2025-11
US65829QGA67,US65829QGA67,65829QGA6,State of North Carolina,,DBT,US,2025-11
US65829QGB41,US65829QGB41,65829QGB4,State of North Carolina,,DBT,US,2025-11
US6775227P31,US6775227P31,6775227P3,State of Ohio,,DBT,US,2025-11
US6775227W81,US6775227W81,6775227W8,State of Ohio,,DBT,US,2025-11
US6775227Y48,US6775227Y48,6775227Y4,State of Ohio,,DBT,US,2025-11
US677522J623,US677522J623,677522J62,State of Ohio,,DBT,US,2025-11
US677522KX11,US677522KX11,677522KX1,State of Ohio,,DBT,US,2025-11
US677522KY93,US677522KY93,677522KY9,State of Ohio,,DBT,US,2025-11
US677522UV45,US677522UV45,677522UV4,State of Ohio,,DBT,US,2025-11
US677522UW28,US677522UW28,677522UW2,State of Ohio,,DBT,US,2025-11
US677522VB71,US677522VB71,677522VB7,State of Ohio,,DBT,US,2025-11
US677522VL53,US677522VL53,677522VL5,State of Ohio,,DBT,US,2025-11
US677522VM37,US677522VM37,677522VM3,State of Ohio,,DBT,US,2025-11
US677522YG32,US677522YG32,677522YG3,State of Ohio,,DBT,US,2025-11
US677522YP31,US677522YP31,677522YP3,State of Ohio,,DBT,US,2025-11
US677523AJ10,US677523AJ10,677523AJ1,State of Ohio,,DBT,US,2025-11
US677523AK82,US677523AK82,677523AK8,State of Ohio,,DBT,US,2025-11
US677523JX13,US677523JX13,677523JX1,State of Ohio,,DBT,US,2025-11
US677523KC56,US677523KC56,677523KC5,State of Ohio,,DBT,US,2025-11
US677523LT72,US677523LT72,677523LT7,State of Ohio,,DBT,US,2025-11
US677523NP33,US677523NP33,677523NP3,State of Ohio,,DBT,US,2025-11
US677523NQ16,US677523NQ16,677523NQ1,State of Ohio,,DBT,US,2025-11
US677523NR98,US677523NR98,677523NR9,State of Ohio,,DBT,US,2025-11
US677523QY13,US677523QY13,677523QY1,State of Ohio,,DBT,US,2026-02
US677523RD66,US677523RD66,677523RD6,State of Ohio,,DBT,US,2026-02
US677523RE40,US677523RE40,677523RE4,State of Ohio,,DBT,US,2026-02
US677523RJ37,US677523RJ37,677523RJ3,State of Ohio,,DBT,US,2026-02
US677523RV64,US677523RV64,677523RV6,State of Ohio,,DBT,US,2026-02
US677523SX12,US677523SX12,677523SX1,State of Ohio,,DBT,US,2026-02
US677581GW40,US677581GW40,677581GW4,State of Ohio,,DBT,US,2025-11
US677581GX23,US677581GX23,677581GX2,State of Ohio,,DBT,US,2025-11
US67759HRZ90,US67759HRZ90,67759HRZ9,State of Ohio,,DBT,US,2025-11
US68609B8A89,US68609B8A89,68609B8A8,State of Oregon,,DBT,US,2025-11
US68609BSS78,US68609BSS78,68609BSS7,State of Oregon,,DBT,US,2025-11
US68609BX692,US68609BX692,68609BX69,State of Oregon,,DBT,US,2025-11
US68609BZK69,US68609BZK69,68609BZK6,State of Oregon,,DBT,US,2025-11
US68609TE959,US68609TE959,68609TE95,State of Oregon,,DBT,US,2025-11
US68609TF378,US68609TF378,68609TF37,State of Oregon,,DBT,US,2025-11
US68609UBW45,US68609UBW45,68609UBW4,State of Oregon,,DBT,US,2025-11
US68609UBX28,US68609UBX28,68609UBX2,State of Oregon,,DBT,US,2025-11
US68609UCA16,US68609UCA16,68609UCA1,State of Oregon,,DBT,US,2025-11
US68609UCC71,US68609UCC71,68609UCC7,State of Oregon,,DBT,US,2025-11
US68609UCG85,US68609UCG85,68609UCG8,State of Oregon,,DBT,US,2025-11
US68609UCK97,US68609UCK97,68609UCK9,State of Oregon,,DBT,US,2025-11
US68609UCL70,US68609UCL70,68609UCL7,State of Oregon,,DBT,US,2025-11
US68609UCP84,US68609UCP84,68609UCP8,State of Oregon,,DBT,US,2025-11
US68606UAP30,US68606UAP30,68606UAP3,State of Oregon Department of Transportation,,DBT,US,2025-11
US68606UAQ13,US68606UAQ13,68606UAQ1,State of Oregon Department of Transportation,,DBT,US,2025-11
US68607DUH69,US68607DUH69,68607DUH6,State of Oregon Department of Transportation,,DBT,US,2025-11
US68607DUJ26,US68607DUJ26,68607DUJ2,State of Oregon Department of Transportation,,DBT,US,2025-11
US68607DUK98,US68607DUK98,68607DUK9,State of Oregon Department of Transportation,,DBT,US,2025-11
US68607DUP85,US68607DUP85,68607DUP8,State of Oregon Department of Transportation,,DBT,US,2025-11
US68607DWL53,US68607DWL53,68607DWL5,State of Oregon Department of Transportation,,DBT,US,2025-11
US68607DXA89,US68607DXA89,68607DXA8,State of Oregon Department of Transportation,,DBT,US,2025-11
US880541C704,US880541C704,880541C70,State of Tennessee,,DBT,US,2025-11
US880541H265,US880541H265,880541H26,State of Tennessee,,DBT,US,2025-11
US8827234K26,US8827234K26,8827234K2,State of Texas,,DBT,US,2025-11
US8827235A35,US8827235A35,8827235A3,State of Texas,,DBT,US,2025-11
US8827236S34,US8827236S34,8827236S3,State of Texas,,DBT,US,2025-11
US8827236V62,US8827236V62,8827236V6,State of Texas,,DBT,US,2025-11
US8827236W46,US8827236W46,8827236W4,State of Texas,,DBT,US,2025-11
US8827237A17,US8827237A17,8827237A1,State of Texas,,DBT,US,2025-11
US882723P377,US882723P377,882723P37,State of Texas,,DBT,US,2025-11
US882723P526,US882723P526,882723P52,State of Texas,,DBT,US,2025-11
US882723TA79,US882723TA79,882723TA7,State of Texas,,DBT,US,2025-11
US882723ZD45,US882723ZD45,882723ZD4,State of Texas,,DBT,US,2025-11
US8827242B27,US8827242B27,8827242B2,State of Texas,,DBT,US,2025-11
US8827242F31,US8827242F31,8827242F3,State of Texas,,DBT,US,2025-11
US8827242G14,US8827242G14,8827242G1,State of Texas,,DBT,US,2025-11
US8827242L09,US8827242L09,8827242L0,State of Texas,,DBT,US,2025-11
US8827242M81,US8827242M81,8827242M8,State of Texas,,DBT,US,2025-11
US8827244X29,US8827244X29,8827244X2,State of Texas,,DBT,US,2025-11
US882724ZS96,US882724ZS96,882724ZS9,State of Texas,,DBT,US,2025-11
US882725CS19,US882725CS19,882725CS1,State of Texas,,DBT,US,2025-11
US882725CW21,US882725CW21,882725CW2,State of Texas,,DBT,US,2025-11
US882725CY86,US882725CY86,882725CY8,State of Texas,,DBT,US,2025-11
US882725CZ51,US882725CZ51,882725CZ5,State of Texas,,DBT,US,2025-11
US882725DA91,US882725DA91,882725DA9,State of Texas,,DBT,US,2025-11
US882725DB74,US882725DB74,882725DB7,State of Texas,,DBT,US,2025-11
US882725DC57,US882725DC57,882725DC5,State of Texas,,DBT,US,2025-11
US882725DD31,US882725DD31,882725DD3,State of Texas,,DBT,US,2025-11
US882725DE14,US882725DE14,882725DE1,State of Texas,,DBT,US,2025-11
US882725DF88,US882725DF88,882725DF8,State of Texas,,DBT,US,2025-11
US917542UL43,US917542UL43,917542UL4,State of Utah,,DBT,US,2025-11
US917542VE90,US917542VE90,917542VE9,State of Utah,,DBT,US,2025-11
US917542WP39,US917542WP39,917542WP3,State of Utah,,DBT,US,2025-11
US917542WQ12,US917542WQ12,917542WQ1,State of Utah,,DBT,US,2025-11
US917542WR94,US917542WR94,917542WR9,State of Utah,,DBT,US,2025-11
US917542WU24,US917542WU24,917542WU2,State of Utah,,DBT,US,2025-11
US917542XA50,US917542XA50,917542XA5,State of Utah,,DBT,US,2025-11
US917542XC17,US917542XC17,917542XC1,State of Utah,,DBT,US,2025-11
US917542XD99,US917542XD99,917542XD9,State of Utah,,DBT,US,2025-11
US93974D2S62,US93974D2S62,93974D2S6,State of Washington,,DBT,US,2025-11
US93974D2V91,US93974D2V91,93974D2V9,State of Washington,,DBT,US,2025-11
US93974D6P87,US93974D6P87,93974D6P8,State of Washington,,DBT,US,2025-11
US93974D6T00,US93974D6T00,93974D6T0,State of Washington,,DBT,US,2025-11
US93974DG443,US93974DG443,93974DG44,State of Washington,,DBT,US,2025-11
US93974DG518,US93974DG518,93974DG51,State of Washington,,DBT,US,2025-11
US93974DQ509,US93974DQ509,93974DQ50,State of Washington,,DBT,US,2025-11
US93974DUF31,US93974DUF31,93974DUF3,State of Washington,,DBT,US,2025-11
US93974DUG14,US93974DUG14,93974DUG1,State of Washington,,DBT,US,2025-11
US93974DUH96,US93974DUH96,93974DUH9,State of Washington,,DBT,US,2025-11
US93974DUK26,US93974DUK26,93974DUK2,State of Washington,,DBT,US,2025-11
US93974DUM81,US93974DUM81,93974DUM8,State of Washington,,DBT,US,2025-11
US93974DW614,US93974DW614,93974DW61,State of Washington,,DBT,US,2025-11
US93974DW879,US93974DW879,93974DW87,State of Washington,,DBT,US,2025-11
US93974DW952,US93974DW952,93974DW95,State of Washington,,DBT,US,2025-11
US93974DX299,US93974DX299,93974DX29,State of Washington,,DBT,US,2025-11
US93974DXF04,US93974DXF04,93974DXF0,State of Washington,,DBT,US,2025-11
US93974DXG86,US93974DXG86,93974DXG8,State of Washington,,DBT,US,2025-11
US93974DY511,US93974DY511,93974DY51,State of Washington,,DBT,US,2025-11
US93974DY693,US93974DY693,93974DY69,State of Washington,,DBT,US,2025-11
US93974DYN29,US93974DYN29,93974DYN2,State of Washington,,DBT,US,2025-11
US93974DZ278,US93974DZ278,93974DZ27,State of Washington,,DBT,US,2025-11
US93974DZ351,US93974DZ351,93974DZ35,State of Washington,,DBT,US,2025-11
US93974DZ435,US93974DZ435,93974DZ43,State of Washington,,DBT,US,2025-11
US93974DZ500,US93974DZ500,93974DZ50,State of Washington,,DBT,US,2025-11
US93974E2D75,US93974E2D75,93974E2D7,State of Washington,,DBT,US,2025-11
US93974E2U90,US93974E2U90,93974E2U9,State of Washington,,DBT,US,2025-11
US93974E2Y13,US93974E2Y13,93974E2Y1,State of Washington,,DBT,US,2025-11
US93974E3E40,US93974E3E40,93974E3E4,State of Washington,,DBT,US,2025-11
US93974E4R44,US93974E4R44,93974E4R4,State of Washington,,DBT,US,2025-11
US93974E5B82,US93974E5B82,93974E5B8,State of Washington,,DBT,US,2025-11
US93974E5C65,US93974E5C65,93974E5C6,State of Washington,,DBT,US,2025-11
US93974E5F96,US93974E5F96,93974E5F9,State of Washington,,DBT,US,2025-11
US93974E5G79,US93974E5G79,93974E5G7,State of Washington,,DBT,US,2025-11
US93974E5H52,US93974E5H52,93974E5H5,State of Washington,,DBT,US,2025-11
US93974E5J19,US93974E5J19,93974E5J1,State of Washington,,DBT,US,2025-11
US93974E5K81,US93974E5K81,93974E5K8,State of Washington,,DBT,US,2025-11
US93974E5L64,US93974E5L64,93974E5L6,State of Washington,,DBT,US,2025-11
US93974E5S18,US93974E5S18,93974E5S1,State of Washington,,DBT,US,2025-11
US93974E5Y85,US93974E5Y85,93974E5Y8,State of Washington,,DBT,US,2025-11
US93974E6L55,US93974E6L55,93974E6L5,State of Washington,,DBT,US,2026-02
US93974E7V29,US93974E7V29,93974E7V2,State of Washington,,DBT,US,2025-11
US93974EB962,US93974EB962,93974EB96,State of Washington,,DBT,US,2025-11
US93974EC614,US93974EC614,93974EC61,State of Washington,,DBT,US,2025-11
US93974ED299,US93974ED299,93974ED29,State of Washington,,DBT,US,2025-11
US93974EDR45,US93974EDR45,93974EDR4,State of Washington,,DBT,US,2025-11
US93974EE859,US93974EE859,93974EE85,State of Washington,,DBT,US,2025-11
US93974EEG70,US93974EEG70,93974EEG7,State of Washington,,DBT,US,2025-11
US93974EF435,US93974EF435,93974EF43,State of Washington,,DBT,US,2025-11
US93974EH415,US93974EH415,93974EH41,State of Washington,,DBT,US,2025-11
US93974EH902,US93974EH902,93974EH90,State of Washington,,DBT,US,2025-11
US93974EHM12,US93974EHM12,93974EHM1,State of Washington,,DBT,US,2025-11
US93974EJ494,US93974EJ494,93974EJ49,State of Washington,,DBT,US,2025-11
US93974EJG26,US93974EJG26,93974EJG2,State of Washington,,DBT,US,2025-11
US93974EL797,US93974EL797,93974EL79,State of Washington,,DBT,US,2025-11
US93974EL870,US93974EL870,93974EL87,State of Washington,,DBT,US,2025-11
US93974ELV64,US93974ELV64,93974ELV6,State of Washington,,DBT,US,2025-11
US93974ELY04,US93974ELY04,93974ELY0,State of Washington,,DBT,US,2025-11
US93974EM290,US93974EM290,93974EM29,State of Washington,,DBT,US,2025-11
US93974EPR17,US93974EPR17,93974EPR1,State of Washington,,DBT,US,2025-11
US93974EQ333,US93974EQ333,93974EQ33,State of Washington,,DBT,US,2025-11
US93974EQ416,US93974EQ416,93974EQ41,State of Washington,,DBT,US,2025-11
US93974ES727,US93974ES727,93974ES72,State of Washington,,DBT,US,2025-11
US93974ETT37,US93974ETT37,93974ETT3,State of Washington,,DBT,US,2025-11
US93974EUT18,US93974EUT18,93974EUT1,State of Washington,,DBT,US,2025-11
US93974EUV63,US93974EUV63,93974EUV6,State of Washington,,DBT,US,2025-11
US93974EUW47,US93974EUW47,93974EUW4,State of Washington,,DBT,US,2025-11
US93974EUX20,US93974EUX20,93974EUX2,State of Washington,,DBT,US,2025-11
US93974EV457,US93974EV457,93974EV45,State of Washington,,DBT,US,2025-11
US93974EV523,US93974EV523,93974EV52,State of Washington,,DBT,US,2025-11
US93974EVP86,US93974EVP86,93974EVP8,State of Washington,,DBT,US,2025-11
US93974EVX11,US93974EVX11,93974EVX1,State of Washington,,DBT,US,2025-11
US93974EVY93,US93974EVY93,93974EVY9,State of Washington,,DBT,US,2025-11
US93974EVZ68,US93974EVZ68,93974EVZ6,State of Washington,,DBT,US,2025-11
US93974EWC64,US93974EWC64,93974EWC6,State of Washington,,DBT,US,2025-11
US93974EWN20,US93974EWN20,93974EWN2,State of Washington,,DBT,US,2025-11
US93974EWP77,US93974EWP77,93974EWP7,State of Washington,,DBT,US,2025-11
US93974EXM38,US93974EXM38,93974EXM3,State of Washington,,DBT,US,2025-11
US93974EXT80,US93974EXT80,93974EXT8,State of Washington,,DBT,US,2025-11
US93974EXW10,US93974EXW10,93974EXW1,State of Washington,,DBT,US,2025-11
US93974EXX92,US93974EXX92,93974EXX9,State of Washington,,DBT,US,2025-11
US93974EXY75,US93974EXY75,93974EXY7,State of Washington,,DBT,US,2025-11
US93974EYN02,US93974EYN02,93974EYN0,State of Washington,,DBT,US,2025-11
US93974EZ664,US93974EZ664,93974EZ66,State of Washington,,DBT,US,2025-11
US93974EZD11,US93974EZD11,93974EZD1,State of Washington,,DBT,US,2025-11
US93974EZE93,US93974EZE93,93974EZE9,State of Washington,,DBT,US,2025-11
US93974FBN24,US93974FBN24,93974FBN2,State of Washington,,DBT,US,2025-11
US93974FBP71,US93974FBP71,93974FBP7,State of Washington,,DBT,US,2025-11
US93974FBV40,US93974FBV40,93974FBV4,State of Washington,,DBT,US,2025-11
US93974FDT75,US93974FDT75,93974FDT7,State of Washington,,DBT,US,2025-11
US93974FEB58,US93974FEB58,93974FEB5,State of Washington,,DBT,US,2025-11
US93974FEC32,US93974FEC32,93974FEC3,State of Washington,,DBT,US,2025-11
US93974FFD06,US93974FFD06,93974FFD0,State of Washington,,DBT,US,2026-02
US93974FFL22,US93974FFL22,93974FFL2,State of Washington,,DBT,US,2026-02
US93974FFM05,US93974FFM05,93974FFM0,State of Washington,,DBT,US,2026-02
US93974FGN78,US93974FGN78,93974FGN7,State of Washington,,DBT,US,2026-02
US956553A504,US956553A504,956553A50,State of West Virginia,,DBT,US,2025-11
US956553D243,US956553D243,956553D24,State of West Virginia,,DBT,US,2025-11
US956553D326,US956553D326,956553D32,State of West Virginia,,DBT,US,2025-11
US956553D409,US956553D409,956553D40,State of West Virginia,,DBT,US,2025-11
US956553J364,US956553J364,956553J36,State of West Virginia,,DBT,US,2025-11
US956553J851,US956553J851,956553J85,State of West Virginia,,DBT,US,2025-11
US97705MB464,US97705MB464,97705MB46,State of Wisconsin,,DBT,US,2025-11
US97705MB530,US97705MB530,97705MB53,State of Wisconsin,,DBT,US,2025-11
US97705MB613,US97705MB613,97705MB61,State of Wisconsin,,DBT,US,2025-11
US97705MB795,US97705MB795,97705MB79,State of Wisconsin,,DBT,US,2025-11
US97705ME849,US97705ME849,97705ME84,State of Wisconsin,,DBT,US,2025-11
US97705MGS89,US97705MGS89,97705MGS8,State of Wisconsin,,DBT,US,2025-11
US97705MJ558,US97705MJ558,97705MJ55,State of Wisconsin,,DBT,US,2026-02
US97705MJ632,US97705MJ632,97705MJ63,State of Wisconsin,,DBT,US,2025-11
US97705MJJ53,US97705MJJ53,97705MJJ5,State of Wisconsin,,DBT,US,2025-11
US97705MJK27,US97705MJK27,97705MJK2,State of Wisconsin,,DBT,US,2025-11
US97705MKP94,US97705MKP94,97705MKP9,State of Wisconsin,,DBT,US,2025-11
US97705MQ991,US97705MQ991,97705MQ99,State of Wisconsin,,DBT,US,2025-11
US97705MR239,US97705MR239,97705MR23,State of Wisconsin,,DBT,US,2025-11
US97705MSK26,US97705MSK26,97705MSK2,State of Wisconsin,,DBT,US,2025-11
US97705MSW63,US97705MSW63,97705MSW6,State of Wisconsin,,DBT,US,2025-11
US97705MT540,US97705MT540,97705MT54,State of Wisconsin,,DBT,US,2025-11
US97705MU787,US97705MU787,97705MU78,State of Wisconsin,,DBT,US,2025-11
US97705MVG76,US97705MVG76,97705MVG7,State of Wisconsin,,DBT,US,2025-11
US97705MW353,US97705MW353,97705MW35,State of Wisconsin,,DBT,US,2026-02
US97705MW437,US97705MW437,97705MW43,State of Wisconsin,,DBT,US,2026-02
US97705MWQ40,US97705MWQ40,97705MWQ4,State of Wisconsin,,DBT,US,2025-11
US97705MWR23,US97705MWR23,97705MWR2,State of Wisconsin,,DBT,US,2025-11
US97705MX344,US97705MX344,97705MX34,State of Wisconsin,,DBT,US,2026-02
US97705MXL44,US97705MXL44,97705MXL4,State of Wisconsin,,DBT,US,2025-11
US97705MXM27,US97705MXM27,97705MXM2,State of Wisconsin,,DBT,US,2025-11
US97705MYD19,US97705MYD19,97705MYD1,State of Wisconsin,,DBT,US,2025-11
US97705MZX63,US97705MZX63,97705MZX6,State of Wisconsin,,DBT,US,2025-11
US977100GR19,US977100GR19,977100GR1,State of Wisconsin,,DBT,US,2025-11
US97709TEJ16,US97709TEJ16,97709TEJ1,State of Wisconsin Environmental Improvement Fund,,DBT,US,2025-11
US864784EW90,US864784EW90,864784EW9,Suffolk County Water Authority,,DBT,US,2025-11
US864784GJ61,US864784GJ61,864784GJ6,Suffolk County Water Authority,,DBT,US,2025-11
US874054AJ85,US874054AJ85,874054AJ8,TAKE-TWO INTERACTIVE SOF,,DBT,US,2026-01
US873923AA44,US873923AA44,873923AA4,TAKEOFF MERGER SUB INC,,DBT,US,2026-03
US873923AC00,US873923AC00,873923AC0,TAKEOFF MERGER SUB INC,,DBT,US,2026-03
US87470LAD38,US87470LAD38,87470LAD3,TALLGRASS NRG PRTNR/FIN,,DBT,US,2026-01
US87470LAJ08,US87470LAJ08,87470LAJ0,TALLGRASS NRG PRTNR/FIN,,DBT,US,2026-01
US87470LAK70,US87470LAK70,87470LAK7,TALLGRASS NRG PRTNR/FIN,,DBT,US,2026-02
US87470LAL53,US87470LAL53,87470LAL5,TALLGRASS NRG PRTNR/FIN,,DBT,US,2026-01
US87470LAM37,US87470LAM37,87470LAM3,TALLGRASS NRG PRTNR/FIN,,DBT,US,2026-02
US87612BBG68,US87612BBG68,87612BBG6,TARGA RESOURCES PARTNERS,,DBT,US,2026-01
US87612BBQ41,US87612BBQ41,87612BBQ4,TARGA RESOURCES PARTNERS,,DBT,US,2026-01
US87638QUD95,US87638QUD95,87638QUD9,TARRANT CNTY TX CULTURAL EDU F,,DBT,US,2026-02
US87638QUE78,US87638QUE78,87638QUE7,TARRANT CNTY TX CULTURAL EDU F,,DBT,US,2026-02
US87638TJR59,US87638TJR59,87638TJR5,TARRANT CNTY TX CULTURAL EDU F,,DBT,US,2026-01
US872287AL19,US872287AL19,872287AL1,TCI COMMUNICATIONS INC,,DBT,US,2026-03
US87821TAA88,US87821TAA88,87821TAA8,TEAM SERVICES HLDG INC,,DBT,US,2026-03
US87972MCC47,US87972MCC47,87972MCC4,TEMPE AZ INDL DEV AUTH REVENUE,,DBT,US,2026-02
US880451AV10,US880451AV10,880451AV1,TENNESSEE GAS PIPELINE,,DBT,US,2026-03
US880451AS80,US880451AS80,880451AS8,TENNESSEE GAS PIPELINE COMPANY LLC,,DBT,US,2026-03
US880443JQ01,US880443JQ01,880443JQ0,TENNESSEE ST ENERGY ACQUISITIO,,DBT,US,2026-01
US882270XV83,US882270XV83,882270XV8,TEXAS CITY TX INDEP SCH DIST,,DBT,US,2026-01
US88256CAT62,US88256CAT62,88256CAT6,TEXAS ST MUNI GAS ACQUISITION,,DBT,US,2026-01
US88256PAT75,US88256PAT75,88256PAT7,TEXAS ST MUNI GAS ACQUISITION&,,DBT,US,2026-01
US882667BS69,US882667BS69,882667BS6,TEXAS ST PRIV ACTIVITY BOND SU,,DBT,US,2026-01
US882667BT43,US882667BT43,882667BT4,TEXAS ST PRIV ACTIVITY BOND SU,,DBT,US,2026-01
US882667BU16,US882667BU16,882667BU1,TEXAS ST PRIV ACTIVITY BOND SU,,DBT,US,2026-01
US88283NAZ50,US88283NAZ50,88283NAZ5,TEXAS ST TRANSPRTN COMMISSION,,DBT,US,2026-01
US882854B271,US882854B271,882854B27,TEXAS ST WTR DEV BRD,,DBT,US,2026-01
US88285ABH05,US88285ABH05,88285ABH0,TEXAS WTR DEV BRD REVENUE,,DBT,US,2026-01
US77289KAA34,US77289KAA34,77289KAA3,TGNR INTERMEDIATE HOLDIN,,DBT,US,2026-01
US587118AF73,US587118AF73,587118AF7,THE MEN'S WEARHOUSE LLC,,DBT,US,2026-01
US88786PHJ12,US88786PHJ12,88786PHJ1,TIPPECANOE CNTY IN SCH BLDG CO,,DBT,US,2026-02
US88786PKC22,US88786PKC22,88786PKC2,TIPPECANOE CNTY IN SCH BLDG CO,,DBT,US,2026-02
US87256YAA10,US87256YAA10,87256YAA1,TKC HOLDINGS INC,,DBT,US,2026-01
US87256YAC75,US87256YAC75,87256YAC7,TKC HOLDINGS INC,,DBT,US,2026-01
US87256YAE32,US87256YAE32,87256YAE3,TKC HOLDINGS INC,,DBT,US,2026-02
US87256YAG89,US87256YAG89,87256YAG8,TKC HOLDINGS INC,,DBT,US,2026-02
US888808HL91,US888808HL91,888808HL9,TOBACCO SETTLEMENT FING CORP N,,DBT,US,2026-01
US888808HT28,US888808HT28,888808HT2,TOBACCO SETTLEMENT FING CORP N,,DBT,US,2026-01
US888809BG44,US888809BG44,888809BG4,TOBACCO SETTLEMENT FING CORP R,,DBT,US,2026-01
US889184AC18,US889184AC18,889184AC1,TOLEDO HOSPITAL/THE,,DBT,US,2026-03
US88947EAT73,US88947EAT73,88947EAT7,TOLL BROS FINANCE CORP,,DBT,US,2026-03
US89158TAA79,US89158TAA79,89158TAA7,TOTALENERGI CAP USA LLC,,DBT,US,2026-01
US893574AK91,US893574AK91,893574AK9,TRANSCONT GAS PIPE LINE,,DBT,US,2026-03
US893574AP88,US893574AP88,893574AP8,TRANSCONT GAS PIPE LINE,,DBT,US,2026-01
US89377AAA34,US89377AAA34,89377AAA3,TRANSMONTAIGNE PARTNERS,,DBT,US,2026-01
US89556GJD88,US89556GJD88,89556GJD8,TRI-CREEK IN 2002 HIGH SCH BLD,,DBT,US,2026-02
US89602HCP01,US89602HCP01,89602HCP0,TRIBOROUGH NY BRIDGE & TUNNEL,,DBT,US,2026-02
US896032AU31,US896032AU31,896032AU3,TRIBOROUGH NY BRIDGE & TUNNEL,,DBT,US,2026-01
US896224BA99,US896224BA99,896224BA9,TRIMBLE CNTY KY POLL CONTROL R,,DBT,US,2026-02
US872898AF83,US872898AF83,872898AF8,TSMC ARIZONA CORP,,DBT,US,2026-03
US899530AY53,US899530AY53,899530AY5,TULSA CNTY OK INDL AUTH SENIOR,,DBT,US,2026-01
US25468PDK93,US25468PDK93,25468PDK9,TWDC ENTERPRISES 18 CORP,,DBT,US,2026-01
US875124HM45,US875124HM45,875124HM4,Tampa Bay Water,,DBT,US,2025-11
US875124HV44,US875124HV44,875124HV4,Tampa Bay Water,,DBT,US,2025-11
US875124HW27,US875124HW27,875124HW2,Tampa Bay Water,,DBT,US,2025-11
US875124HX00,US875124HX00,875124HX0,Tampa Bay Water,,DBT,US,2025-11
US875128JX95,US875128JX95,875128JX9,Tampa Bay Water,,DBT,US,2025-11
US875128JY78,US875128JY78,875128JY7,Tampa Bay Water,,DBT,US,2025-11
US875301FP31,US875301FP31,875301FP3,Tampa-Hillsborough County Expressway Authority,,DBT,US,2025-11
US875301GL18,US875301GL18,875301GL1,Tampa-Hillsborough County Expressway Authority,,DBT,US,2025-11
US876448JK83,US876448JK83,876448JK8,Tarrant Regional Water District,,DBT,US,2025-11
US876443WC24,US876443WC24,876443WC2,Tarrant Regional Water District Water Supply System,,DBT,US,2025-11
US880178CR73,US880178CR73,880178CR7,Temple University-of The Commonwealth System of Higher Education,,DBT,US,2025-11
US880178CS56,US880178CS56,880178CS5,Temple University-of The Commonwealth System of Higher Education,,DBT,US,2025-11
US880178CT30,US880178CT30,880178CT3,Temple University-of The Commonwealth System of Higher Education,,DBT,US,2025-11
US880178CU03,US880178CU03,880178CU0,Temple University-of The Commonwealth System of Higher Education,,DBT,US,2025-11
US880558JU63,US880558JU63,880558JU6,Tennessee State School Bond Authority,,DBT,US,2025-11
US880558KC47,US880558KC47,880558KC4,Tennessee State School Bond Authority,,DBT,US,2025-11
US880558QP95,US880558QP95,880558QP9,Tennessee State School Bond Authority,,DBT,US,2025-11
US88213ALD53,US88213ALD53,88213ALD5,Texas A&M University,,DBT,US,2025-11
US88213ATE54,US88213ATE54,88213ATE5,Texas A&M University,,DBT,US,2025-11
US88213ATM70,US88213ATM70,88213ATM7,Texas A&M University,,DBT,US,2025-11
US88213ATN53,US88213ATN53,88213ATN5,Texas A&M University,,DBT,US,2025-11
US88213ATR67,US88213ATR67,88213ATR6,Texas A&M University,,DBT,US,2025-11
US88213ATV79,US88213ATV79,88213ATV7,Texas A&M University,,DBT,US,2025-11
US88213ATW52,US88213ATW52,88213ATW5,Texas A&M University,,DBT,US,2025-11
US88283LJY39,US88283LJY39,88283LJY3,Texas Department of Transportation State Highway Fund,,DBT,US,2025-11
US88283LKK16,US88283LKK16,88283LKK1,Texas Department of Transportation State Highway Fund,,DBT,US,2025-11
US88283LKP03,US88283LKP03,88283LKP0,Texas Department of Transportation State Highway Fund,,DBT,US,2025-11
US88283LLD63,US88283LLD63,88283LLD6,Texas Department of Transportation State Highway Fund,,DBT,US,2025-11
US88278PH232,US88278PH232,88278PH23,Texas State University System,,DBT,US,2025-11
US88278PH497,US88278PH497,88278PH49,Texas State University System,,DBT,US,2025-11
US88278PJ964,US88278PJ964,88278PJ96,Texas State University System,,DBT,US,2025-11
US88278PYH18,US88278PYH18,88278PYH1,Texas State University System,,DBT,US,2025-11
US88278PYL20,US88278PYL20,88278PYL2,Texas State University System,,DBT,US,2025-11
US882806JH66,US882806JH66,882806JH6,Texas Tech University System,,DBT,US,2025-11
US882806KV32,US882806KV32,882806KV3,Texas Tech University System,,DBT,US,2025-11
US882830BJ05,US882830BJ05,882830BJ0,Texas Transportation Commission,,DBT,US,2025-11
US882830BL50,US882830BL50,882830BL5,Texas Transportation Commission,,DBT,US,2025-11
US882830BP64,US882830BP64,882830BP6,Texas Transportation Commission,,DBT,US,2025-11
US882830BQ48,US882830BQ48,882830BQ4,Texas Transportation Commission,,DBT,US,2026-02
US882830BT86,US882830BT86,882830BT8,Texas Transportation Commission,,DBT,US,2025-11
US882830BV33,US882830BV33,882830BV3,Texas Transportation Commission,,DBT,US,2025-11
US882830BW16,US882830BW16,882830BW1,Texas Transportation Commission,,DBT,US,2025-11
US882830CC43,US882830CC43,882830CC4,Texas Transportation Commission,,DBT,US,2025-11
US88283PAD96,US88283PAD96,88283PAD9,Texas Transportation Finance Corp.,,DBT,US,2025-11
US88283PAE79,US88283PAE79,88283PAE7,Texas Transportation Finance Corp.,,DBT,US,2025-11
US88283PAF45,US88283PAF45,88283PAF4,Texas Transportation Finance Corp.,,DBT,US,2025-11
US88283PAG28,US88283PAG28,88283PAG2,Texas Transportation Finance Corp.,,DBT,US,2025-11
US88283PAH01,US88283PAH01,88283PAH0,Texas Transportation Finance Corp.,,DBT,US,2025-11
US88283PAJ66,US88283PAJ66,88283PAJ6,Texas Transportation Finance Corp.,,DBT,US,2025-11
US88283PAK30,US88283PAK30,88283PAK3,Texas Transportation Finance Corp.,,DBT,US,2025-11
US88283PAL13,US88283PAL13,88283PAL1,Texas Transportation Finance Corp.,,DBT,US,2025-11
US88283PAM95,US88283PAM95,88283PAM9,Texas Transportation Finance Corp.,,DBT,US,2025-11
US88283PAN78,US88283PAN78,88283PAN7,Texas Transportation Finance Corp.,,DBT,US,2025-11
US88283PAP27,US88283PAP27,88283PAP2,Texas Transportation Finance Corp.,,DBT,US,2025-11
US8828543F76,US8828543F76,8828543F7,Texas Water Development Board,,DBT,US,2025-11
US8828543L45,US8828543L45,8828543L4,Texas Water Development Board,,DBT,US,2025-11
US8828543M28,US8828543M28,8828543M2,Texas Water Development Board,,DBT,US,2025-11
US8828544L36,US8828544L36,8828544L3,Texas Water Development Board,,DBT,US,2025-11
US8828544Q23,US8828544Q23,8828544Q2,Texas Water Development Board,,DBT,US,2025-11
US8828544T61,US8828544T61,8828544T6,Texas Water Development Board,,DBT,US,2025-11
US8828544V18,US8828544V18,8828544V1,Texas Water Development Board,,DBT,US,2025-11
US8828545X64,US8828545X64,8828545X6,Texas Water Development Board,,DBT,US,2025-11
US8828546K35,US8828546K35,8828546K3,Texas Water Development Board,,DBT,US,2025-11
US8828546Q05,US8828546Q05,8828546Q0,Texas Water Development Board,,DBT,US,2025-11
US8828546R87,US8828546R87,8828546R8,Texas Water Development Board,,DBT,US,2025-11
US8828546S60,US8828546S60,8828546S6,Texas Water Development Board,,DBT,US,2025-11
US8828546U17,US8828546U17,8828546U1,Texas Water Development Board,,DBT,US,2025-11
US8828548A35,US8828548A35,8828548A3,Texas Water Development Board,,DBT,US,2025-11
US882854A513,US882854A513,882854A51,Texas Water Development Board,,DBT,US,2025-11
US882854A695,US882854A695,882854A69,Texas Water Development Board,,DBT,US,2025-11
US882854A778,US882854A778,882854A77,Texas Water Development Board,,DBT,US,2025-11
US882854A851,US882854A851,882854A85,Texas Water Development Board,,DBT,US,2025-11
US882854B503,US882854B503,882854B50,Texas Water Development Board,,DBT,US,2025-11
US882854B842,US882854B842,882854B84,Texas Water Development Board,,DBT,US,2025-11
US882854H625,US882854H625,882854H62,Texas Water Development Board,,DBT,US,2025-11
US882854J522,US882854J522,882854J52,Texas Water Development Board,,DBT,US,2025-11
US882854J605,US882854J605,882854J60,Texas Water Development Board,,DBT,US,2025-11
US882854N813,US882854N813,882854N81,Texas Water Development Board,,DBT,US,2025-11
US882854P552,US882854P552,882854P55,Texas Water Development Board,,DBT,US,2025-11
US882854P719,US882854P719,882854P71,Texas Water Development Board,,DBT,US,2025-11
US882854Q477,US882854Q477,882854Q47,Texas Water Development Board,,DBT,US,2025-11
US882854Q543,US882854Q543,882854Q54,Texas Water Development Board,,DBT,US,2025-11
US882854Q709,US882854Q709,882854Q70,Texas Water Development Board,,DBT,US,2025-11
US882854WR92,US882854WR92,882854WR9,Texas Water Development Board,,DBT,US,2025-11
US882854WS75,US882854WS75,882854WS7,Texas Water Development Board,,DBT,US,2025-11
US882854WV05,US882854WV05,882854WV0,Texas Water Development Board,,DBT,US,2025-11
US882854WX60,US882854WX60,882854WX6,Texas Water Development Board,,DBT,US,2025-11
US882854XB32,US882854XB32,882854XB3,Texas Water Development Board,,DBT,US,2025-11
US882854Y711,US882854Y711,882854Y71,Texas Water Development Board,,DBT,US,2025-11
US882854Y893,US882854Y893,882854Y89,Texas Water Development Board,,DBT,US,2025-11
US882854YP19,US882854YP19,882854YP1,Texas Water Development Board,,DBT,US,2025-11
US882854Z213,US882854Z213,882854Z21,Texas Water Development Board,,DBT,US,2025-11
US882854Z478,US882854Z478,882854Z47,Texas Water Development Board,,DBT,US,2025-11
US882854Z544,US882854Z544,882854Z54,Texas Water Development Board,,DBT,US,2025-11
US882854Z627,US882854Z627,882854Z62,Texas Water Development Board,,DBT,US,2025-11
US882854Z700,US882854Z700,882854Z70,Texas Water Development Board,,DBT,US,2025-11
US882854Z882,US882854Z882,882854Z88,Texas Water Development Board,,DBT,US,2025-11
US882854ZU94,US882854ZU94,882854ZU9,Texas Water Development Board,,DBT,US,2025-11
US882854ZZ81,US882854ZZ81,882854ZZ8,Texas Water Development Board,,DBT,US,2025-11
US88285ABA51,US88285ABA51,88285ABA5,Texas Water Development Board,,DBT,US,2025-11
US88285ABJ60,US88285ABJ60,88285ABJ6,Texas Water Development Board,,DBT,US,2025-11
US88285ACE64,US88285ACE64,88285ACE6,Texas Water Development Board,,DBT,US,2025-11
US88285ADK16,US88285ADK16,88285ADK1,Texas Water Development Board,,DBT,US,2025-11
US88285ADN54,US88285ADN54,88285ADN5,Texas Water Development Board,,DBT,US,2025-11
US88285ADS42,US88285ADS42,88285ADS4,Texas Water Development Board,,DBT,US,2025-11
US88285ADU97,US88285ADU97,88285ADU9,Texas Water Development Board,,DBT,US,2025-11
US88285AFR41,US88285AFR41,88285AFR4,Texas Water Development Board,,DBT,US,2025-11
US88285AFS24,US88285AFS24,88285AFS2,Texas Water Development Board,,DBT,US,2025-11
US88285AFU79,US88285AFU79,88285AFU7,Texas Water Development Board,,DBT,US,2025-11
US88285AFV52,US88285AFV52,88285AFV5,Texas Water Development Board,,DBT,US,2025-11
US88285AFY91,US88285AFY91,88285AFY9,Texas Water Development Board,,DBT,US,2025-11
US88285AGA07,US88285AGA07,88285AGA0,Texas Water Development Board,,DBT,US,2025-11
US88285AJV17,US88285AJV17,88285AJV1,Texas Water Development Board,,DBT,US,2025-11
US88285AJY55,US88285AJY55,88285AJY5,Texas Water Development Board,,DBT,US,2025-11
US88285AKA50,US88285AKA50,88285AKA5,Texas Water Development Board,,DBT,US,2025-11
US88285AKC17,US88285AKC17,88285AKC1,Texas Water Development Board,,DBT,US,2025-11
US88285AKD99,US88285AKD99,88285AKD9,Texas Water Development Board,,DBT,US,2025-11
US887440DJ12,US887440DJ12,887440DJ1,Timpanogos Special Service District,,DBT,US,2025-11
US887440DM41,US887440DM41,887440DM4,Timpanogos Special Service District,,DBT,US,2025-11
US1137456W81,US1137456W81,1137456W8,Town of Brookline,,DBT,US,2025-11
US74823NAQ25,US74823NAQ25,74823NAQ2,Town of Queen Creek,,DBT,US,2026-02
US74823NAR08,US74823NAR08,74823NAR0,Town of Queen Creek,,DBT,US,2026-02
US74823NAS80,US74823NAS80,74823NAS8,Town of Queen Creek,,DBT,US,2026-02
US89546RQU13,US89546RQU13,89546RQU1,Tri-County Metropolitan Transportation District of Oregon,,DBT,US,2025-11
US895541DA53,US895541DA53,895541DA5,Tri-County Regional Vocational Technical School District,,DBT,US,2025-11
US89602HAA59,US89602HAA59,89602HAA5,Triborough Bridge & Tunnel Authority,,DBT,US,2025-11
US89602HAB33,US89602HAB33,89602HAB3,Triborough Bridge & Tunnel Authority,,DBT,US,2025-11
US89602HAD98,US89602HAD98,89602HAD9,Triborough Bridge & Tunnel Authority,,DBT,US,2025-11
US89602HAE71,US89602HAE71,89602HAE7,Triborough Bridge & Tunnel Authority,,DBT,US,2025-11
US89602HAV96,US89602HAV96,89602HAV9,Triborough Bridge & Tunnel Authority,,DBT,US,2025-11
US89602HBE62,US89602HBE62,89602HBE6,Triborough Bridge & Tunnel Authority,,DBT,US,2025-11
US89602HBF38,US89602HBF38,89602HBF3,Triborough Bridge & Tunnel Authority,,DBT,US,2025-11
US89602HBG11,US89602HBG11,89602HBG1,Triborough Bridge & Tunnel Authority,,DBT,US,2025-11
US89602HBS58,US89602HBS58,89602HBS5,Triborough Bridge & Tunnel Authority,,DBT,US,2025-11
US89602HBZ91,US89602HBZ91,89602HBZ9,Triborough Bridge & Tunnel Authority,,DBT,US,2025-11
US89602HCB15,US89602HCB15,89602HCB1,Triborough Bridge & Tunnel Authority,,DBT,US,2025-11
US89602HCG02,US89602HCG02,89602HCG0,Triborough Bridge & Tunnel Authority,,DBT,US,2025-11
US89602HCH84,US89602HCH84,89602HCH8,Triborough Bridge & Tunnel Authority,,DBT,US,2025-11
US89602HCT23,US89602HCT23,89602HCT2,Triborough Bridge & Tunnel Authority,,DBT,US,2025-11
US89602HCV78,US89602HCV78,89602HCV7,Triborough Bridge & Tunnel Authority,,DBT,US,2025-11
US89602HDQ74,US89602HDQ74,89602HDQ7,Triborough Bridge & Tunnel Authority,,DBT,US,2025-11
US89602HDR57,US89602HDR57,89602HDR5,Triborough Bridge & Tunnel Authority,,DBT,US,2025-11
US89602HEM51,US89602HEM51,89602HEM5,Triborough Bridge & Tunnel Authority,,DBT,US,2025-11
US89602HEP82,US89602HEP82,89602HEP8,Triborough Bridge & Tunnel Authority,,DBT,US,2025-11
US89602HEQ65,US89602HEQ65,89602HEQ6,Triborough Bridge & Tunnel Authority,,DBT,US,2025-11
US89602HEV50,US89602HEV50,89602HEV5,Triborough Bridge & Tunnel Authority,,DBT,US,2025-11
US89602HEX17,US89602HEX17,89602HEX1,Triborough Bridge & Tunnel Authority,,DBT,US,2025-11
US89602HEY99,US89602HEY99,89602HEY9,Triborough Bridge & Tunnel Authority,,DBT,US,2025-11
US89602HFS13,US89602HFS13,89602HFS1,Triborough Bridge & Tunnel Authority,,DBT,US,2025-11
US89602HFT95,US89602HFT95,89602HFT9,Triborough Bridge & Tunnel Authority,,DBT,US,2025-11
US89602HFU68,US89602HFU68,89602HFU6,Triborough Bridge & Tunnel Authority,,DBT,US,2025-11
US89602HGB78,US89602HGB78,89602HGB7,Triborough Bridge & Tunnel Authority,,DBT,US,2025-11
US89602HGG65,US89602HGG65,89602HGG6,Triborough Bridge & Tunnel Authority,,DBT,US,2025-11
US89602HGH49,US89602HGH49,89602HGH4,Triborough Bridge & Tunnel Authority,,DBT,US,2025-11
US89602HGJ05,US89602HGJ05,89602HGJ0,Triborough Bridge & Tunnel Authority,,DBT,US,2025-11
US89602HGK77,US89602HGK77,89602HGK7,Triborough Bridge & Tunnel Authority,,DBT,US,2025-11
US89602HGV33,US89602HGV33,89602HGV3,Triborough Bridge & Tunnel Authority,,DBT,US,2025-11
US89602HGX98,US89602HGX98,89602HGX9,Triborough Bridge & Tunnel Authority,,DBT,US,2025-11
US89602HGZ47,US89602HGZ47,89602HGZ4,Triborough Bridge & Tunnel Authority,,DBT,US,2025-11
US89602HHC43,US89602HHC43,89602HHC4,Triborough Bridge & Tunnel Authority,,DBT,US,2025-11
US89602HHH30,US89602HHH30,89602HHH3,Triborough Bridge & Tunnel Authority,,DBT,US,2025-11
US89602HHU41,US89602HHU41,89602HHU4,Triborough Bridge & Tunnel Authority,,DBT,US,2025-11
US89602HHV24,US89602HHV24,89602HHV2,Triborough Bridge & Tunnel Authority,,DBT,US,2025-11
US89602N5Q30,US89602N5Q30,89602N5Q3,Triborough Bridge & Tunnel Authority,,DBT,US,2025-11
US89602N7C26,US89602N7C26,89602N7C2,Triborough Bridge & Tunnel Authority,,DBT,US,2025-11
US89602N7D09,US89602N7D09,89602N7D0,Triborough Bridge & Tunnel Authority,,DBT,US,2025-11
US89602N7J78,US89602N7J78,89602N7J7,Triborough Bridge & Tunnel Authority,,DBT,US,2025-11
US89602N7K42,US89602N7K42,89602N7K4,Triborough Bridge & Tunnel Authority,,DBT,US,2025-11
US89602N7P39,US89602N7P39,89602N7P3,Triborough Bridge & Tunnel Authority,,DBT,US,2025-11
US89602N7Q12,US89602N7Q12,89602N7Q1,Triborough Bridge & Tunnel Authority,,DBT,US,2025-11
US89602N7R94,US89602N7R94,89602N7R9,Triborough Bridge & Tunnel Authority,,DBT,US,2025-11
US89602N7S77,US89602N7S77,89602N7S7,Triborough Bridge & Tunnel Authority,,DBT,US,2025-11
US89602NA208,US89602NA208,89602NA20,Triborough Bridge & Tunnel Authority,,DBT,US,2025-11
US89602NF827,US89602NF827,89602NF82,Triborough Bridge & Tunnel Authority,,DBT,US,2025-11
US89602NF900,US89602NF900,89602NF90,Triborough Bridge & Tunnel Authority,,DBT,US,2025-11
US89602NG247,US89602NG247,89602NG24,Triborough Bridge & Tunnel Authority,,DBT,US,2025-11
US89602RCL78,US89602RCL78,89602RCL7,Triborough Bridge & Tunnel Authority,,DBT,US,2025-11
US89602RDX08,US89602RDX08,89602RDX0,Triborough Bridge & Tunnel Authority,,DBT,US,2025-11
US89602RDZ55,US89602RDZ55,89602RDZ5,Triborough Bridge & Tunnel Authority,,DBT,US,2025-11
US89602REA95,US89602REA95,89602REA9,Triborough Bridge & Tunnel Authority,,DBT,US,2025-11
US89602REM34,US89602REM34,89602REM3,Triborough Bridge & Tunnel Authority,,DBT,US,2025-11
US89602REN17,US89602REN17,89602REN1,Triborough Bridge & Tunnel Authority,,DBT,US,2025-11
US89602RET86,US89602RET86,89602RET8,Triborough Bridge & Tunnel Authority,,DBT,US,2025-11
US89602RFL42,US89602RFL42,89602RFL4,Triborough Bridge & Tunnel Authority,,DBT,US,2025-11
US89602RFN08,US89602RFN08,89602RFN0,Triborough Bridge & Tunnel Authority,,DBT,US,2025-11
US89602RFS94,US89602RFS94,89602RFS9,Triborough Bridge & Tunnel Authority,,DBT,US,2025-11
US89602RFZ38,US89602RFZ38,89602RFZ3,Triborough Bridge & Tunnel Authority,,DBT,US,2025-11
US89602RGA77,US89602RGA77,89602RGA7,Triborough Bridge & Tunnel Authority,,DBT,US,2025-11
US89602RGB50,US89602RGB50,89602RGB5,Triborough Bridge & Tunnel Authority,,DBT,US,2025-11
US89602RHS76,US89602RHS76,89602RHS7,Triborough Bridge & Tunnel Authority,,DBT,US,2025-11
US89602RHT59,US89602RHT59,89602RHT5,Triborough Bridge & Tunnel Authority,,DBT,US,2025-11
US89602RJG11,US89602RJG11,89602RJG1,Triborough Bridge & Tunnel Authority,,DBT,US,2025-11
US89602RJK23,US89602RJK23,89602RJK2,Triborough Bridge & Tunnel Authority,,DBT,US,2025-11
US89602RJN61,US89602RJN61,89602RJN6,Triborough Bridge & Tunnel Authority,,DBT,US,2025-11
US89602RJP10,US89602RJP10,89602RJP1,Triborough Bridge & Tunnel Authority,,DBT,US,2025-11
US89602RNE17,US89602RNE17,89602RNE1,Triborough Bridge & Tunnel Authority,,DBT,US,2025-11
US89602RNH48,US89602RNH48,89602RNH4,Triborough Bridge & Tunnel Authority,,DBT,US,2025-11
US89602RNR20,US89602RNR20,89602RNR2,Triborough Bridge & Tunnel Authority,,DBT,US,2025-11
US89602RNV32,US89602RNV32,89602RNV3,Triborough Bridge & Tunnel Authority,,DBT,US,2025-11
US896032AD16,US896032AD16,896032AD1,Triborough Bridge & Tunnel Authority,,DBT,US,2025-11
US896032AE98,US896032AE98,896032AE9,Triborough Bridge & Tunnel Authority,,DBT,US,2025-11
US896032AG47,US896032AG47,896032AG4,Triborough Bridge & Tunnel Authority,,DBT,US,2025-11
US896032AM15,US896032AM15,896032AM1,Triborough Bridge & Tunnel Authority,,DBT,US,2025-11
US896032AS84,US896032AS84,896032AS8,Triborough Bridge & Tunnel Authority,,DBT,US,2025-11
US896032AT67,US896032AT67,896032AT6,Triborough Bridge & Tunnel Authority,,DBT,US,2025-11
US896032AX79,US896032AX79,896032AX7,Triborough Bridge & Tunnel Authority,,DBT,US,2025-11
US896032BB41,US896032BB41,896032BB4,Triborough Bridge & Tunnel Authority,,DBT,US,2025-11
US896032BD07,US896032BD07,896032BD0,Triborough Bridge & Tunnel Authority,,DBT,US,2025-11
US896035BD38,US896035BD38,896035BD3,Triborough Bridge & Tunnel Authority Sales Tax,,DBT,US,2025-11
US896035BV36,US896035BV36,896035BV3,Triborough Bridge & Tunnel Authority Sales Tax,,DBT,US,2025-11
US896035BY74,US896035BY74,896035BY7,Triborough Bridge & Tunnel Authority Sales Tax,,DBT,US,2025-11
US896035BZ40,US896035BZ40,896035BZ4,Triborough Bridge & Tunnel Authority Sales Tax,,DBT,US,2025-11
US896035CA89,US896035CA89,896035CA8,Triborough Bridge & Tunnel Authority Sales Tax,,DBT,US,2025-11
US896035CB62,US896035CB62,896035CB6,Triborough Bridge & Tunnel Authority Sales Tax,,DBT,US,2025-11
US896035CD29,US896035CD29,896035CD2,Triborough Bridge & Tunnel Authority Sales Tax,,DBT,US,2025-11
US896035CE02,US896035CE02,896035CE0,Triborough Bridge & Tunnel Authority Sales Tax,,DBT,US,2025-11
US896035CF76,US896035CF76,896035CF7,Triborough Bridge & Tunnel Authority Sales Tax,,DBT,US,2025-11
US896035DD10,US896035DD10,896035DD1,Triborough Bridge & Tunnel Authority Sales Tax,,DBT,US,2025-11
US896035DE92,US896035DE92,896035DE9,Triborough Bridge & Tunnel Authority Sales Tax,,DBT,US,2025-11
US896035DH24,US896035DH24,896035DH2,Triborough Bridge & Tunnel Authority Sales Tax,,DBT,US,2025-11
US89658HVC14,US89658HVC14,89658HVC1,Trinity River Authority Central Regional Wastewater System,,DBT,US,2025-11
US902273XQ91,US902273XQ91,902273XQ9,Tyler Independent School District,,DBT,US,2025-11
US90279XAA00,US90279XAA00,90279XAA0,UKG INC,,DBT,US,2026-01
US90931GAA76,US90931GAA76,90931GAA7,UNITED AIR 2020-1 A PTT,,DBT,US,2026-03
US91327BAA89,US91327BAA89,91327BAA8,UNITI GROUP/CSL CAPITAL,,DBT,US,2026-01
US91327BAB62,US91327BAB62,91327BAB6,UNITI GROUP/CSL CAPITAL,,DBT,US,2026-01
US91327CAA62,US91327CAA62,91327CAA6,UNITI GROUP/CSL CAPITAL,,DBT,US,2026-02
US91327TAC53,US91327TAC53,91327TAC5,UNITI GROUP/CSL CAPITAL,,DBT,US,2026-02
US91327AAB89,US91327AAB89,91327AAB8,UNITI GRP/UNITI HLD/CSL,,DBT,US,2026-01
US97382BAB53,US97382BAB53,97382BAB5,UNITI SERVICES LLC,,DBT,US,2026-01
US91412G2G96,US91412G2G96,91412G2G9,UNIV OF CALIFORNIA REVENUES,,DBT,US,2026-01
US914119X648,US914119X648,914119X64,UNIV OF CINCINNATI OH RECPTS,,DBT,US,2026-01
US91417KY708,US91417KY708,91417KY70,UNIV OF COLORADO CO ENTERPRISE,,DBT,US,2026-01
US914714CY49,US914714CY49,914714CY4,UNIV OF NORTH CAROLINA AT CHAP,,DBT,US,2026-02
US914714CZ14,US914714CZ14,914714CZ1,UNIV OF NORTH CAROLINA AT CHAP,,DBT,US,2026-02
US91514APH22,US91514APH22,91514APH2,UNIV OF TEXAS TX UNIV REVENUES,,DBT,US,2026-02
US916507UG94,US916507UG94,916507UG9,UPPER SAINT CLAIR TWP PA SCH D,,DBT,US,2026-01
US90367UAD37,US90367UAD37,90367UAD3,US ACUTE CARE SOLUTIONS,,DBT,US,2026-01
US07335BAA44,US07335BAA44,07335BAA4,US RENAL CARE INC,,DBT,US,2026-01
US91740PAG37,US91740PAG37,91740PAG3,USA COM PART/USA COM FIN,,DBT,US,2026-01
US91740PAH10,US91740PAH10,91740PAH1,USA COM PART/USA COM FIN,,DBT,US,2026-01
US90346KAB52,US90346KAB52,90346KAB5,USI INC/NY,,DBT,US,2026-03
US62854AAN46,US62854AAN46,62854AAN4,UTAH ACQUISITION SUB,,DBT,US,2026-01
US914026XA29,US914026XA29,914026XA2,University of Alabama (The),,DBT,US,2025-11
US914026XE41,US914026XE41,914026XE4,University of Alabama (The),,DBT,US,2025-11
US91412G2L81,US91412G2L81,91412G2L8,University of California,,DBT,US,2025-11
US91412G2M64,US91412G2M64,91412G2M6,University of California,,DBT,US,2025-11
US91412G2N48,US91412G2N48,91412G2N4,University of California,,DBT,US,2025-11
US91412G3L72,US91412G3L72,91412G3L7,University of California,,DBT,US,2025-11
US91412G3M55,US91412G3M55,91412G3M5,University of California,,DBT,US,2025-11
US91412G3P86,US91412G3P86,91412G3P8,University of California,,DBT,US,2025-11
US91412G3R43,US91412G3R43,91412G3R4,University of California,,DBT,US,2025-11
US91412G3S26,US91412G3S26,91412G3S2,University of California,,DBT,US,2025-11
US91412G3U71,US91412G3U71,91412G3U7,University of California,,DBT,US,2025-11
US91412GJ229,US91412GJ229,91412GJ22,University of California,,DBT,US,2025-11
US91412GJ302,US91412GJ302,91412GJ30,University of California,,DBT,US,2025-11
US91412GJ716,US91412GJ716,91412GJ71,University of California,,DBT,US,2025-11
US91412GR230,US91412GR230,91412GR23,University of California,,DBT,US,2025-11
US91412GW768,US91412GW768,91412GW76,University of California,,DBT,US,2025-11
US91412GX345,US91412GX345,91412GX34,University of California,,DBT,US,2025-11
US91412GY251,US91412GY251,91412GY25,University of California,,DBT,US,2025-11
US91412GY335,US91412GY335,91412GY33,University of California,,DBT,US,2025-11
US91412GY418,US91412GY418,91412GY41,University of California,,DBT,US,2025-11
US91412HAJ23,US91412HAJ23,91412HAJ2,University of California,,DBT,US,2025-11
US91412HBB87,US91412HBB87,91412HBB8,University of California,,DBT,US,2025-11
US91412HDE09,US91412HDE09,91412HDE0,University of California,,DBT,US,2025-11
US91412HDF73,US91412HDF73,91412HDF7,University of California,,DBT,US,2025-11
US91412HET68,US91412HET68,91412HET6,University of California,,DBT,US,2025-11
US91412HGV96,US91412HGV96,91412HGV9,University of California,,DBT,US,2025-11
US91412HGW79,US91412HGW79,91412HGW7,University of California,,DBT,US,2025-11
US91412HGY36,US91412HGY36,91412HGY3,University of California,,DBT,US,2025-11
US91412HHA41,US91412HHA41,91412HHA4,University of California,,DBT,US,2025-11
US91412HHC07,US91412HHC07,91412HHC0,University of California,,DBT,US,2025-11
US91412HHD89,US91412HHD89,91412HHD8,University of California,,DBT,US,2025-11
US91412HHE62,US91412HHE62,91412HHE6,University of California,,DBT,US,2025-11
US91412HHG11,US91412HHG11,91412HHG1,University of California,,DBT,US,2025-11
US91412HHH93,US91412HHH93,91412HHH9,University of California,,DBT,US,2026-02
US91412HHJ59,US91412HHJ59,91412HHJ5,University of California,,DBT,US,2025-11
US91412HJF10,US91412HJF10,91412HJF1,University of California,,DBT,US,2025-11
US91412HJG92,US91412HJG92,91412HJG9,University of California,,DBT,US,2025-11
US91412HKM42,US91412HKM42,91412HKM4,University of California,,DBT,US,2025-11
US91412HKQ55,US91412HKQ55,91412HKQ5,University of California,,DBT,US,2025-11
US91412HKU67,US91412HKU67,91412HKU6,University of California,,DBT,US,2025-11
US91412HNC33,US91412HNC33,91412HNC3,University of California,,DBT,US,2025-11
US91412HND16,US91412HND16,91412HND1,University of California,,DBT,US,2025-11
US91412HNS84,US91412HNS84,91412HNS8,University of California,,DBT,US,2025-11
US91412HNT67,US91412HNT67,91412HNT6,University of California,,DBT,US,2025-11
US91412HPG29,US91412HPG29,91412HPG2,University of California,,DBT,US,2025-11
US91412HPR83,US91412HPR83,91412HPR8,University of California,,DBT,US,2025-11
US91412HPS66,US91412HPS66,91412HPS6,University of California,,DBT,US,2025-11
US91412HQJ58,US91412HQJ58,91412HQJ5,University of California,,DBT,US,2025-11
US91412HQN60,US91412HQN60,91412HQN6,University of California,,DBT,US,2025-11
US91412HQP19,US91412HQP19,91412HQP1,University of California,,DBT,US,2025-11
US91412HQQ91,US91412HQQ91,91412HQQ9,University of California,,DBT,US,2025-11
US91412HQR74,US91412HQR74,91412HQR7,University of California,,DBT,US,2025-11
US91412HQS57,US91412HQS57,91412HQS5,University of California,,DBT,US,2025-11
US91412HQT31,US91412HQT31,91412HQT3,University of California,,DBT,US,2025-11
US91412HQU04,US91412HQU04,91412HQU0,University of California,,DBT,US,2025-11
US91412HQV86,US91412HQV86,91412HQV8,University of California,,DBT,US,2025-11
US91412HQW69,US91412HQW69,91412HQW6,University of California,,DBT,US,2025-11
US91412HRS49,US91412HRS49,91412HRS4,University of California,,DBT,US,2025-11
US91412HRT22,US91412HRT22,91412HRT2,University of California,,DBT,US,2025-11
US91412HRX34,US91412HRX34,91412HRX3,University of California,,DBT,US,2025-11
US91412HRY17,US91412HRY17,91412HRY1,University of California,,DBT,US,2025-11
US91412HSM69,US91412HSM69,91412HSM6,University of California,,DBT,US,2025-11
US91412HTB95,US91412HTB95,91412HTB9,University of California,,DBT,US,2025-11
US91412HTN34,US91412HTN34,91412HTN3,University of California,,DBT,US,2025-11
US91412HTP81,US91412HTP81,91412HTP8,University of California,,DBT,US,2025-11
US91412HTW33,US91412HTW33,91412HTW3,University of California,,DBT,US,2025-11
US91412HUA93,US91412HUA93,91412HUA9,University of California,,DBT,US,2025-11
US91412HUR29,US91412HUR29,91412HUR2,University of California,,DBT,US,2025-11
US91412HUT84,US91412HUT84,91412HUT8,University of California,,DBT,US,2025-11
US91412HUY79,US91412HUY79,91412HUY7,University of California,,DBT,US,2025-11
US91412HVB67,US91412HVB67,91412HVB6,University of California,,DBT,US,2025-11
US91412HVY60,US91412HVY60,91412HVY6,University of California,,DBT,US,2025-11
US91412HVZ36,US91412HVZ36,91412HVZ3,University of California,,DBT,US,2025-11
US91412HWA75,US91412HWA75,91412HWA7,University of California,,DBT,US,2025-11
US91412HWB58,US91412HWB58,91412HWB5,University of California,,DBT,US,2026-02
US91412HWH29,US91412HWH29,91412HWH2,University of California,,DBT,US,2026-02
US91412HWJ84,US91412HWJ84,91412HWJ8,University of California,,DBT,US,2026-02
US91412HWK57,US91412HWK57,91412HWK5,University of California,,DBT,US,2026-02
US91412HWL31,US91412HWL31,91412HWL3,University of California,,DBT,US,2026-02
US91412HWX78,US91412HWX78,91412HWX7,University of California,,DBT,US,2026-02
US91412HXA66,US91412HXA66,91412HXA6,University of California,,DBT,US,2026-02
US91412HXC23,US91412HXC23,91412HXC2,University of California,,DBT,US,2026-02
US91412HXE88,US91412HXE88,91412HXE8,University of California,,DBT,US,2026-02
US91412HXL22,US91412HXL22,91412HXL2,University of California,,DBT,US,2026-02
US91412HXM05,US91412HXM05,91412HXM0,University of California,,DBT,US,2026-02
US91412HXN87,US91412HXN87,91412HXN8,University of California,,DBT,US,2026-02
US91412HXR91,US91412HXR91,91412HXR9,University of California,,DBT,US,2026-02
US9141194X73,US9141194X73,9141194X7,University of Cincinnati,,DBT,US,2025-11
US91417KY211,US91417KY211,91417KY21,University of Colorado,,DBT,US,2025-11
US91417NHY40,US91417NHY40,91417NHY4,University of Colorado,,DBT,US,2025-11
US91417NKR51,US91417NKR51,91417NKR5,University of Colorado,,DBT,US,2025-11
US91417NKS35,US91417NKS35,91417NKS3,University of Colorado,,DBT,US,2025-11
US914245EB75,US914245EB75,914245EB7,University of Delaware,,DBT,US,2025-11
US914245EW13,US914245EW13,914245EW1,University of Delaware,,DBT,US,2025-11
US914302KF08,US914302KF08,914302KF0,University of Houston,,DBT,US,2025-11
US914440QM71,US914440QM71,914440QM7,University of Massachusetts Building Authority,,DBT,US,2025-11
US914440QN54,US914440QN54,914440QN5,University of Massachusetts Building Authority,,DBT,US,2025-11
US914440QX37,US914440QX37,914440QX3,University of Massachusetts Building Authority,,DBT,US,2025-11
US914440TJ16,US914440TJ16,914440TJ1,University of Massachusetts Building Authority,,DBT,US,2025-11
US914440WC26,US914440WC26,914440WC2,University of Massachusetts Building Authority,,DBT,US,2025-11
US914455QB92,US914455QB92,914455QB9,University of Michigan,,DBT,US,2025-11
US914455QZ60,US914455QZ60,914455QZ6,University of Michigan,,DBT,US,2025-11
US914455RA01,US914455RA01,914455RA0,University of Michigan,,DBT,US,2025-11
US914455UB47,US914455UB47,914455UB4,University of Michigan,,DBT,US,2025-11
US914639LD94,US914639LD94,914639LD9,University of Nebraska Facilities Corp. (The),,DBT,US,2025-11
US914639LG26,US914639LG26,914639LG2,University of Nebraska Facilities Corp. (The),,DBT,US,2025-11
US914729XH63,US914729XH63,914729XH6,University of North Texas System,,DBT,US,2025-11
US914729XK92,US914729XK92,914729XK9,University of North Texas System,,DBT,US,2025-11
US91476PNQ71,US91476PNQ71,91476PNQ7,University of Oklahoma (The),,DBT,US,2025-11
US914767AJ79,US914767AJ79,914767AJ7,University of Oregon,,DBT,US,2026-02
US914767AK43,US914767AK43,914767AK4,University of Oregon,,DBT,US,2026-02
US914767AL26,US914767AL26,914767AL2,University of Oregon,,DBT,US,2026-02
US91335VKW53,US91335VKW53,91335VKW5,University of Pittsburgh-of the Commonwealth System of Higher Education,,DBT,US,2025-11
US91335VKZ84,US91335VKZ84,91335VKZ8,University of Pittsburgh-of the Commonwealth System of Higher Education,,DBT,US,2025-11
US91335VLA25,US91335VLA25,91335VLA2,University of Pittsburgh-of the Commonwealth System of Higher Education,,DBT,US,2025-11
US9151832B27,US9151832B27,9151832B2,University of Utah (The),,DBT,US,2025-11
US9151832C00,US9151832C00,9151832C0,University of Utah (The),,DBT,US,2025-11
US9151833T26,US9151833T26,9151833T2,University of Utah (The),,DBT,US,2025-11
US915183X932,US915183X932,915183X93,University of Utah (The),,DBT,US,2025-11
US915183Y500,US915183Y500,915183Y50,University of Utah (The),,DBT,US,2025-11
US915200VQ93,US915200VQ93,915200VQ9,University of Vermont & State Agricultural College,,DBT,US,2025-11
US915217WG46,US915217WG46,915217WG4,University of Virginia,,DBT,US,2025-11
US91523NA301,US91523NA301,91523NA30,University of Washington,,DBT,US,2025-11
US91523NYF76,US91523NYF76,91523NYF7,University of Washington,,DBT,US,2025-11
US91523NZK52,US91523NZK52,91523NZK5,University of Washington,,DBT,US,2025-11
US915506MS51,US915506MS51,915506MS5,Upper Arlington City School District,,DBT,US,2025-11
US915899RK67,US915899RK67,915899RK6,Upper Merion Area School District,,DBT,US,2025-11
US916544EM75,US916544EM75,916544EM7,Upper Santa Clara Valley Joint Powers Authority,,DBT,US,2025-11
US916544EN58,US916544EN58,916544EN5,Upper Santa Clara Valley Joint Powers Authority,,DBT,US,2025-11
US917565ET62,US917565ET62,917565ET6,Utah Transit Authority,,DBT,US,2025-11
US917565FS70,US917565FS70,917565FS7,Utah Transit Authority,,DBT,US,2025-11
US917567HG70,US917567HG70,917567HG7,Utah Transit Authority,,DBT,US,2025-11
US917567HM49,US917567HM49,917567HM4,Utah Transit Authority,,DBT,US,2025-11
US917567HN22,US917567HN22,917567HN2,Utah Transit Authority,,DBT,US,2025-11
US917567HP79,US917567HP79,917567HP7,Utah Transit Authority,,DBT,US,2025-11
US917567JF79,US917567JF79,917567JF7,Utah Transit Authority,,DBT,US,2025-11
US917567JG52,US917567JG52,917567JG5,Utah Transit Authority,,DBT,US,2025-11
US917567JH36,US917567JH36,917567JH3,Utah Transit Authority,,DBT,US,2025-11
US917567JK64,US917567JK64,917567JK6,Utah Transit Authority,,DBT,US,2025-11
US91802RBM07,US91802RBM07,91802RBM0,Utility Debt Securitization Authority,,DBT,US,2025-11
US91802RBN89,US91802RBN89,91802RBN8,Utility Debt Securitization Authority,,DBT,US,2025-11
US91802RBT59,US91802RBT59,91802RBT5,Utility Debt Securitization Authority,,DBT,US,2025-11
US91802RBV06,US91802RBV06,91802RBV0,Utility Debt Securitization Authority,,DBT,US,2025-11
US91802RCG20,US91802RCG20,91802RCG2,Utility Debt Securitization Authority,,DBT,US,2025-11
US91802RCH03,US91802RCH03,91802RCH0,Utility Debt Securitization Authority,,DBT,US,2025-11
US91802RCL15,US91802RCL15,91802RCL1,Utility Debt Securitization Authority,,DBT,US,2025-11
US91802RCM97,US91802RCM97,91802RCM9,Utility Debt Securitization Authority,,DBT,US,2025-11
US91802RCX52,US91802RCX52,91802RCX5,Utility Debt Securitization Authority,,DBT,US,2025-11
US91802REK14,US91802REK14,91802REK1,Utility Debt Securitization Authority,,DBT,US,2025-11
US91802REL96,US91802REL96,91802REL9,Utility Debt Securitization Authority,,DBT,US,2025-11
US91802RFF10,US91802RFF10,91802RFF1,Utility Debt Securitization Authority,,DBT,US,2025-11
US91802RFU86,US91802RFU86,91802RFU8,Utility Debt Securitization Authority,,DBT,US,2025-11
US91802RFV69,US91802RFV69,91802RFV6,Utility Debt Securitization Authority,,DBT,US,2025-11
US91802RGG83,US91802RGG83,91802RGG8,Utility Debt Securitization Authority,,DBT,US,2025-11
US91802RGH66,US91802RGH66,91802RGH6,Utility Debt Securitization Authority,,DBT,US,2025-11
US91802RGJ23,US91802RGJ23,91802RGJ2,Utility Debt Securitization Authority,,DBT,US,2025-11
US91802RGK95,US91802RGK95,91802RGK9,Utility Debt Securitization Authority,,DBT,US,2025-11
US91802RGL78,US91802RGL78,91802RGL7,Utility Debt Securitization Authority,,DBT,US,2025-11
US91802RHG74,US91802RHG74,91802RHG7,Utility Debt Securitization Authority,,DBT,US,2025-11
US91802RHV42,US91802RHV42,91802RHV4,Utility Debt Securitization Authority,,DBT,US,2026-02
US91802RJD26,US91802RJD26,91802RJD2,Utility Debt Securitization Authority,,DBT,US,2026-02
US91802RJE09,US91802RJE09,91802RJE0,Utility Debt Securitization Authority,,DBT,US,2026-02
US91802RJH30,US91802RJH30,91802RJH3,Utility Debt Securitization Authority,,DBT,US,2026-02
US91802RJK68,US91802RJK68,91802RJK6,Utility Debt Securitization Authority,,DBT,US,2026-02
US92259RAE53,US92259RAE53,92259RAE5,VELOCITY COM CAP LLC,,DBT,US,2026-01
US92262TAA43,US92262TAA43,92262TAA4,VELOCITY VEHICLE GROUP,,DBT,US,2026-01
US922687AD00,US922687AD00,922687AD0,VENICE FL,,DBT,US,2026-01
US922687AH14,US922687AH14,922687AH1,VENICE FL,,DBT,US,2026-02
US92332YAA91,US92332YAA91,92332YAA9,VENTURE GLOBAL LNG INC,,DBT,US,2026-01
US92332YAB74,US92332YAB74,92332YAB7,VENTURE GLOBAL LNG INC,,DBT,US,2026-01
US92332YAC57,US92332YAC57,92332YAC5,VENTURE GLOBAL LNG INC,,DBT,US,2026-01
US92332YAD31,US92332YAD31,92332YAD3,VENTURE GLOBAL LNG INC,,DBT,US,2026-01
US92332YAE14,US92332YAE14,92332YAE1,VENTURE GLOBAL LNG INC,,DBT,US,2026-01
US922966AA47,US922966AA47,922966AA4,VENTURE GLOBAL PLAQUE,,DBT,US,2026-02
US922966AB20,US922966AB20,922966AB2,VENTURE GLOBAL PLAQUE,,DBT,US,2026-02
US922966AC03,US922966AC03,922966AC0,VENTURE GLOBAL PLAQUE,,DBT,US,2026-01
US922966AD85,US922966AD85,922966AD8,VENTURE GLOBAL PLAQUE,,DBT,US,2026-01
US922966AE68,US922966AE68,922966AE6,VENTURE GLOBAL PLAQUE,,DBT,US,2026-01
US922966AF34,US922966AF34,922966AF3,VENTURE GLOBAL PLAQUE,,DBT,US,2026-02
US92339LAA08,US92339LAA08,92339LAA0,VERITIV OPERATING CO,,DBT,US,2026-01
US92535UAB08,US92535UAB08,92535UAB0,VERTIV GROUP CORPORATION,,DBT,US,2026-01
US91824YAA64,US91824YAA64,91824YAA6,VFH PARENT / VALOR CO,,DBT,US,2026-03
US92564RAA32,US92564RAA32,92564RAA3,VICI PROPERTIES / NOTE,,DBT,US,2026-01
US92564RAB15,US92564RAB15,92564RAB1,VICI PROPERTIES / NOTE,,DBT,US,2026-01
US92564RAE53,US92564RAE53,92564RAE5,VICI PROPERTIES / NOTE,,DBT,US,2026-01
US92564RAH84,US92564RAH84,92564RAH8,VICI PROPERTIES / NOTE,,DBT,US,2026-01
US92564RAJ41,US92564RAJ41,92564RAJ4,VICI PROPERTIES / NOTE,,DBT,US,2026-01
US92564RAL96,US92564RAL96,92564RAL9,VICI PROPERTIES / NOTE,,DBT,US,2026-01
US925650AB99,US925650AB99,925650AB9,VICI PROPERTIES LP,,DBT,US,2026-01
US925650AC72,US925650AC72,925650AC7,VICI PROPERTIES LP,,DBT,US,2026-01
US925650AJ26,US925650AJ26,925650AJ2,VICI PROPERTIES LP,,DBT,US,2026-01
US92648DAA46,US92648DAA46,92648DAA4,VICTRA HLDG/VICTRA FIN,,DBT,US,2026-01
US92676AAA51,US92676AAA51,92676AAA5,VIKING BAKED GOODS ACQUI,,DBT,US,2026-03
US92764MAA27,US92764MAA27,92764MAA2,VIPER ENERGY PARTNERS LL,,DBT,US,2026-01
US92774NBB55,US92774NBB55,92774NBB5,VIRGINIA BEACH VA DEV AUTH RSD,,DBT,US,2026-01
US92774NBC39,US92774NBC39,92774NBC3,VIRGINIA BEACH VA DEV AUTH RSD,,DBT,US,2026-01
US92774NBF69,US92774NBF69,92774NBF6,VIRGINIA BEACH VA DEV AUTH RSD,,DBT,US,2026-02
US92778WGL46,US92778WGL46,92778WGL4,VIRGINIA ST CLG BLDG AUTH EDUC,,DBT,US,2026-01
US92818HGU95,US92818HGU95,92818HGU9,VIRGINIA ST PUBLIC SCH AUTH SC,,DBT,US,2026-02
US928103AY65,US928103AY65,928103AY6,VIRGINIA ST SMALL BUSINESS FIN,,DBT,US,2026-01
US92837TAA07,US92837TAA07,92837TAA0,VIRTUSA CORP,,DBT,US,2026-01
US91835HAA05,US91835HAA05,91835HAA0,VM CONSOLIDATED INC,,DBT,US,2026-01
US92874BAA35,US92874BAA35,92874BAA3,VOLTAGRID LLC,,DBT,US,2026-01
US92921EAA01,US92921EAA01,92921EAA0,VOYAGER PARENT LLC,,DBT,US,2026-01
US91838PAA93,US91838PAA93,91838PAA9,VT TOPCO INC,,DBT,US,2026-01
CUSIP:91842KE69,,91842KE69,VW CREDIT INC,,DBT,US,2026-03
US923040DG12,US923040DG12,923040DG1,Ventura County Community College District,,DBT,US,2025-11
US92555FDG46,US92555FDG46,92555FDG4,Via Metropolitan Transit Advanced Transportation District Sales Tax,,DBT,US,2025-11
US92778VAW81,US92778VAW81,92778VAW8,Virginia College Building Authority,,DBT,US,2025-11
US92778VBY39,US92778VBY39,92778VBY3,Virginia College Building Authority,,DBT,US,2025-11
US92778VCX47,US92778VCX47,92778VCX4,Virginia College Building Authority,,DBT,US,2025-11
US92778VED64,US92778VED64,92778VED6,Virginia College Building Authority,,DBT,US,2025-11
US92778VEE48,US92778VEE48,92778VEE4,Virginia College Building Authority,,DBT,US,2025-11
US92778VFE39,US92778VFE39,92778VFE3,Virginia College Building Authority,,DBT,US,2025-11
US92778VFF04,US92778VFF04,92778VFF0,Virginia College Building Authority,,DBT,US,2025-11
US92778VFG86,US92778VFG86,92778VFG8,Virginia College Building Authority,,DBT,US,2025-11
US92778VFH69,US92778VFH69,92778VFH6,Virginia College Building Authority,,DBT,US,2025-11
US92778VFK98,US92778VFK98,92778VFK9,Virginia College Building Authority,,DBT,US,2025-11
US92778VGN29,US92778VGN29,92778VGN2,Virginia College Building Authority,,DBT,US,2025-11
US92778VGP76,US92778VGP76,92778VGP7,Virginia College Building Authority,,DBT,US,2025-11
US92778VHW19,US92778VHW19,92778VHW1,Virginia College Building Authority,,DBT,US,2025-11
US92778VHY74,US92778VHY74,92778VHY7,Virginia College Building Authority,,DBT,US,2025-11
US92778VKS69,US92778VKS69,92778VKS6,Virginia College Building Authority,,DBT,US,2025-11
US92778VKU16,US92778VKU16,92778VKU1,Virginia College Building Authority,,DBT,US,2025-11
US92778VLA43,US92778VLA43,92778VLA4,Virginia College Building Authority,,DBT,US,2025-11
US92778VLC09,US92778VLC09,92778VLC0,Virginia College Building Authority,,DBT,US,2026-02
US92778VLE64,US92778VLE64,92778VLE6,Virginia College Building Authority,,DBT,US,2025-11
US92778VLP12,US92778VLP12,92778VLP1,Virginia College Building Authority,,DBT,US,2025-11
US92778VLS50,US92778VLS50,92778VLS5,Virginia College Building Authority,,DBT,US,2025-11
US92778VLU07,US92778VLU07,92778VLU0,Virginia College Building Authority,,DBT,US,2025-11
US92778VLW62,US92778VLW62,92778VLW6,Virginia College Building Authority,,DBT,US,2025-11
US92778VMA34,US92778VMA34,92778VMA3,Virginia College Building Authority,,DBT,US,2025-11
US92778VMB17,US92778VMB17,92778VMB1,Virginia College Building Authority,,DBT,US,2025-11
US92778VMV70,US92778VMV70,92778VMV7,Virginia College Building Authority,,DBT,US,2025-11
US92778VMW53,US92778VMW53,92778VMW5,Virginia College Building Authority,,DBT,US,2025-11
US92778VNF12,US92778VNF12,92778VNF1,Virginia College Building Authority,,DBT,US,2025-11
US92778VNH77,US92778VNH77,92778VNH7,Virginia College Building Authority,,DBT,US,2025-11
US92778VPB89,US92778VPB89,92778VPB8,Virginia College Building Authority,,DBT,US,2025-11
US92778VPE29,US92778VPE29,92778VPE2,Virginia College Building Authority,,DBT,US,2025-11
US92778WNA08,US92778WNA08,92778WNA0,Virginia College Building Authority,,DBT,US,2025-11
US92778WPX82,US92778WPX82,92778WPX8,Virginia College Building Authority,,DBT,US,2025-11
US92778UBZ21,US92778UBZ21,92778UBZ2,Virginia Commonwealth Transportation Board,,DBT,US,2025-11
US92778UCB44,US92778UCB44,92778UCB4,Virginia Commonwealth Transportation Board,,DBT,US,2025-11
US927793C722,US927793C722,927793C72,Virginia Commonwealth Transportation Board,,DBT,US,2025-11
US927793D480,US927793D480,927793D48,Virginia Commonwealth Transportation Board,,DBT,US,2025-11
US927793D555,US927793D555,927793D55,Virginia Commonwealth Transportation Board,,DBT,US,2025-11
US927793D894,US927793D894,927793D89,Virginia Commonwealth Transportation Board,,DBT,US,2025-11
US927793D977,US927793D977,927793D97,Virginia Commonwealth Transportation Board,,DBT,US,2025-11
US927793E546,US927793E546,927793E54,Virginia Commonwealth Transportation Board,,DBT,US,2025-11
US927793H440,US927793H440,927793H44,Virginia Commonwealth Transportation Board,,DBT,US,2025-11
US927793P781,US927793P781,927793P78,Virginia Commonwealth Transportation Board,,DBT,US,2025-11
US927793P948,US927793P948,927793P94,Virginia Commonwealth Transportation Board,,DBT,US,2025-11
US927793X959,US927793X959,927793X95,Virginia Commonwealth Transportation Board,,DBT,US,2025-11
US927793Y601,US927793Y601,927793Y60,Virginia Commonwealth Transportation Board,,DBT,US,2025-11
US927793Z517,US927793Z517,927793Z51,Virginia Commonwealth Transportation Board,,DBT,US,2025-11
US928077LA21,US928077LA21,928077LA2,Virginia Port Authority,,DBT,US,2025-11
US928075KG44,US928075KG44,928075KG4,Virginia Port Authority Commonwealth Port Fund,,DBT,US,2025-11
US9281727X73,US9281727X73,9281727X7,Virginia Public Building Authority,,DBT,US,2025-11
US9281728A61,US9281728A61,9281728A6,Virginia Public Building Authority,,DBT,US,2025-11
US928172X757,US928172X757,928172X75,Virginia Public Building Authority,,DBT,US,2025-11
US928172X831,US928172X831,928172X83,Virginia Public Building Authority,,DBT,US,2025-11
US928173AD57,US928173AD57,928173AD5,Virginia Public Building Authority,,DBT,US,2025-11
US928173AF06,US928173AF06,928173AF0,Virginia Public Building Authority,,DBT,US,2025-11
US928173AR44,US928173AR44,928173AR4,Virginia Public Building Authority,,DBT,US,2025-11
US928173CW11,US928173CW11,928173CW1,Virginia Public Building Authority,,DBT,US,2025-11
US928173CX93,US928173CX93,928173CX9,Virginia Public Building Authority,,DBT,US,2025-11
US928173DY67,US928173DY67,928173DY6,Virginia Public Building Authority,,DBT,US,2025-11
US928173EB55,US928173EB55,928173EB5,Virginia Public Building Authority,,DBT,US,2025-11
US928173EC39,US928173EC39,928173EC3,Virginia Public Building Authority,,DBT,US,2025-11
US928173EE94,US928173EE94,928173EE9,Virginia Public Building Authority,,DBT,US,2025-11
US92818HK347,US92818HK347,92818HK34,Virginia Public School Authority,,DBT,US,2025-11
US92818HK420,US92818HK420,92818HK42,Virginia Public School Authority,,DBT,US,2025-11
US92818HXA49,US92818HXA49,92818HXA4,Virginia Public School Authority,,DBT,US,2025-11
US92818PWK55,US92818PWK55,92818PWK5,Virginia Resources Authority,,DBT,US,2025-11
US92817LST16,US92817LST16,92817LST1,Virginia Resources Authority Clean Water Revolving Fund,,DBT,US,2025-11
US92817LSU88,US92817LSU88,92817LSU8,Virginia Resources Authority Clean Water Revolving Fund,,DBT,US,2025-11
US92817LSW45,US92817LSW45,92817LSW4,Virginia Resources Authority Clean Water Revolving Fund,,DBT,US,2025-11
US95308RYX15,US95308RYX15,95308RYX1,W HARRIS CNTY TX REGL WTR AUTH,,DBT,US,2026-02
US930876HA83,US930876HA83,930876HA8,WAKE CNTY NC LIMITED OBLIG,,DBT,US,2026-02
US936785AU83,US936785AU83,936785AU8,WASATCH CNTY SCH DIST LOCAL BL,,DBT,US,2026-02
US93974D2P24,US93974D2P24,93974D2P2,WASHINGTON ST,,DBT,US,2026-01
US93974D5F15,US93974D5F15,93974D5F1,WASHINGTON ST,,DBT,US,2026-01
US93974DWY02,US93974DWY02,93974DWY0,WASHINGTON ST,,DBT,US,2026-02
US93974EQ747,US93974EQ747,93974EQ74,WASHINGTON ST,,DBT,US,2026-02
US93974EVV54,US93974EVV54,93974EVV5,WASHINGTON ST,,DBT,US,2026-02
US93974FGJ66,US93974FGJ66,93974FGJ6,WASHINGTON ST,,DBT,US,2026-02
US93978HF678,US93978HF678,93978HF67,WASHINGTON ST HLTH CARE FACS A,,DBT,US,2026-01
US939783TG11,US939783TG11,939783TG1,WASHINGTON ST HSG FIN COMMISSI,,DBT,US,2026-01
US939783X352,US939783X352,939783X35,WASHINGTON ST HSG FIN COMMISSI,,DBT,US,2026-02
US939783Y426,US939783Y426,939783Y42,WASHINGTON ST HSG FIN COMMISSI,,DBT,US,2026-02
US939783Z415,US939783Z415,939783Z41,WASHINGTON ST HSG FIN COMMISSI,,DBT,US,2026-01
US939783Z829,US939783Z829,939783Z82,WASHINGTON ST HSG FIN COMMISSI,,DBT,US,2026-02
US93978TS676,US93978TS676,93978TS67,WASHINGTON ST HSG FIN COMMISSI,,DBT,US,2026-02
US94107JAC71,US94107JAC71,94107JAC7,WASTE PRO USA INC,,DBT,US,2026-01
US94109SBS95,US94109SBS95,94109SBS9,WATAUGA NC PUBLIC FACS CORP,,DBT,US,2026-02
US941130AD86,US941130AD86,941130AD8,WATCO COS LLC/FINANCE CO,,DBT,US,2026-01
US944514S669,US944514S669,944514S66,WAYNE CNTY MI ARPT AUTH REVENU,,DBT,US,2026-01
US92944BAA98,US92944BAA98,92944BAA9,WBI OPERATING LLC,,DBT,US,2026-01
US92944BAB71,US92944BAB71,92944BAB7,WBI OPERATING LLC,,DBT,US,2026-02
US956187AA63,US956187AA63,956187AA6,WEST TECHNOLOGY GRP LLC,,DBT,US,2026-03
US958254AH78,US958254AH78,958254AH7,WESTERN MIDSTREAM OPERAT,,DBT,US,2026-03
US958254AK08,US958254AK08,958254AK0,WESTERN MIDSTREAM OPERAT,,DBT,US,2026-03
US960735AQ15,US960735AQ15,960735AQ1,WESTMINSTER MD PROJ REVENUE,,DBT,US,2026-01
US96467GAC24,US96467GAC24,96467GAC2,WHITE CAP SUPPLY HOLDING,,DBT,US,2026-01
US96634RAZ55,US96634RAZ55,96634RAZ5,WHITING IN ENVRNMNTL FACS REVE,,DBT,US,2026-01
US96812HAA68,US96812HAA68,96812HAA6,WILDFIRE INTERMEDIATE HO,,DBT,US,2026-01
US96812GAA85,US96812GAA85,96812GAA8,WILDFLOWER IMPROV ASSN,,DBT,US,2026-02
US968838KA93,US968838KA93,968838KA9,WILL CNTY IL SCH DIST #114 MAN,,DBT,US,2026-02
US88339WAB28,US88339WAB28,88339WAB2,WILLIAMS COMPANIES INC,,DBT,US,2026-01
US969457CH11,US969457CH11,969457CH1,WILLIAMS COMPANIES INC,,DBT,US,2026-01
US96949VAL71,US96949VAL71,96949VAL7,WILLIAMS SCOTSMAN INC,,DBT,US,2026-02
US96949VAM54,US96949VAM54,96949VAM5,WILLIAMS SCOTSMAN INC,,DBT,US,2026-01
US96949VAN38,US96949VAN38,96949VAN3,WILLIAMS SCOTSMAN INC,,DBT,US,2026-01
US97246JAA60,US97246JAA60,97246JAA6,WILSONART LLC,,DBT,US,2026-03
US97360AAA51,US97360AAA51,97360AAA5,WINDSOR HOLDINGS III LLC,,DBT,US,2026-01
US97381AAA07,US97381AAA07,97381AAA0,WINDSTREAM SERVICES/ESCR,,DBT,US,2026-01
US37441QAA94,US37441QAA94,37441QAA9,WRANGLER HOLDCO CORP,,DBT,US,2026-01
US982911AA70,US982911AA70,982911AA7,WULF COMPUTE LLC,,DBT,US,2026-01
US983133AA70,US983133AA70,983133AA7,WYNN RESORTS FINANCE LLC,,DBT,US,2026-01
US983133AC37,US983133AC37,983133AC3,WYNN RESORTS FINANCE LLC,,DBT,US,2026-01
US983133AD10,US983133AD10,983133AD1,WYNN RESORTS FINANCE LLC,,DBT,US,2026-02
US929833CV12,US929833CV12,929833CV1,Waco Educational Finance Corp.,,DBT,US,2025-11
US929845WC58,US929845WC58,929845WC5,Waco Independent School District,,DBT,US,2025-11
US932493MX47,US932493MX47,932493MX4,Waller Consolidated Independent School District,,DBT,US,2025-11
US938395TH38,US938395TH38,938395TH3,Washington & Clackamas Counties School District No. 23J Tigard-Tualatin,,DBT,US,2025-11
US938395TJ93,US938395TJ93,938395TJ9,Washington & Clackamas Counties School District No. 23J Tigard-Tualatin,,DBT,US,2025-11
US9384292J52,US9384292J52,9384292J5,Washington & Multnomah Counties School District No. 48J Beaverton,,DBT,US,2025-11
US9384292N64,US9384292N64,9384292N6,Washington & Multnomah Counties School District No. 48J Beaverton,,DBT,US,2025-11
US9384293F22,US9384293F22,9384293F2,Washington & Multnomah Counties School District No. 48J Beaverton,,DBT,US,2025-11
US938429U888,US938429U888,938429U88,Washington & Multnomah Counties School District No. 48J Beaverton,,DBT,US,2025-11
US938429U961,US938429U961,938429U96,Washington & Multnomah Counties School District No. 48J Beaverton,,DBT,US,2025-11
US938782FJ33,US938782FJ33,938782FJ3,Washington Metropolitan Area Transit Authority,,DBT,US,2025-11
US938782FR58,US938782FR58,938782FR5,Washington Metropolitan Area Transit Authority,,DBT,US,2025-11
US938782GP83,US938782GP83,938782GP8,Washington Metropolitan Area Transit Authority,,DBT,US,2025-11
US93878YAD13,US93878YAD13,93878YAD1,Washington Metropolitan Area Transit Authority,,DBT,US,2025-11
US93878YAP43,US93878YAP43,93878YAP4,Washington Metropolitan Area Transit Authority,,DBT,US,2025-11
US93878YAQ26,US93878YAQ26,93878YAQ2,Washington Metropolitan Area Transit Authority,,DBT,US,2025-11
US93878YAR09,US93878YAR09,93878YAR0,Washington Metropolitan Area Transit Authority,,DBT,US,2025-11
US93878YAT64,US93878YAT64,93878YAT6,Washington Metropolitan Area Transit Authority,,DBT,US,2025-11
US93878YAV11,US93878YAV11,93878YAV1,Washington Metropolitan Area Transit Authority,,DBT,US,2025-11
US93878YBA64,US93878YBA64,93878YBA6,Washington Metropolitan Area Transit Authority,,DBT,US,2025-11
US93878YBJ73,US93878YBJ73,93878YBJ7,Washington Metropolitan Area Transit Authority,,DBT,US,2025-11
US93878YBN85,US93878YBN85,93878YBN8,Washington Metropolitan Area Transit Authority,,DBT,US,2025-11
US93878YBR99,US93878YBR99,93878YBR9,Washington Metropolitan Area Transit Authority,,DBT,US,2025-11
US93878YBS72,US93878YBS72,93878YBS7,Washington Metropolitan Area Transit Authority,,DBT,US,2025-11
US93878YBU29,US93878YBU29,93878YBU2,Washington Metropolitan Area Transit Authority,,DBT,US,2025-11
US93878YCQ08,US93878YCQ08,93878YCQ0,Washington Metropolitan Area Transit Authority,,DBT,US,2025-11
US93878YDH99,US93878YDH99,93878YDH9,Washington Metropolitan Area Transit Authority,,DBT,US,2025-11
US93878YDL02,US93878YDL02,93878YDL0,Washington Metropolitan Area Transit Authority,,DBT,US,2025-11
US93878YDP16,US93878YDP16,93878YDP1,Washington Metropolitan Area Transit Authority,,DBT,US,2025-11
US93878YDR71,US93878YDR71,93878YDR7,Washington Metropolitan Area Transit Authority,,DBT,US,2025-11
US93878YDS54,US93878YDS54,93878YDS5,Washington Metropolitan Area Transit Authority,,DBT,US,2025-11
US93878YDT38,US93878YDT38,93878YDT3,Washington Metropolitan Area Transit Authority,,DBT,US,2025-11
US93878YDV83,US93878YDV83,93878YDV8,Washington Metropolitan Area Transit Authority,,DBT,US,2025-11
US93878YDX40,US93878YDX40,93878YDX4,Washington Metropolitan Area Transit Authority,,DBT,US,2025-11
US93878YDZ97,US93878YDZ97,93878YDZ9,Washington Metropolitan Area Transit Authority,,DBT,US,2025-11
US940158DQ87,US940158DQ87,940158DQ8,Washington Suburban Sanitary Commission,,DBT,US,2025-11
US940158GC64,US940158GC64,940158GC6,Washington Suburban Sanitary Commission,,DBT,US,2025-11
US940158MM72,US940158MM72,940158MM7,Washington Suburban Sanitary Commission,,DBT,US,2026-02
US940158MN55,US940158MN55,940158MN5,Washington Suburban Sanitary Commission,,DBT,US,2026-02
US940859BX82,US940859BX82,940859BX8,Washoe County School District,,DBT,US,2025-11
US940859RB98,US940859RB98,940859RB9,Washoe County School District,,DBT,US,2025-11
US9445142D91,US9445142D91,9445142D9,Wayne County Airport Authority,,DBT,US,2025-11
US9445142E74,US9445142E74,9445142E7,Wayne County Airport Authority,,DBT,US,2025-11
US9445142F40,US9445142F40,9445142F4,Wayne County Airport Authority,,DBT,US,2025-11
US9445142G23,US9445142G23,9445142G2,Wayne County Airport Authority,,DBT,US,2025-11
US944514C630,US944514C630,944514C63,Wayne County Airport Authority,,DBT,US,2025-11
US955525BY59,US955525BY59,955525BY5,West Rankin Utility Authority,,DBT,US,2025-11
US95640HEX26,US95640HEX26,95640HEX2,West Valley-Mission Community College District,,DBT,US,2025-11
US95649ACL61,US95649ACL61,95649ACL6,West Virginia Commissioner of Highways,,DBT,US,2025-11
US956510AX98,US956510AX98,956510AX9,West Virginia Parkways Authority,,DBT,US,2025-11
US956510BY62,US956510BY62,956510BY6,West Virginia Parkways Authority,,DBT,US,2025-11
US956510BZ38,US956510BZ38,956510BZ3,West Virginia Parkways Authority,,DBT,US,2025-11
US95855RDV50,US95855RDV50,95855RDV5,Western Maricopa Education Center District No. 402,,DBT,US,2026-02
US960621CB41,US960621CB41,960621CB4,Westminster School District,,DBT,US,2025-11
US960621CC24,US960621CC24,960621CC2,Westminster School District,,DBT,US,2025-11
US969268AW13,US969268AW13,969268AW1,William S Hart Union High School District,,DBT,US,2025-11
US9771234L99,US9771234L99,9771234L9,Wisconsin Department of Transportation,,DBT,US,2025-11
US977123Q507,US977123Q507,977123Q50,Wisconsin Department of Transportation,,DBT,US,2025-11
US977123Q689,US977123Q689,977123Q68,Wisconsin Department of Transportation,,DBT,US,2025-11
US977123T998,US977123T998,977123T99,Wisconsin Department of Transportation,,DBT,US,2025-11
US977123U301,US977123U301,977123U30,Wisconsin Department of Transportation,,DBT,US,2025-11
US97712DPU45,US97712DPU45,97712DPU4,Wisconsin Health & Educational Facilities Authority,,DBT,US,2025-11
US982674KA00,US982674KA00,982674KA0,Wyandotte County-Kansas City Unified Government Utility System,,DBT,US,2025-11
US9830686F94,US9830686F94,9830686F9,Wylie Independent School District,,DBT,US,2025-11
US98306ECB83,US98306ECB83,98306ECB8,Wylie Independent School District,,DBT,US,2025-11
US98372MAC91,US98372MAC91,98372MAC9,XHR LP,,DBT,US,2026-01
US98372MAE57,US98372MAE57,98372MAE5,XHR LP,,DBT,US,2026-01
US98379YAA01,US98379YAA01,98379YAA0,XPLR INFRAST OPERATING,,DBT,US,2026-02
US98380MAA36,US98380MAA36,98380MAA3,XPLR INFRAST OPERATING,,DBT,US,2026-01
US98380MAB19,US98380MAB19,98380MAB1,XPLR INFRAST OPERATING,,DBT,US,2026-02
US987388DQ56,US987388DQ56,987388DQ5,Yosemite Community College District,,DBT,US,2025-11
US98816PBV31,US98816PBV31,98816PBV3,Ysleta Independent School District,,DBT,US,2025-11
US98981BAA08,US98981BAA08,98981BAA0,ZI TECH LLC/ZI FIN CORP,,DBT,US,2026-01
US86400GAC33,US86400GAC33,86400GAC3,STUDIO CITY CO LTD,,DBT,VG,2026-01
US00253XAA90,US00253XAA90,00253XAA9,AMERICAN AIRLINES/AADVAN,,DBT,XX,2026-01
US00253XAB73,US00253XAB73,00253XAB7,AMERICAN AIRLINES/AADVAN,,DBT,XX,2026-01
US03740LAD47,US03740LAD47,03740LAD4,AON CORP/AON GLOBAL HOLD,,DBT,XX,2026-01
US03969YAA64,US03969YAA64,03969YAA6,ARDAGH METAL PACKAGING,,DBT,XX,2026-01
US03969YAB48,US03969YAB48,03969YAB4,ARDAGH METAL PACKAGING,,DBT,XX,2026-01
US03969YAD04,US03969YAD04,03969YAD0,ARDAGH METAL PACKAGING,,DBT,XX,2026-01
US03969AAR14,US03969AAR14,03969AAR1,ARDAGH PKG FIN/HLDGS USA,,DBT,XX,2026-03
US019579AA90,US019579AA90,019579AA9,ATLAS LUXCO 4 / ALL UNI,,DBT,XX,2026-01
US05454NAA72,US05454NAA72,05454NAA7,AXALTA COAT/DUTCH HLD BV,,DBT,XX,2026-01
US11134LAR06,US11134LAR06,11134LAR0,BROADCOM CRP / CAYMN FI,,DBT,XX,2026-01
US14739LAB80,US14739LAB80,14739LAB8,CASCADES INC/USA INC,,DBT,XX,2026-01
US14739LAD47,US14739LAD47,14739LAD4,CASCADES INC/USA INC,,DBT,XX,2026-01
US18060TAC99,US18060TAC99,18060TAC9,CLARIOS GLOBAL LP/US FIN,,DBT,XX,2026-01
US18060TAD72,US18060TAD72,18060TAD7,CLARIOS GLOBAL LP/US FIN,,DBT,XX,2026-01
US18060TAE55,US18060TAE55,18060TAE5,CLARIOS GLOBAL LP/US FIN,,DBT,XX,2026-02
US69867DAC20,US69867DAC20,69867DAC2,CLARIOS GLOBAL LP/US FIN,,DBT,XX,2026-03
XS3091295983,XS3091295983,000000000,CLARIOS GLOBAL LP/US FIN,,DBT,XX,2026-01
US20752TAB08,US20752TAB08,20752TAB0,CONNECT FINCO SARL/CONNE,,DBT,XX,2026-01
US23292NAA63,US23292NAA63,23292NAA6,CYPRIUM CORP/CYPRIUM HOL,,DBT,XX,2026-03
US23292NAB47,US23292NAB47,23292NAB4,CYPRIUM CORP/CYPRIUM HOL,,DBT,XX,2026-03
US25381MAA53,US25381MAA53,25381MAA5,DIG INTL FIN/DIFL US LLC,,DBT,XX,2026-01
US31574BAA44,US31574BAA44,31574BAA4,EF HOLD/EF KY/ELL KY/TRS,,DBT,XX,2026-01
US29874QEN07,US29874QEN07,29874QEN0,EUROPEAN BK RECON & DEV,,DBT,XX,2026-01
US29875BAK26,US29875BAK26,29875BAK2,EUROPEAN BK RECON & DEV,,DBT,XX,2026-01
US29875BAM81,US29875BAM81,29875BAM8,EUROPEAN BK RECON & DEV,,DBT,XX,2026-01
US389925AA64,US389925AA64,389925AA6,GREAT CAN GAMING/RAPTOR,,DBT,XX,2026-01
US459058LG65,US459058LG65,459058LG6,INTL BK RECON & DEVELOP,,DBT,XX,2026-01
US476920AA15,US476920AA15,476920AA1,JETBLUE AIRWAYS/LOYALTY,,DBT,XX,2026-02
US62954HAV06,US62954HAV06,62954HAV0,NXP BV/NXP FDG/NXP USA,,DBT,XX,2026-01
US62954HAX61,US62954HAX61,62954HAX6,NXP BV/NXP FDG/NXP USA,,DBT,XX,2026-01
US62954HAY45,US62954HAY45,62954HAY4,NXP BV/NXP FDG/NXP USA,,DBT,XX,2026-01
US62954HBE71,US62954HBE71,62954HBE7,NXP BV/NXP FDG/NXP USA,,DBT,XX,2026-01
US62954HBF47,US62954HBF47,62954HBF4,NXP BV/NXP FDG/NXP USA,,DBT,XX,2026-01
US62947QBC15,US62947QBC15,62947QBC1,NXP BV/NXP FUNDING LLC,,DBT,XX,2026-01
US89157UAA51,US89157UAA51,89157UAA5,TOUCAN FINCO LTD/CAN/US,,DBT,XX,2026-01
US92840JAB52,US92840JAB52,92840JAB5,VISTAJET MALTA/VM HOLDS,,DBT,XX,2026-01
US92840JAD19,US92840JAD19,92840JAD1,VISTAJET MALTA/VM HOLDS,,DBT,XX,2026-01
US92841HAA05,US92841HAA05,92841HAA0,VISTAJET MALTA/VM HOLDS,,DBT,XX,2026-01
AU0000215808,AU0000215808,,Magellan Financial Group Ltd,,DE,AU,2026-02
CA1973091079,CA1973091079,000000000,NOMURA INTERNATIONAL PLC,,DE,GB,2026-03
CA39986R1064,CA39986R1064,000000000,NOMURA INTERNATIONAL PLC,,DE,GB,2026-03
CA88105E1088,CA88105E1088,000000000,NOMURA INTERNATIONAL PLC,,DE,GB,2026-03
US04351N1063,US04351N1063,000000000,NOMURA INTERNATIONAL PLC,,DE,GB,2026-03
US56782V1070,US56782V1070,000000000,NOMURA INTERNATIONAL PLC,,DE,GB,2026-03
US92339H1014,US92339H1014,000000000,NOMURA INTERNATIONAL PLC,,DE,GB,2026-03
BMG2581C1257,BMG2581C1257,,CSI Properties Ltd,,DE,HK,2026-02
IT0005697666,IT0005697666,000000000,TELECOM ITALIA,,DE,IT,2026-03
KRA3281301G5,KRA3281301G5,000000000,Lunit Inc,,DE,KR,2026-03
SGXZ38452744,SGXZ38452744,000000000,CAPITALAND ASCENDAS REIT,,DE,SG,2026-03
US0082942097,US0082942097,000000000,"Affinion Group, Inc.",,DE,US,2026-03
CA12675Q1019,CA12675Q1019,000000000,CANTOR FITZGERALD & CO.,,DE,US,2026-03
CA13765Y1034,CA13765Y1034,000000000,CANTOR FITZGERALD & CO.,,DE,US,2026-03
CA22587M1068,CA22587M1068,000000000,CANTOR FITZGERALD & CO.,,DE,US,2026-03
CA39342L1085,CA39342L1085,000000000,CANTOR FITZGERALD & CO.,,DE,US,2026-03
CA39986R3045,CA39986R3045,000000000,CANTOR FITZGERALD & CO.,,DE,US,2026-03
CA48213Y1079,CA48213Y1079,000000000,CANTOR FITZGERALD & CO.,,DE,US,2026-03
CA89788C1041,CA89788C1041,000000000,CANTOR FITZGERALD & CO.,,DE,US,2026-03
CA92767B1058,CA92767B1058,000000000,CANTOR FITZGERALD & CO.,,DE,US,2026-03
US72707C1080,US72707C1080,000000000,CANTOR FITZGERALD & CO.,,DE,US,2026-03
US89353T1025,US89353T1025,000000000,CANTOR FITZGERALD & CO.,,DE,US,2026-03
CA23126M1023,CA23126M1023,000000000,COWEN INC.,,DE,US,2026-03
CA3771304068,CA3771304068,000000000,COWEN INC.,,DE,US,2026-03
CA9255401064,CA9255401064,000000000,COWEN INC.,,DE,US,2026-03
NAME:DJ_US_REAL_ESTATE_JUN26,N/A,N/A,DJ US REAL ESTATE JUN26,,DE,US,2026-03
NAME:DJ_US_REAL_ESTATE_MAR26,N/A,N/A,DJ US REAL ESTATE MAR26,,DE,US,2026-01
NAME:E_MINI_RUSS_2000_MAR26,N/A,N/A,E MINI RUSS 2000 MAR26,,DE,US,2026-01
NAME:QQQ_03/31/2026_10005.01_C,,,QQQ 03/31/2026 10005.01 C,,DE,US,2026-03
NAME:QQQ_03/31/2026_10005.01_P,,,QQQ 03/31/2026 10005.01 P,,DE,US,2026-03
NAME:QQQ_03/31/2026_15.01_C,,,QQQ 03/31/2026 15.01 C,,DE,US,2026-03
NAME:QQQ_03/31/2026_15.01_P,,,QQQ 03/31/2026 15.01 P,,DE,US,2026-03
NAME:QQQ_06/30/2026_10005.01_C,,,QQQ 06/30/2026 10005.01 C,,DE,US,2026-03
NAME:QQQ_06/30/2026_10005.01_P,,,QQQ 06/30/2026 10005.01 P,,DE,US,2026-03
NAME:QQQ_06/30/2026_15.01_C,,,QQQ 06/30/2026 15.01 C,,DE,US,2026-03
NAME:QQQ_06/30/2026_15.01_P,,,QQQ 06/30/2026 15.01 P,,DE,US,2026-03
NAME:S_P_EMINI_COM_SER_DEC25,N/A,N/A,S P EMINI COM SER DEC25,,DE,US,2025-10
NAME:S_P_EMINI_COM_SER_MAR26,N/A,N/A,S P EMINI COM SER MAR26,,DE,US,2026-01
NAME:S_P_MID_400_EMINI_MAR26,N/A,N/A,S P MID 400 EMINI MAR26,,DE,US,2026-01
NAME:S_P500_EMINI_FUT_DEC25,N/A,N/A,S P500 EMINI FUT DEC25,,DE,US,2025-10
NAME:SPY_06/18/2026_10.01_C,,,SPY 06/18/2026 10.01 C,,DE,US,2026-03
NAME:SPY_06/18/2026_10.01_P,,,SPY 06/18/2026 10.01 P,,DE,US,2026-03
NAME:SPY_06/18/2026_10010.01_C,,,SPY 06/18/2026 10010.01 C,,DE,US,2026-03
NAME:SPY_06/18/2026_10010.01_P,,,SPY 06/18/2026 10010.01 P,,DE,US,2026-03
NAME:XAE_ENERGY_MAR26,N/A,N/A,XAE ENERGY MAR26,,DE,US,2026-01
NAME:XAI_EMINI_INDUSTR_MAR26,N/A,N/A,XAI EMINI INDUSTR MAR26,,DE,US,2026-01
NAME:XAK_TECHNOLOGY_DEC25,N/A,N/A,XAK TECHNOLOGY DEC25,,DE,US,2025-10
NAME:XAK_TECHNOLOGY_JUN26,N/A,N/A,XAK TECHNOLOGY JUN26,,DE,US,2026-03
NAME:XAK_TECHNOLOGY_MAR26,N/A,N/A,XAK TECHNOLOGY MAR26,,DE,US,2026-01
NAME:XAV_HEALTH_CARE_JUN26,N/A,N/A,XAV HEALTH CARE JUN26,,DE,US,2026-03
NAME:XAV_HEALTH_CARE_MAR26,N/A,N/A,XAV HEALTH CARE MAR26,,DE,US,2026-01
AEE01268A239,AEE01268A239,000000000,ADNOC Logistics & Services,,EC,AE,2026-01
AEA000201011,AEA000201011,000000000,Abu Dhabi Commercial Bank PJSC,,EC,AE,2026-01
AEE01135A222,AEE01135A222,000000000,Americana Restaurants International PLC - Foreign Co,,EC,AE,2026-01
AED001001018,AED001001018,,Deyaar Development PJSC,,EC,AE,2026-01
AED001801011,AED001801011,000000000,Dubai Electricity & Water Authority PJSC,,EC,AE,2026-01
AEE01657D252,AEE01657D252,M28898100,Dubai Residential REIT,,EC,AE,2026-01
AEE001901017,AEE001901017,000000000,Emaar Development PJSC,,EC,AE,2026-01
AEE000301011,AEE000301011,000000000,Emaar Properties PJSC,,EC,AE,2026-01
AEE000901018,AEE000901018,,Eshraq Investments PJSC,,EC,AE,2026-01
AEM000601017,AEM000601017,,Manazel PJSC,,EC,AE,2026-01
AER000601016,AER000601016,,RAK Properties PJSC,,EC,AE,2026-01
AEE01081T004,AEE01081T004,,TECOM Group PJSC,,EC,AE,2026-01
AU0000157067,AU0000157067,,29Metals Ltd,,EC,AU,2026-02
AU000000AGL7,AU000000AGL7,000000000,AGL Energy Ltd,,EC,AU,2026-03
AU0000049033,AU0000049033,,AIC Mines Ltd,,EC,AU,2026-02
AU000000ALQ6,AU000000ALQ6,000000000,ALS Ltd,,EC,AU,2026-03
AU000000ANZ3,AU000000ANZ3,000000000,ANZ Group Holdings Ltd,,EC,AU,2026-01
AU000000ARB5,AU000000ARB5,000000000,ARB Corp Ltd,,EC,AU,2026-03
AU0000279853,AU0000279853,,ARN Media Ltd,,EC,AU,2026-02
AU0000291882,AU0000291882,000000000,Abacus Group,,EC,AU,2026-03
AU0000286213,AU0000286213,000000000,Abacus Storage King,,EC,AU,2026-03
AU000000AX19,AU000000AX19,,Accent Group Ltd,,EC,AU,2026-02
AU000000ACW3,AU000000ACW3,000000000,Actinogen Medical Ltd,,EC,AU,2026-03
AU000000ADH2,AU000000ADH2,,Adairs Ltd,,EC,AU,2026-02
AU000000AIS8,AU000000AIS8,,Aeris Resources Ltd,,EC,AU,2026-02
AU000000ALK9,AU000000ALK9,,Alkane Resources Ltd,,EC,AU,2026-02
AU000000AQZ6,AU000000AQZ6,,Alliance Aviation Services Ltd,,EC,AU,2026-02
AU0000088338,AU0000088338,000000000,Ampol Ltd,,EC,AU,2026-03
AU000000ANN9,AU000000ANN9,000000000,Ansell Ltd,,EC,AU,2026-03
AU000000APX3,AU000000APX3,,Appen Ltd,,EC,AU,2026-02
AU000000ARF6,AU000000ARF6,,Arena REIT No 1,,EC,AU,2026-01
AU000000ALL7,AU000000ALL7,000000000,Aristocrat Leisure Ltd,,EC,AU,2026-01
AU0000013559,AU0000013559,000000000,Atlas Arteria Ltd,,EC,AU,2026-03
AU000000AZJ1,AU000000AZJ1,000000000,Aurizon Holdings Ltd,,EC,AU,2026-03
AU000000ASB3,AU000000ASB3,,Austal Ltd,,EC,AU,2026-02
AU000000AFG9,AU000000AFG9,,Australian Finance Group Ltd,,EC,AU,2026-02
AU000000BWP3,AU000000BWP3,000000000,BWP Property Group Ltd,,EC,AU,2026-03
AU000000BBN2,AU000000BBN2,,Baby Bunting Group Ltd,,EC,AU,2026-02
AU000000BPT9,AU000000BPT9,000000000,Beach Energy Ltd,,EC,AU,2026-03
AU000000BSL0,AU000000BSL0,000000000,BlueScope Steel Ltd,,EC,AU,2026-03
AU000000BRN8,AU000000BRN8,000000000,BrainChip Holdings Ltd,,EC,AU,2026-03
AU000000BXB1,AU000000BXB1,000000000,Brambles Ltd,,EC,AU,2026-01
AU000000BRG2,AU000000BRG2,000000000,Breville Group Ltd,,EC,AU,2026-03
AU000000CAR3,AU000000CAR3,000000000,CAR Group Ltd,,EC,AU,2026-01
AU000000CMM9,AU000000CMM9,000000000,Capricorn Metals Ltd,,EC,AU,2026-03
AU000000CYL6,AU000000CYL6,,Catalyst Metals Ltd,,EC,AU,2026-02
AU000000CWP1,AU000000CWP1,,Cedar Woods Properties Ltd,,EC,AU,2026-01
AU000000CNI5,AU000000CNI5,,Centuria Capital Group,,EC,AU,2026-01
AU000000CIP0,AU000000CIP0,,Centuria Industrial REIT,,EC,AU,2026-01
AU0000077893,AU0000077893,,Centuria Office REIT,,EC,AU,2026-01
AU000000CEL8,AU000000CEL8,,Challenger Gold Ltd,,EC,AU,2026-02
AU000000CIA2,AU000000CIA2,,Champion Iron Ltd,,EC,AU,2026-02
AU000000CWY3,AU000000CWY3,000000000,Cleanaway Waste Management Ltd,,EC,AU,2026-03
AU0000314254,AU0000314254,,Coast Entertainment Holdings Ltd,,EC,AU,2026-02
AU0000030678,AU0000030678,000000000,Coles Group Ltd,,EC,AU,2026-01
AU000000CPU5,AU000000CPU5,000000000,Computershare Ltd,,EC,AU,2026-01
AU000000CXO2,AU000000CXO2,000000000,Core Lithium Ltd,,EC,AU,2026-03
AU0000026122,AU0000026122,,Coronado Global Resources Inc,,EC,AU,2026-02
AU000000CCP3,AU000000CCP3,,Credit Corp Group Ltd,,EC,AU,2026-02
AU000000DYL4,AU000000DYL4,000000000,Deep Yellow Ltd,,EC,AU,2026-03
AU0000107484,AU0000107484,000000000,Deterra Royalties Ltd,,EC,AU,2026-03
AU000000DXS1,AU000000DXS1,000000000,Dexus,,EC,AU,2026-03
AU0000192833,AU0000192833,,Dexus Industria REIT,,EC,AU,2026-01
AU0000367088,AU0000367088,,DigiCo Infrastructure REIT,,EC,AU,2026-01
AU000000DMP0,AU000000DMP0,000000000,Domino's Pizza Enterprises Ltd,,EC,AU,2026-03
AU000000DRO2,AU000000DRO2,000000000,DroneShield Ltd,,EC,AU,2026-03
AU000000DUB3,AU000000DUB3,000000000,Dubber Corp Ltd,,EC,AU,2026-03
AU0000109159,AU0000109159,,Duratec Ltd,,EC,AU,2026-02
AU0000390544,AU0000390544,000000000,Dyno Nobel Ltd,,EC,AU,2026-03
AU000000EVT1,AU000000EVT1,,EVT Ltd,,EC,AU,2026-02
AU000000APE3,AU000000APE3,000000000,Eagers Automotive Ltd,,EC,AU,2026-03
AU000000ELD6,AU000000ELD6,,Elders Ltd,,EC,AU,2026-02
AU0000421851,AU0000421851,000000000,Elevra Lithium Ltd,,EC,AU,2026-03
AU000000EHL7,AU000000EHL7,,Emeco Holdings Ltd,,EC,AU,2026-02
AU000000EMR4,AU000000EMR4,,Emerald Resources NL,,EC,AU,2026-02
AU0000154833,AU0000154833,000000000,Endeavour Group Ltd/Australia,,EC,AU,2026-03
AU0000241036,AU0000241036,,Findi Ltd,,EC,AU,2026-02
AU0000272924,AU0000272924,,FleetPartners Group Ltd,,EC,AU,2026-02
AU000000FLT9,AU000000FLT9,000000000,Flight Centre Travel Group Ltd,,EC,AU,2026-03
AU000000FML4,AU000000FML4,,Focus Minerals Ltd,,EC,AU,2026-02
AU000000GPT8,AU000000GPT8,000000000,GPT Group/The,,EC,AU,2026-03
AU000000GWA4,AU000000GWA4,,GWA Group Ltd,,EC,AU,2026-02
AU0000402562,AU0000402562,,Gemlife Communities Group,,EC,AU,2026-01
AU000000GMD9,AU000000GMD9,000000000,Genesis Minerals Ltd,,EC,AU,2026-03
AU0000117160,AU0000117160,,GenusPlus Group Ltd,,EC,AU,2026-02
AU000000GMG2,AU000000GMG2,000000000,Goodman Group,,EC,AU,2026-01
AU000000GNC9,AU000000GNC9,,GrainCorp Ltd,,EC,AU,2026-02
AU000000GRR8,AU000000GRR8,,Grange Resources Ltd,,EC,AU,2026-02
AU000000GOZ8,AU000000GOZ8,,Growthpoint Properties Australia Ltd,,EC,AU,2026-01
AU0000058943,AU0000058943,000000000,HMC Capital Ltd,,EC,AU,2026-03
AU000000HUB4,AU000000HUB4,000000000,HUB24 Ltd,,EC,AU,2026-03
AU000000HVN7,AU000000HVN7,000000000,Harvey Norman Holdings Ltd,,EC,AU,2026-03
AU0000169302,AU0000169302,,HealthCo REIT,,EC,AU,2026-01
AU0000251498,AU0000251498,,Helia Group Ltd,,EC,AU,2026-02
AU000000HGO6,AU000000HGO6,,Hillgrove Resources Ltd,,EC,AU,2026-02
AU0000113136,AU0000113136,,HomeCo Daily Needs REIT,,EC,AU,2026-01
AU0000121337,AU0000121337,,Humm Group Ltd,,EC,AU,2026-02
AU000000IEL5,AU000000IEL5,000000000,IDP Education Ltd,,EC,AU,2026-03
AU0000185993,AU0000185993,000000000,IREN Ltd,,EC,AU,2026-03
AU000000IRE2,AU000000IRE2,000000000,IRESS Ltd,,EC,AU,2026-03
AU000000ILU1,AU000000ILU1,000000000,Iluka Resources Ltd,,EC,AU,2026-03
AU000000INA9,AU000000INA9,000000000,Ingenia Communities Group,,EC,AU,2026-03
AU000000ING6,AU000000ING6,,Inghams Group Ltd,,EC,AU,2026-02
AU000000IFL2,AU000000IFL2,000000000,Insignia Financial Ltd,,EC,AU,2026-03
US44916E1001,US44916E1001,44916E100,IperionX Ltd,,EC,AU,2026-03
AU0000182271,AU0000182271,,Judo Capital Holdings Ltd,,EC,AU,2026-02
AU000000JIN0,AU000000JIN0,,Jumbo Interactive Ltd,,EC,AU,2026-02
AU000000KAR6,AU000000KAR6,,Karoon Energy Ltd,,EC,AU,2026-02
AU000000KGN2,AU000000KGN2,000000000,Kogan.com Ltd,,EC,AU,2026-03
AU0000423501,AU0000423501,,L1 Group Ltd,,EC,AU,2026-02
AU000000LLC3,AU000000LLC3,000000000,Lendlease Corp Ltd,,EC,AU,2026-03
AU000000LIC9,AU000000LIC9,,Lifestyle Communities Ltd,,EC,AU,2026-01
AU000000LAU8,AU000000LAU8,,Lindsay Australia Ltd,,EC,AU,2026-02
AU000000LTR4,AU000000LTR4,000000000,Liontown Ltd,,EC,AU,2026-03
AU0000219529,AU0000219529,000000000,Lottery Corp Ltd/The,,EC,AU,2026-01
AU000000LYC6,AU000000LYC6,000000000,Lynas Rare Earths Ltd,,EC,AU,2026-01
AU000000MAH3,AU000000MAH3,,Macmahon Holdings Ltd,,EC,AU,2026-02
AU000000MAQ4,AU000000MAQ4,,Macquarie Technology Group Ltd,,EC,AU,2026-02
AU000000MFG4,AU000000MFG4,000000000,Magellan Financial Group Ltd,,EC,AU,2026-03
AU000000MP15,AU000000MP15,000000000,Megaport Ltd,,EC,AU,2026-03
AU000000MSB8,AU000000MSB8,000000000,Mesoblast Ltd,,EC,AU,2026-03
AU000000MLX7,AU000000MLX7,000000000,Metals X Ltd,,EC,AU,2026-03
AU000000MTS0,AU000000MTS0,000000000,Metcash Ltd,,EC,AU,2026-03
AU000000MMI6,AU000000MMI6,,Metro Mining Ltd,,EC,AU,2026-02
AU000000MGR9,AU000000MGR9,000000000,Mirvac Group,,EC,AU,2026-03
AU000000MND5,AU000000MND5,,Monadelphous Group Ltd,,EC,AU,2026-02
AU000000MYS0,AU000000MYS0,,MyState Ltd,,EC,AU,2026-02
AU000000MYR2,AU000000MYR2,000000000,Myer Holdings Ltd,,EC,AU,2026-03
AU000000NXT8,AU000000NXT8,000000000,NEXTDC Ltd,,EC,AU,2026-03
AU000000NWH5,AU000000NWH5,,NRW Holdings Ltd,,EC,AU,2026-02
AU000000NSR2,AU000000NSR2,000000000,National Storage REIT,,EC,AU,2026-03
AU000000NWL7,AU000000NWL7,000000000,Netwealth Group Ltd,,EC,AU,2026-03
AU000000NHC7,AU000000NHC7,,New Hope Corp Ltd,,EC,AU,2026-02
AU000000NUF3,AU000000NUF3,,Nufarm Ltd,,EC,AU,2026-02
AU000000OFX5,AU000000OFX5,,OFX Group Ltd,,EC,AU,2026-02
AU0000050130,AU0000050130,,Ora Banda Mining Ltd,,EC,AU,2026-02
AU000000ORI1,AU000000ORI1,000000000,Orica Ltd,,EC,AU,2026-03
AU000000ORG5,AU000000ORG5,000000000,Origin Energy Ltd,,EC,AU,2026-01
AU000000ORA8,AU000000ORA8,000000000,Orora Ltd,,EC,AU,2026-03
AU000000PLS0,AU000000PLS0,000000000,PLS Group Ltd,,EC,AU,2026-03
AU000000PDN8,AU000000PDN8,000000000,Paladin Energy Ltd,,EC,AU,2026-03
AU000000PEN6,AU000000PEN6,000000000,Peninsula Energy Ltd,,EC,AU,2026-03
AU0000061897,AU0000061897,,Perenti Ltd,,EC,AU,2026-02
AU000000PPT9,AU000000PPT9,000000000,Perpetual Ltd,,EC,AU,2026-03
AU000000PNI7,AU000000PNI7,000000000,Pinnacle Investment Management Group Ltd,,EC,AU,2026-03
AU0000047797,AU0000047797,000000000,PointsBet Holdings Ltd,,EC,AU,2026-03
AU000000PNV0,AU000000PNV0,000000000,PolyNovo Ltd,,EC,AU,2026-03
AU000000PMV2,AU000000PMV2,000000000,Premier Investments Ltd,,EC,AU,2026-03
AU000000PME8,AU000000PME8,000000000,Pro Medicus Ltd,,EC,AU,2026-01
AU000000QAN2,AU000000QAN2,000000000,Qantas Airways Ltd,,EC,AU,2026-01
AU000000REA9,AU000000REA9,000000000,REA Group Ltd,,EC,AU,2026-01
AU000000RMS4,AU000000RMS4,000000000,Ramelius Resources Ltd,,EC,AU,2026-03
AU000000RHC8,AU000000RHC8,000000000,Ramsay Health Care Ltd,,EC,AU,2026-03
AU000000REH4,AU000000REH4,000000000,Reece Ltd,,EC,AU,2026-03
AU0000253502,AU0000253502,000000000,Region Group,,EC,AU,2026-03
AU000000RWC7,AU000000RWC7,000000000,Reliance Worldwide Corp Ltd,,EC,AU,2026-03
AU0000033094,AU0000033094,,Resimac Group Ltd,,EC,AU,2026-02
AU000000RSG6,AU000000RSG6,,Resolute Mining Ltd,,EC,AU,2026-02
AU0000040982,AU0000040982,,Ricegrowers Ltd,,EC,AU,2026-02
AU000000RIC6,AU000000RIC6,,Ridley Corp Ltd,,EC,AU,2026-02
AU000000RFF5,AU000000RFF5,,Rural Funds Trust,,EC,AU,2026-01
AU000000SEK6,AU000000SEK6,000000000,SEEK Ltd,,EC,AU,2026-03
AU0000364754,AU0000364754,000000000,SGH Ltd,,EC,AU,2026-01
AU0000032914,AU0000032914,,SRG Global Ltd,,EC,AU,2026-02
AU000000SFR8,AU000000SFR8,,Sandfire Resources Ltd,,EC,AU,2026-02
AU000000STO6,AU000000STO6,000000000,Santos Ltd,,EC,AU,2026-01
AU000000SCG8,AU000000SCG8,000000000,Scentre Group,,EC,AU,2026-01
AU000000SHV6,AU000000SHV6,,Select Harvests Ltd,,EC,AU,2026-02
AU000000SRV5,AU000000SRV5,,Servcorp Ltd,,EC,AU,2026-02
AU000000SIG5,AU000000SIG5,000000000,Sigma Healthcare Ltd,,EC,AU,2026-01
AU000000SVL8,AU000000SVL8,000000000,Silver Mines Ltd,,EC,AU,2026-03
AU000000SGM7,AU000000SGM7,,Sims Ltd,,EC,AU,2026-02
AU000000SHL7,AU000000SHL7,000000000,Sonic Healthcare Ltd,,EC,AU,2026-01
AU000000SXE9,AU000000SXE9,,Southern Cross Electrical Engineering Ltd,,EC,AU,2026-02
AU000000SXL4,AU000000SXL4,,Southern Cross Media Group Ltd,,EC,AU,2026-02
AU000000SBM8,AU000000SBM8,,St Barbara Ltd,,EC,AU,2026-02
AU000000SMR4,AU000000SMR4,,Stanmore Resources Ltd,,EC,AU,2026-02
AU000000SGR6,AU000000SGR6,,Star Entertainment Grp Ltd/The,,EC,AU,2026-02
AU000000SDF8,AU000000SDF8,000000000,Steadfast Group Ltd,,EC,AU,2026-03
AU000000SGP0,AU000000SGP0,000000000,Stockland,,EC,AU,2026-01
AU000000SUL0,AU000000SUL0,000000000,Super Retail Group Ltd,,EC,AU,2026-03
AU0000361883,AU0000361883,,Symal Group Ltd,,EC,AU,2026-02
AU0000090128,AU0000090128,000000000,TPG Telecom Ltd,,EC,AU,2026-03
AU000000TAH8,AU000000TAH8,000000000,Tabcorp Holdings Ltd,,EC,AU,2026-03
AU000000TNE8,AU000000TNE8,000000000,Technology One Ltd,,EC,AU,2026-03
AU000000TLX2,AU000000TLX2,000000000,Telix Pharmaceuticals Ltd,,EC,AU,2026-03
AU000000TPW5,AU000000TPW5,000000000,Temple & Webster Group Ltd,,EC,AU,2026-03
AU000000TER9,AU000000TER9,,Terracom Ltd,,EC,AU,2026-02
AU000000TWE9,AU000000TWE9,000000000,Treasury Wine Estates Ltd,,EC,AU,2026-03
AU0000066508,AU0000066508,,Tyro Payments Ltd,,EC,AU,2026-02
AU0000355588,AU0000355588,000000000,Vault Minerals Ltd,,EC,AU,2026-03
AU0000184459,AU0000184459,000000000,Ventia Services Group Pty Ltd,,EC,AU,2026-03
AU000000VCX7,AU000000VCX7,000000000,Vicinity Ltd,,EC,AU,2026-01
AU0000016875,AU0000016875,000000000,Viva Energy Group Ltd,,EC,AU,2026-03
AU000000WEB7,AU000000WEB7,000000000,WEB Travel Group Ltd,,EC,AU,2026-03
AU000000WGN7,AU000000WGN7,,Wagners Holding Co Ltd,,EC,AU,2026-02
AU000000SOL3,AU000000SOL3,000000000,Washington H Soul Pattinson & Co Ltd,,EC,AU,2026-01
AU0000088064,AU0000088064,,Waypoint REIT Ltd,,EC,AU,2026-01
AU0000350118,AU0000350118,000000000,Webjet Group Ltd,,EC,AU,2026-03
AU000000WAF6,AU000000WAF6,000000000,West African Resources Ltd,,EC,AU,2026-03
AU000000WHC8,AU000000WHC8,000000000,Whitehaven Coal Ltd,,EC,AU,2026-03
AU000000WOW2,AU000000WOW2,000000000,Woolworths Group Ltd,,EC,AU,2026-01
AU0000218307,AU0000218307,000000000,Zip Co Ltd,,EC,AU,2026-03
AU000000NHF0,AU000000NHF0,000000000,nib holdings Ltd/Australia,,EC,AU,2026-03
AU000000OML6,AU000000OML6,,oOh!media Ltd,,EC,AU,2026-02
BMG0112X1056,BMG0112X1056,000000000,Aegon Ltd,,EC,BM,2026-01
BMG0171K1018,BMG0171K1018,000000000,Alibaba Health Information Technology Ltd,,EC,BM,2026-01
BMG1744V1037,BMG1744V1037,000000000,Cafe de Coral Holdings Ltd,,EC,BM,2026-03
BMG2113B1081,BMG2113B1081,000000000,China Resources Gas Group Ltd,,EC,BM,2026-01
BMG2113M1203,BMG2113M1203,000000000,Chow Sang Sang Holdings International Ltd,,EC,BM,2026-03
BMG243851091,BMG243851091,,Conduit Holdings Ltd,,EC,BM,2026-02
BMG2624N1535,BMG2624N1535,000000000,DFI Retail Group Holdings Ltd,,EC,BM,2026-03
BMG3911S1035,BMG3911S1035,000000000,Gemdale Properties & Investment Corp Ltd,,EC,BM,2026-03
BMG427061046,BMG427061046,G42706104,"HAMILTON INSURANCE GROUP, LTD.",,EC,BM,2026-01
BMG4388N1065,BMG4388N1065,G4388N106,HELEN OF TROY LIMITED,,EC,BM,2026-01
BMG4660A1036,BMG4660A1036,,Himalaya Shipping Ltd.,,EC,BM,2025-06
BMG524181036,BMG524181036,000000000,KLN Logistics Group Ltd,,EC,BM,2026-03
BMG524411052,BMG524411052,000000000,Kestra Medical Technologies Ltd,,EC,BM,2026-02
BMG5800U1071,BMG5800U1071,000000000,Man Wah Holdings Ltd,,EC,BM,2026-03
BMG6964L2062,BMG6964L2062,G6964L206,Paysafe Limited,,EC,BM,2026-01
BMG7403L1046,BMG7403L1046,000000000,Realord Group Holdings Ltd,,EC,BM,2026-03
BMG8726T1053,BMG8726T1053,G8726T105,TEEKAY CORPORATION LTD.,,EC,BM,2026-01
BMG9400S1329,BMG9400S1329,000000000,VTech Holdings Ltd,,EC,BM,2026-03
BMG93A5A1010,BMG93A5A1010,,Viking Holdings Ltd.,,EC,BM,2025-06
BRALOSACNOR5,BRALOSACNOR5,,Allos SA,,EC,BR,2026-01
BRIGTICDAM16,BRIGTICDAM16,,Iguatemi SA,,EC,BR,2026-01
BRJHSFACNOR2,BRJHSFACNOR2,,JHSF Participacoes SA,,EC,BR,2026-01
BRLOGGACNOR7,BRLOGGACNOR7,,LOG Commercial Properties e Participacoes SA,,EC,BR,2026-01
BRLAVVACNOR4,BRLAVVACNOR4,,Lavvi Empreendimentos Imobiliarios SA,,EC,BR,2026-01
BRMDNEACNOR9,BRMDNEACNOR9,,Moura Dubeux Engenharia S/A,,EC,BR,2026-01
BRMULTACNOR5,BRMULTACNOR5,,Multiplan Empreendimentos Imobiliarios SA,,EC,BR,2026-01
BSP736841136,BSP736841136,000000000,OneSpaWorld Holdings Ltd,,EC,BS,2026-02
CA00686A1084,CA00686A1084,00686A108,ADENTRA Inc,,EC,CA,2026-02
CA00089N1033,CA00089N1033,00089N103,ADF Group Inc,,EC,CA,2026-02
CA0010921058,CA0010921058,001092105,AGF Management Ltd,,EC,CA,2026-03
CA00288U1066,CA00288U1066,00288U106,AbCellera Biologics Inc,,EC,CA,2026-03
CA00791P1071,CA00791P1071,00791P107,Advantage Energy Ltd,,EC,CA,2026-02
CA00762V1094,CA00762V1094,00762V109,Aecon Group Inc,,EC,CA,2026-02
CA0156581070,CA0156581070,015658107,Algoma Steel Group Inc,,EC,CA,2026-02
CA01921D2041,CA01921D2041,01921D204,Allied Gold Corp,,EC,CA,2026-02
CA0194561027,CA0194561027,019456102,Allied Properties Real Estate Investment Trust,,EC,CA,2026-01
CA0203987072,CA0203987072,020398707,Almonty Industries Inc,,EC,CA,2026-03
CA03074G1090,CA03074G1090,03074G109,Amerigo Resources Ltd,,EC,CA,2026-02
CA03349X1015,CA03349X1015,03349X101,Andean Precious Metals Corp,,EC,CA,2026-02
CA03879J1003,CA03879J1003,03879J100,Arbutus Biopharma Corp,,EC,CA,2026-02
CA04040Y1097,CA04040Y1097,04040Y109,Aris Mining Corp,,EC,CA,2026-02
CA04045U1021,CA04045U1021,04045U102,Aritzia Inc,,EC,CA,2026-03
CA04315L1058,CA04315L1058,04315L105,Artis Real Estate Investment Trust,,EC,CA,2026-01
CA0467894006,CA0467894006,046789400,Atco Ltd/Canada,,EC,CA,2026-03
CA04682R1073,CA04682R1073,04682R107,Athabasca Oil Corp,,EC,CA,2026-02
CA05156V1022,CA05156V1022,05156V102,Aurinia Pharmaceuticals Inc,,EC,CA,2026-03
CA05156X8504,CA05156X8504,05156X850,Aurora Cannabis Inc,,EC,CA,2026-03
CA05277B2093,CA05277B2093,05277B209,AutoCanada Inc,,EC,CA,2026-02
CA05466C1095,CA05466C1095,05466C109,Aya Gold & Silver Inc,,EC,CA,2026-03
CA11777Q2099,CA11777Q2099,11777Q209,B2Gold Corp,,EC,CA,2026-02
CA1033101082,CA1033101082,103310108,BOYD GROUP INC,,EC,CA,2026-03
CA0565331026,CA0565331026,056533102,Badger Infrastructure Solutions Ltd,,EC,CA,2026-02
CA0717341071,CA0717341071,071734107,Bausch Health Cos Inc,,EC,CA,2026-03
CA0906971035,CA0906971035,090697103,Birchcliff Energy Ltd,,EC,CA,2026-02
CA09202D2077,CA09202D2077,09202D207,Black Diamond Group Ltd,,EC,CA,2026-02
CA0966311064,CA0966311064,096631106,Boardwalk Real Estate Investment Trust,,EC,CA,2026-01
CA0985461049,CA0985461049,098546104,Bonterra Energy Corp,,EC,CA,2026-02
CA1010841015,CA1010841015,101084101,Boston Pizza Royalties Income Fund,,EC,CA,2026-02
CA10919W4056,CA10919W4056,10919W405,"Bright Minds Biosciences, Inc.",,EC,CA,2025-06
CA11259V1067,CA11259V1067,11259V106,Brookfield Business Corp.,,EC,CA,2025-06
CA1130061007,CA1130061007,113006100,Brookfield Business Corp.,,EC,CA,2026-03
CA11276H1064,CA11276H1064,11276H106,Brookfield Infrastructure Corp,,EC,CA,2026-03
CA15713J1049,CA15713J1049,15713J104,CES Energy Solutions Corp,,EC,CA,2026-02
CA17878Y2078,CA17878Y2078,17878Y207,CIVEO CORPORATION,,EC,CA,2026-01
CA1264621006,CA1264621006,126462100,CT Real Estate Investment Trust,,EC,CA,2026-01
CA1295844056,CA1295844056,129584405,Calfrac Well Services Ltd,,EC,CA,2026-02
CA1348083025,CA1348083025,134808302,Canacol Energy Ltd,,EC,CA,2026-02
CA1350861060,CA1350861060,135086106,Canada Goose Holdings Inc,,EC,CA,2026-02
CA1351801073,CA1351801073,135180107,Canada Packers Inc,,EC,CA,2026-03
CA1349211054,CA1349211054,134921105,Canadian Apartment Properties REIT,,EC,CA,2026-01
CA1380357048,CA1380357048,138035704,Canopy Growth Corp,,EC,CA,2026-03
CA14042M1023,CA14042M1023,14042M102,Capital Power Corp,,EC,CA,2026-02
CA14150G4007,CA14150G4007,14150G400,Cardinal Energy Ltd,,EC,CA,2026-02
CA14179V5036,CA14179V5036,14179V503,Cargojet Inc,,EC,CA,2026-02
CA1469001053,CA1469001053,146900105,Cascades Inc,,EC,CA,2026-02
CA1520061021,CA1520061021,152006102,Centerra Gold Inc,,EC,CA,2026-02
CA17039A1066,CA17039A1066,17039A106,Choice Properties Real Estate Investment Trust,,EC,CA,2026-01
CA17040T8885,CA17040T8885,17040T888,Chorus Aviation Inc,,EC,CA,2026-02
CA1724541000,CA1724541000,172454100,Cineplex Inc,,EC,CA,2026-03
CA1946931070,CA1946931070,194693107,Colliers International Group Inc,,EC,CA,2026-03
CA2271071094,CA2271071094,227107109,Crombie Real Estate Investment Trust,,EC,CA,2026-01
CA26139R1091,CA26139R1091,26139R109,DPM Metals Inc,,EC,CA,2026-02
CA26153M5072,CA26153M5072,26153M507,DREAM Unlimited Corp,,EC,CA,2026-01
CA2449161025,CA2449161025,244916102,Defi Technologies Inc,,EC,CA,2026-02
CA24477T1003,CA24477T1003,24477T100,Definity Financial Corp,,EC,CA,2026-03
CA24477V1058,CA24477V1058,24477V105,Definium Therapeutics Inc,,EC,CA,2026-02
CA2483561072,CA2483561072,248356107,Denison Mines Corp,,EC,CA,2026-03
CA25253X2077,CA25253X2077,25253X207,"DiaMedica Therapeutics, Inc.",,EC,CA,2025-06
CA2546771072,CA2546771072,254677107,Discovery Silver Corp,,EC,CA,2026-02
CA25609L1058,CA25609L1058,25609L105,Docebo Inc,,EC,CA,2026-03
CA25703L1004,CA25703L1004,25703L100,Doman Building Materials Group Ltd,,EC,CA,2026-02
CA25822C2058,CA25822C2058,25822C205,Dorel Industries Inc,,EC,CA,2026-02
CA26153W1095,CA26153W1095,26153W109,Dream Industrial Real Estate Investment Trust,,EC,CA,2026-01
CA26153P2035,CA26153P2035,26153P203,Dream Office Real Estate Investment Trust,,EC,CA,2026-01
CA2674881040,CA2674881040,267488104,Dye & Durham Ltd,,EC,CA,2026-03
CA2943752097,CA2943752097,294375209,EPSILON ENERGY LTD.,,EC,CA,2026-01
CA2849025093,CA2849025093,284902509,Eldorado Gold Corp,,EC,CA,2026-02
CA29259W7008,CA29259W7008,29259W700,Encore Energy Corp,,EC,CA,2026-03
CA29269R1055,CA29269R1055,29269R105,Enerflex Ltd,,EC,CA,2026-02
CA2929491041,CA2929491041,292949104,Enghouse Systems Ltd,,EC,CA,2026-03
CA2935701078,CA2935701078,293570107,Ensign Energy Services Inc,,EC,CA,2026-02
CA29446Y5020,CA29446Y5020,29446Y502,Equinox Gold Corp,,EC,CA,2026-02
CA30041N1078,CA30041N1078,30041N107,Evertz Technologies Ltd,,EC,CA,2026-02
CA3012831077,CA3012831077,301283107,Exchange Income Corp,,EC,CA,2026-03
CA34380L1022,CA34380L1022,34380L102,FLUENT CORP,,EC,CA,2026-03
CA31447P1009,CA31447P1009,31447P100,"Fennec Pharmaceuticals, Inc.",,EC,CA,2025-06
CA3180714048,CA3180714048,318071404,Finning International Inc,,EC,CA,2026-02
CA31890B1031,CA31890B1031,31890B103,First Capital Real Estate Investment Trust,,EC,CA,2026-01
CA32076V1031,CA32076V1031,32076V103,First Majestic Silver Corp,,EC,CA,2026-03
CA33938T1049,CA33938T1049,33938T104,"Flexible Solutions International, Inc.",,EC,CA,2025-06
CA3499421020,CA3499421020,349942102,Fortuna Mining Corp,,EC,CA,2026-02
CA3565001086,CA3565001086,356500108,Freehold Royalties Ltd,,EC,CA,2026-02
CA35905B1076,CA35905B1076,35905B107,Frontera Energy Corp,,EC,CA,2026-02
CA36270K1021,CA36270K1021,36270K102,G Mining Ventures Corp,,EC,CA,2026-03
CA36352H1001,CA36352H1001,36352H100,Galiano Gold Inc,,EC,CA,2026-02
CA3748252069,CA3748252069,374825206,Gibson Energy Inc,,EC,CA,2026-03
CA37957M1068,CA37957M1068,37957M106,Global Atomic Corp,,EC,CA,2026-03
CA38045Y1025,CA38045Y1025,38045Y102,GoGold Resources Inc,,EC,CA,2026-03
CA3874372053,CA3874372053,387437205,Granite Real Estate Investment Trust,,EC,CA,2026-01
CA39525U1075,CA39525U1075,39525U107,Greenfire Resources Ltd,,EC,CA,2026-02
CA4039254079,CA4039254079,403925407,H&R Real Estate Investment Trust,,EC,CA,2026-01
CA4220961078,CA4220961078,422096107,Headwater Exploration Inc,,EC,CA,2026-02
CA4238211078,CA4238211078,423821107,Hempfusion Wellness Inc,,EC,CA,2026-03
CA4296951094,CA4296951094,429695109,High Liner Foods Inc,,EC,CA,2026-02
CA4509131088,CA4509131088,450913108,IAMGOLD Corp,,EC,CA,2026-02
CA45245E1097,CA45245E1097,45245E109,IMAX CORPORATION,,EC,CA,2026-01
CA4528921022,CA4528921022,452892102,Imperial Metals Corp,,EC,CA,2026-02
CA45780T4046,CA45780T4046,45780T404,InPlay Oil Corp,,EC,CA,2026-02
CA46071W2058,CA46071W2058,46071W205,InterRent Real Estate Investment Trust,,EC,CA,2026-01
CA46016U1084,CA46016U1084,46016U108,International Petroleum Corp,,EC,CA,2026-02
CA47009M8896,CA47009M8896,47009M889,Jaguar Mining Inc,,EC,CA,2026-02
CA48113W1023,CA48113W1023,48113W102,Journey Energy Inc,,EC,CA,2026-02
CA4991131083,CA4991131083,499113108,K92 Mining Inc,,EC,CA,2026-02
CA4882951060,CA4882951060,488295106,Kelt Exploration Ltd,,EC,CA,2026-02
CA49410M1023,CA49410M1023,49410M102,Killam Apartment Real Estate Investment Trust,,EC,CA,2026-01
CA49448Q1090,CA49448Q1090,49448Q109,Kinaxis Inc,,EC,CA,2026-03
CA53626N1024,CA53626N1024,53626N102,LIONSGATE STUDIOS CORP.,,EC,CA,2026-01
CA51925D1069,CA51925D1069,51925D106,Laurentian Bank of Canada,,EC,CA,2026-02
CA53229C1077,CA53229C1077,53229C107,Lightspeed Commerce Inc,,EC,CA,2026-03
CA53278L1076,CA53278L1076,53278L107,Linamar Corp,,EC,CA,2026-02
CA53681J1030,CA53681J1030,53681J103,Lithium Americas Corp,,EC,CA,2026-03
CA55293N1096,CA55293N1096,55293N109,MDA Space Ltd,,EC,CA,2026-02
CA55378N1078,CA55378N1078,55378N107,MTY Food Group Inc,,EC,CA,2026-03
CA5609091031,CA5609091031,560909103,Major Drilling Group International Inc,,EC,CA,2026-02
CA5649051078,CA5649051078,564905107,Maple Leaf Foods Inc,,EC,CA,2026-03
CA5734591046,CA5734591046,573459104,Martinrea International Inc,,EC,CA,2026-02
CA58471K2020,CA58471K2020,58471K202,Medicus Pharma Ltd.,,EC,CA,2025-06
CA59151K1084,CA59151K1084,59151K108,Methanex Corp,,EC,CA,2026-02
CA60255C8850,CA60255C8850,60255C885,"Mind Medicine MindMed, Inc.",,EC,CA,2025-06
CA60448E1034,CA60448E1034,60448E103,Minto Apartment Real Estate Investment Trust,,EC,CA,2026-01
CA61761E1007,CA61761E1007,61761E100,Morguard North American Residential Real Estate Investment Trust,,EC,CA,2026-01
CA6252841045,CA6252841045,625284104,Mullen Group Ltd,,EC,CA,2026-02
CA6330671034,CA6330671034,633067103,National Bank Canada,,EC,CA,2026-02
CA65340P1062,CA65340P1062,65340P106,NexGen Energy Ltd,,EC,CA,2026-03
CA65344U1012,CA65344U1012,65344U101,Nexus Industrial REIT,,EC,CA,2026-01
CA6544846091,CA6544846091,654484609,NioCorp Developments Ltd.,,EC,CA,2025-06
CA6568111067,CA6568111067,656811106,North American Construction Group Ltd,,EC,CA,2026-02
CA6632782083,CA6632782083,663278208,North West Co Inc/The,,EC,CA,2026-02
CA6674951059,CA6674951059,667495105,Northwest Healthcare Properties Real Estate Investment Trust,,EC,CA,2026-01
CA66987E2069,CA66987E2069,66987E206,"Novagold Resources, Inc.",,EC,CA,2025-06
CA68390D1069,CA68390D1069,68390D106,OR Royalties Inc,,EC,CA,2026-03
CA6744822033,CA6744822033,674482203,Obsidian Energy Ltd,,EC,CA,2026-02
CA6752224007,CA6752224007,675222400,OceanaGold Corp,,EC,CA,2026-02
CA68272K1030,CA68272K1030,68272K103,Onex Corp,,EC,CA,2026-03
CA68616T1093,CA68616T1093,68616T109,Orezone Gold Corp,,EC,CA,2026-02
CA68634K1066,CA68634K1066,68634K106,Orla Mining Ltd,,EC,CA,2026-02
CA68759M1014,CA68759M1014,68759M101,Orvana Minerals Corp,,EC,CA,2026-02
CA6882741094,CA6882741094,688274109,Osisko Metals Inc,,EC,CA,2026-02
CA69338U1012,CA69338U1012,69338U101,PHX Energy Services Corp,,EC,CA,2026-02
CA6993202069,CA6993202069,699320206,Paramount Resources Ltd,,EC,CA,2026-02
CA69946Q1046,CA69946Q1046,69946Q104,Parex Resources Inc,,EC,CA,2026-02
CA7029251088,CA7029251088,702925108,Pason Systems Inc,,EC,CA,2026-02
CA7142661031,CA7142661031,714266103,Perpetua Resources Corp.,,EC,CA,2025-06
CA7170461064,CA7170461064,717046106,Peyto Exploration & Development Corp,,EC,CA,2026-02
CA7225241057,CA7225241057,722524105,Pine Cliff Energy Ltd,,EC,CA,2026-02
CA72585V1031,CA72585V1031,72585V103,Pizza Pizza Royalty Corp,,EC,CA,2026-02
CA73108L1013,CA73108L1013,73108L101,Polaris Renewable Energy Inc,,EC,CA,2026-02
CA7397211086,CA7397211086,739721108,PrairieSky Royalty Ltd,,EC,CA,2026-03
CA74022D4075,CA74022D4075,74022D407,Precision Drilling Corp,,EC,CA,2026-02
CA74061A1084,CA74061A1084,74061A108,Premium Brands Holdings Corp,,EC,CA,2026-03
CA74167K1093,CA74167K1093,74167K109,Primaris Real Estate Investment Trust,,EC,CA,2026-01
CA7481932084,CA7481932084,748193208,Quebecor Inc,,EC,CA,2026-03
CA75585H2063,CA75585H2063,75585H206,"Real Brokerage, Inc. (The)",,EC,CA,2025-06
CA75601Y1007,CA75601Y1007,75601Y100,Real Matters Inc,,EC,CA,2026-02
US761CVR0427,US761CVR0427,N/A,Resolute Forest Products Inc,,EC,CA,2026-02
CA7669101031,CA7669101031,766910103,RioCan Real Estate Investment Trust,,EC,CA,2026-01
CA77519R1029,CA77519R1029,77519R102,Rogers Sugar Inc,,EC,CA,2026-02
CA7819036046,CA7819036046,781903604,Russel Metals Inc,,EC,CA,2026-02
CA83307B1013,CA83307B1013,83307B101,SNDL Inc,,EC,CA,2026-03
CA7847301032,CA7847301032,784730103,SSR Mining Inc,,EC,CA,2026-03
CA8559191066,CA8559191066,855919106,STARZ ENTERTAINMENT CORP.,,EC,CA,2026-01
CA8265991023,CA8265991023,826599102,Sigma Lithium Corp,,EC,CA,2026-03
CA82835P1036,CA82835P1036,82835P103,Silvercorp Metals Inc,,EC,CA,2026-02
CA83056P7157,CA83056P7157,83056P715,Skeena Resources Ltd,,EC,CA,2026-03
CA8310622037,CA8310622037,831062203,Slate Grocery REIT,,EC,CA,2026-01
CA83179X1087,CA83179X1087,83179X108,SmartCentres Real Estate Investment Trust,,EC,CA,2026-01
CA83671M1059,CA83671M1059,83671M105,South Bow Corp,,EC,CA,2026-02
CA84678A5089,CA84678A5089,84678A508,Spartan Delta Corp,,EC,CA,2026-02
CA8485101031,CA8485101031,848510103,Spin Master Corp,,EC,CA,2026-02
CA8536061010,CA8536061010,853606101,Standard Lithium Ltd,,EC,CA,2026-03
CA85853F1053,CA85853F1053,85853F105,Stella-Jones Inc,,EC,CA,2026-02
CA85913R2063,CA85913R2063,85913R206,Steppe Gold Ltd,,EC,CA,2026-02
CA86212H1055,CA86212H1055,86212H105,StorageVault Canada Inc,,EC,CA,2026-01
CA8676EP1086,CA8676EP1086,8676EP108,SunOpta Inc,,EC,CA,2026-02
CA86880Y8779,CA86880Y8779,86880Y877,Surge Energy Inc,,EC,CA,2026-02
CA87261Y1060,CA87261Y1060,87261Y106,TMC the metals co Inc,,EC,CA,2026-03
CA87505Y4094,CA87505Y4094,87505Y409,Tamarack Valley Energy Ltd,,EC,CA,2026-02
CA8910546032,CA8910546032,891054603,Torex Gold Resources Inc,,EC,CA,2026-02
CA89154B1022,CA89154B1022,89154B102,Total Energy Services Inc,,EC,CA,2026-02
CA8935781044,CA8935781044,893578104,Transcontinental Inc,,EC,CA,2026-02
CA8959451037,CA8959451037,895945103,Trican Well Service Ltd,,EC,CA,2026-02
CA89679A2092,CA89679A2092,89679A209,Trisura Group Ltd,,EC,CA,2026-02
CA91688R1082,CA91688R1082,91688R108,Ur-Energy Inc,,EC,CA,2026-03
CA92625W5072,CA92625W5072,92625W507,Victoria Gold Corp/Vancouver,,EC,CA,2026-03
CA92663R1055,CA92663R1055,92663R105,"Viemed Healthcare, Inc.",,EC,CA,2025-06
CA92707Y1088,CA92707Y1088,92707Y108,Village Farms Inte,,EC,CA,2026-03
CA92919F1036,CA92919F1036,92919F103,Vox Royalty Corp.,,EC,CA,2025-06
CA9307831052,CA9307831052,930783105,Wajax Corp,,EC,CA,2026-02
CA94947L1022,CA94947L1022,94947L102,Well Health Technologies Corp,,EC,CA,2026-03
CA95083R1001,CA95083R1001,95083R100,Wesdome Gold Mines Ltd,,EC,CA,2026-02
CA9582117086,CA9582117086,958211708,Western Forest Products Inc,,EC,CA,2026-02
CA96145A2002,CA96145A2002,96145A200,Westshore Terminals Investment Corp,,EC,CA,2026-02
CA98420N1050,CA98420N1050,98420N105,Xenon Pharmaceuticals Inc,,EC,CA,2026-03
CA98936T2083,CA98936T2083,98936T208,"ZenaTech, Inc.",,EC,CA,2025-06
CA44955L1067,CA44955L1067,44955L106,i-80 Gold Corp.,,EC,CA,2025-06
CH0499880968,CH0499880968,N/A,ADC Therapeutics SA,,EC,CH,2025-06
CH0019107025,CH0019107025,,APG SGA SA,,EC,CH,2026-01
CH0010675863,CH0010675863,000000000,Swissquote Group Holding SA,,EC,CH,2026-03
CH0542483745,CH0542483745,N/A,V-ZUG Holding AG,,EC,CH,2026-02
CH0033361673,CH0033361673,,u-blox Holding AG,,EC,CH,2026-01
CLP1506A1070,CLP1506A1070,000000000,Banco Santander Chile,,EC,CL,2026-01
CLP0939W1081,CLP0939W1081,000000000,Banco de Chile,,EC,CL,2026-01
CLP321331116,CLP321331116,000000000,Banco de Credito e Inversiones SA,,EC,CL,2026-01
CL0000000100,CL0000000100,000000000,Cencosud SA,,EC,CL,2026-01
CL0002941178,CL0002941178,N/A,Cencosud Shopping SA,,EC,CL,2026-01
CL0000001314,CL0000001314,000000000,Empresas CMPC SA,,EC,CL,2026-01
CLP371861061,CLP371861061,000000000,Enel Americas SA,,EC,CL,2026-01
CLP763281068,CLP763281068,N/A,Parque Arauco SA,,EC,CL,2026-01
CNE000000JW1,CNE000000JW1,000000000,AECC Aviation Power Co Ltd,,EC,CN,2026-01
CNE1000001T8,CNE1000001T8,000000000,Aluminum Corp of China Ltd,,EC,CN,2026-01
CNE0000019V8,CNE0000019V8,000000000,Anhui Conch Cement Co Ltd,,EC,CN,2026-01
CNE1000001W2,CNE1000001W2,000000000,Anhui Conch Cement Co Ltd,,EC,CN,2026-01
SGXZ22466619,SGXZ22466619,N/A,AustAsia Group Ltd,,EC,CN,2026-02
CNE100003GF5,CNE100003GF5,000000000,Avary Holding Shenzhen Co Ltd,,EC,CN,2026-01
CNE1000001Y8,CNE1000001Y8,000000000,AviChina Industry & Technology Co Ltd,,EC,CN,2026-01
CNE000000LP1,CNE000000LP1,N/A,"BAIC BluePark New Energy Technology Co., Ltd.",,EC,CN,2026-02
CNE100002G76,CNE100002G76,000000000,Bank of Jiangsu Co Ltd,,EC,CN,2026-01
CNE100000627,CNE100000627,000000000,Bank of Nanjing Co Ltd,,EC,CN,2026-01
CNE1000005P7,CNE1000005P7,000000000,Bank of Ningbo Co Ltd,,EC,CN,2026-01
CNE000001B41,CNE000001B41,000000000,Baoji Titanium Industry Co Ltd,,EC,CN,2026-03
CNE0000015R4,CNE0000015R4,000000000,Baoshan Iron & Steel Co Ltd,,EC,CN,2026-01
CNE000001782,CNE000001782,N/A,Beijing Capital Development Co Ltd,,EC,CN,2026-01
CNE000000974,CNE000000974,N/A,Beijing Electronic Zone High-tech Group Co Ltd,,EC,CN,2026-01
CNE000000W70,CNE000000W70,N/A,Beijing Hualian Department Store Co Ltd,,EC,CN,2026-01
CNE000000QS4,CNE000000QS4,N/A,Beijing New Building Materials Public Limited Company,,EC,CN,2026-02
CNE000001NZ4,CNE000001NZ4,N/A,Beijing North Star Co Ltd,,EC,CN,2026-01
CNE000000Y52,CNE000000Y52,N/A,Beijing Urban Construction Investment & Development Co Ltd,,EC,CN,2026-01
CNE000000KH0,CNE000000KH0,N/A,Bright Real Estate Group Co Ltd,,EC,CN,2026-01
CNE0000007J8,CNE0000007J8,Y1293Q109,"CHANGCHUN HIGH-TECH INDUSTRY (GROUP) CO., LTD.",,EC,CN,2026-02
CNE0000008J6,CNE0000008J6,N/A,"CITIC Pacific Special Steel Group Co., Ltd",,EC,CN,2026-02
CNE000001DB6,CNE000001DB6,000000000,CITIC Securities Co Ltd,,EC,CN,2026-01
CNE1000016V2,CNE1000016V2,000000000,CITIC Securities Co Ltd,,EC,CN,2026-01
CNE100000114,CNE100000114,000000000,CMOC Group Ltd,,EC,CN,2026-01
CNE100001NR0,CNE100001NR0,000000000,CMOC Group Ltd,,EC,CN,2026-01
CNE100000BG0,CNE100000BG0,000000000,CRRC Corp Ltd,,EC,CN,2026-01
CNE100000CP9,CNE100000CP9,000000000,CRRC Corp Ltd,,EC,CN,2026-01
CNE1000031T5,CNE1000031T5,000000000,CSC Financial Co Ltd,,EC,CN,2026-01
CNE0000005X3,CNE0000005X3,N/A,Chengdu Hi-tech Development Co Ltd,,EC,CN,2026-01
CNE000000W05,CNE000000W05,000000000,China CSSC Holdings Ltd,,EC,CN,2026-01
CNE1000002G3,CNE1000002G3,000000000,China Communications Services Corp Ltd,,EC,CN,2026-01
CNE000000B42,CNE000000B42,N/A,China Enterprise Co Ltd,,EC,CN,2026-01
CNE100000SL4,CNE100000SL4,000000000,China Everbright Bank Co Ltd,,EC,CN,2026-01
CNE000001GG8,CNE000001GG8,N/A,China Fortune Land Development Co Ltd,,EC,CN,2026-01
CNE100002359,CNE100002359,000000000,China International Capital Corp Ltd,,EC,CN,2026-01
CNE000001Q93,CNE000001Q93,000000000,China Life Insurance Co Ltd,,EC,CN,2026-01
CNE1000002L3,CNE1000002L3,000000000,China Life Insurance Co Ltd,,EC,CN,2026-01
CNE1000032B1,CNE1000032B1,000000000,China Merchants Expressway Network & Technology Holdings Co Ltd,,EC,CN,2026-02
CNE000000H95,CNE000000H95,N/A,China Merchants Property Operation & Service Co Ltd,,EC,CN,2026-01
CNE100000HK9,CNE100000HK9,000000000,China Merchants Securities Co Ltd,,EC,CN,2026-01
CNE1000002N9,CNE1000002N9,000000000,China National Building Material Co Ltd,,EC,CN,2026-01
CNE000001BB0,CNE000001BB0,000000000,China National Software & Service Co Ltd,,EC,CN,2026-02
CNE000000T18,CNE000000T18,000000000,China Northern Rare Earth Group High-Tech Co Ltd,,EC,CN,2026-01
CNE1000002P4,CNE1000002P4,000000000,China Oilfield Services Ltd,,EC,CN,2026-01
CNE1000008M8,CNE1000008M8,000000000,China Pacific Insurance Group Co Ltd,,EC,CN,2026-01
CNE1000009Q7,CNE1000009Q7,000000000,China Pacific Insurance Group Co Ltd,,EC,CN,2026-01
CNE0000018G1,CNE0000018G1,000000000,China Petroleum & Chemical Corp,,EC,CN,2026-01
CNE1000002Q2,CNE1000002Q2,000000000,China Petroleum & Chemical Corp,,EC,CN,2026-01
CNE1000007Z2,CNE1000007Z2,000000000,China Railway Group Ltd,,EC,CN,2026-01
CNE100003MP2,CNE100003MP2,000000000,China Railway Signal & Communication Corp Ltd,,EC,CN,2026-02
CNE000000VF1,CNE000000VF1,N/A,China Sports Industry Group Co Ltd,,EC,CN,2026-01
CNE100000F46,CNE100000F46,000000000,China State Construction Engineering Corp Ltd,,EC,CN,2026-01
CNE100000G29,CNE100000G29,000000000,China Tourism Group Duty Free Corp Ltd,,EC,CN,2026-01
CNE000000G13,CNE000000G13,N/A,China Union Holdings Ltd,,EC,CN,2026-01
CNE000000YH1,CNE000000YH1,N/A,China World Trade Center Co Ltd,,EC,CN,2026-01
CNE000000SD2,CNE000000SD2,N/A,China Wuyi Co Ltd,,EC,CN,2026-01
CNE100003Y65,CNE100003Y65,N/A,China-Singapore Suzhou Industrial Park Development Group Co Ltd,,EC,CN,2026-01
CNE000000R36,CNE000000R36,000000000,Chongqing Changan Automobile Co Ltd,,EC,CN,2026-01
CNE100000V20,CNE100000V20,000000000,Chongqing Zhifei Biological Products Co Ltd,,EC,CN,2026-01
CNE000000966,CNE000000966,N/A,Cinda Real Estate Co Ltd,,EC,CN,2026-01
CNE100000312,CNE100000312,000000000,Dongfeng Motor Group Co Ltd,,EC,CN,2026-01
VGG2921V1067,VGG2921V1067,N/A,E-Commodities Holdings Ltd,,EC,CN,2026-02
CNE000000DG7,CNE000000DG7,Y3119Q107,"ENN Natural Gas Co., Ltd.",,EC,CN,2026-02
KYG2139U1067,KYG2139U1067,N/A,Ever Sunshine Services Group Ltd,,EC,CN,2026-02
CNE000000KT5,CNE000000KT5,N/A,Financial Street Holdings Co Ltd,,EC,CN,2026-01
CNE100001SL2,CNE100001SL2,000000000,Foshan Haitian Flavouring & Food Co Ltd,,EC,CN,2026-01
CNE1000031P3,CNE1000031P3,000000000,Foxconn Industrial Internet Co Ltd,,EC,CN,2026-01
CNE100001WS9,CNE100001WS9,Y295A2103,"GUOSEN SECURITIES CO., LTD.",,EC,CN,2026-02
CNE000001790,CNE000001790,N/A,Gemdale Corp,,EC,CN,2026-01
CNE100000PP1,CNE100000PP1,000000000,Goldwind Science & Technology Co Ltd.,,EC,CN,2026-03
CNE000000BJ5,CNE000000BJ5,N/A,Grandjoy Holdings Group Co Ltd,,EC,CN,2026-01
CNE100000338,CNE100000338,000000000,Great Wall Motor Co Ltd,,EC,CN,2026-01
CNE000000S76,CNE000000S76,N/A,Greattown Holdings Ltd,,EC,CN,2026-01
CNE000000ZF2,CNE000000ZF2,N/A,Gree Real Estate Co Ltd,,EC,CN,2026-01
CNE000000388,CNE000000388,N/A,Greenland Holdings Corp Ltd,,EC,CN,2026-01
CNE000000X46,CNE000000X46,N/A,Guangdong Highsun Group Co Ltd,,EC,CN,2026-01
CNE000001K16,CNE000001K16,N/A,Guangdong Shirongzhaoye Co Ltd,,EC,CN,2026-01
CNE000001733,CNE000001733,000000000,Guangzhou Baiyunshan Pharmaceutical Holdings Co Ltd,,EC,CN,2026-01
CNE000000V48,CNE000000V48,N/A,Hainan Expressway Co Ltd,,EC,CN,2026-01
CNE100000KP2,CNE100000KP2,N/A,Haining China Leather Market Co Ltd,,EC,CN,2026-01
CNE100000BS5,CNE100000BS5,N/A,Hangzhou Binjiang Real Estate Group Co Ltd,,EC,CN,2026-01
CNE100000940,CNE100000940,N/A,Hefei Urban Construction Development Co Ltd,,EC,CN,2026-01
CNE100001YQ9,CNE100001YQ9,000000000,Huatai Securities Co Ltd,,EC,CN,2026-01
CNE000001FW7,CNE000001FW7,000000000,Huaxia Bank Co Ltd,,EC,CN,2026-01
CNE100002FN3,CNE100002FN3,000000000,Hubei Zhenhua Chemical Co Ltd,,EC,CN,2026-03
CNE000001P37,CNE000001P37,000000000,Industrial & Commercial Bank of China Ltd,,EC,CN,2026-01
CNE1000003G1,CNE1000003G1,000000000,Industrial & Commercial Bank of China Ltd,,EC,CN,2026-01
CNE000001QZ7,CNE000001QZ7,000000000,Industrial Bank Co Ltd,,EC,CN,2026-01
CNE000001P45,CNE000001P45,N/A,Jiangsu Dagang Co Ltd,,EC,CN,2026-01
CNE0000011P7,CNE0000011P7,N/A,Jiangsu Zhongnan Construction Group Co Ltd,,EC,CN,2026-01
CNE1000003K3,CNE1000003K3,000000000,Jiangxi Copper Co Ltd,,EC,CN,2026-01
CNE100001YW7,CNE100001YW7,000000000,Lens Technology Co Ltd,,EC,CN,2026-01
CNE1000015L5,CNE1000015L5,000000000,Lingyi iTech Guangdong Co,,EC,CN,2026-01
CNE000000GF2,CNE000000GF2,000000000,Luzhou Laojiao Co Ltd,,EC,CN,2026-01
CNE100003QK4,CNE100003QK4,Y5840E105,Maxscend Microelectronics Co Ltd,,EC,CN,2026-02
CNE000000PX6,CNE000000PX6,N/A,Nanjing Gaoke Co Ltd,,EC,CN,2026-01
CNE100001922,CNE100001922,000000000,New China Life Insurance Co Ltd,,EC,CN,2026-01
CNE100001ZV6,CNE100001ZV6,000000000,Orient Securities Co Ltd/China,,EC,CN,2026-01
CNE100000593,CNE100000593,000000000,PICC Property & Casualty Co Ltd,,EC,CN,2026-01
CNE000001R84,CNE000001R84,000000000,Ping An Insurance Group Co of China Ltd,,EC,CN,2026-01
CNE1000003X6,CNE1000003X6,000000000,Ping An Insurance Group Co of China Ltd,,EC,CN,2026-01
CNE1000017G1,CNE1000017G1,N/A,"Power Construction Corporation of China, Ltd.",,EC,CN,2026-02
CNE000000SW2,CNE000000SW2,000000000,Qinghai Salt Lake Industry Co Ltd,,EC,CN,2026-01
CNE000000ZH8,CNE000000ZH8,N/A,Quzhou Xin'an Development Co Ltd,,EC,CN,2026-01
CNE100002RX7,CNE100002RX7,N/A,Red Star Macalline Group Corp Ltd,,EC,CN,2026-01
CNE1000005Y9,CNE1000005Y9,N/A,RiseSun Real Estate Development Co Ltd,,EC,CN,2026-01
CNE0000000R6,CNE0000000R6,N/A,Rongan Property Co Ltd,,EC,CN,2026-01
CNE100000W60,CNE100000W60,000000000,Rongsheng Petrochemical Co Ltd,,EC,CN,2026-01
CNE000000TY6,CNE000000TY6,000000000,SAIC Motor Corp Ltd,,EC,CN,2026-01
CNE100001B07,CNE100001B07,N/A,"SATELLITE CHEMICAL CO., LTD.",,EC,CN,2026-02
CNE000000T00,CNE000000T00,N/A,Sanxiang Impression Co Ltd,,EC,CN,2026-01
CNE100002BF8,CNE100002BF8,N/A,Seazen Holdings Co Ltd,,EC,CN,2026-01
CNE1000028B9,CNE1000028B9,000000000,Seres Group Co Ltd,,EC,CN,2026-01
CNE100001T64,CNE100001T64,000000000,Shaanxi Coal Industry Co Ltd,,EC,CN,2026-01
CNE100000171,CNE100000171,000000000,Shandong Weigao Group Medical Polymer Co Ltd,,EC,CN,2026-01
CNE100000D55,CNE100000D55,000000000,Shanghai Electric Group Co Ltd,,EC,CN,2026-01
CNE000000X38,CNE000000X38,000000000,Shanghai Fosun Pharmaceutical Group Co Ltd,,EC,CN,2026-01
CNE000000370,CNE000000370,N/A,Shanghai Huitong Energy Resources Co Ltd,,EC,CN,2026-01
CNE000000MF0,CNE000000MF0,N/A,Shanghai Industrial Development Co Ltd,,EC,CN,2026-01
CNE000000404,CNE000000404,N/A,Shanghai Jinqiao Export Processing Zone Development Co Ltd,,EC,CN,2026-01
CNE000000941,CNE000000941,N/A,Shanghai Jinqiao Export Processing Zone Development Co Ltd,,EC,CN,2026-01
CNE000000C74,CNE000000C74,N/A,Shanghai Lingang Holdings Corp Ltd,,EC,CN,2026-01
CNE0000009S5,CNE0000009S5,N/A,Shanghai Lujiazui Finance & Trade Zone Development Co Ltd,,EC,CN,2026-01
CNE000000HH6,CNE000000HH6,Y7686Q119,Shanghai Lujiazui Finance & Trade Zone Development Co Ltd,,EC,CN,2026-01
CNE0000005R5,CNE0000005R5,N/A,Shanghai SMI Holding Co Ltd,,EC,CN,2026-01
CNE000000362,CNE000000362,N/A,Shanghai Shibei Hi-Tech Co Ltd,,EC,CN,2026-01
CNE0000008P3,CNE0000008P3,N/A,Shanghai Vital Microtech Co Ltd,,EC,CN,2026-01
CNE000001DZ5,CNE000001DZ5,000000000,Shenghe Resources Holding Co Ltd,,EC,CN,2026-03
CNE100002CC3,CNE100002CC3,Y7T41E107,Shenzhen Envicool Technology Co Ltd,,EC,CN,2026-02
CNE000000WG7,CNE000000WG7,N/A,Shenzhen Heungkong Holding Co Ltd,,EC,CN,2026-01
CNE000000HD5,CNE000000HD5,N/A,Shenzhen Kingkey Smart Agriculture Times Co Ltd,,EC,CN,2026-01
CNE100000HS2,CNE100000HS2,N/A,Shenzhen New Nanshan Holding Group Co Ltd,,EC,CN,2026-01
CNE000000SS0,CNE000000SS0,N/A,Shenzhen Overseas Chinese Town Co Ltd,,EC,CN,2026-01
CNE000000248,CNE000000248,N/A,Shenzhen Properties & Resources Development Group Ltd,,EC,CN,2026-01
CNE000000NR3,CNE000000NR3,N/A,Shenzhen SEG Co Ltd,,EC,CN,2026-01
CNE0000009X5,CNE0000009X5,N/A,Shenzhen Special Economic Zone Real Estate & Properties Group Co Ltd,,EC,CN,2026-01
CNE000000164,CNE000000164,N/A,Shenzhen Zhenye Group Co Ltd,,EC,CN,2026-01
CNE000000990,CNE000000990,N/A,Shunfa Hengneng Corp,,EC,CN,2026-01
CNE100006FN4,CNE100006FN4,000000000,Sichuan Biokin Pharmaceutical Co Ltd,,EC,CN,2026-01
CNE000001P78,CNE000001P78,N/A,"Sinoma Science & Technology Co., Ltd",,EC,CN,2026-02
CNE100000FN7,CNE100000FN7,000000000,Sinopharm Group Co Ltd,,EC,CN,2026-01
CNE1000018M7,CNE1000018M7,000000000,Sungrow Power Supply Co Ltd,,EC,CN,2026-01
CNE0000007N0,CNE0000007N0,N/A,Suning Universal Co Ltd,,EC,CN,2026-01
CNE000000LV9,CNE000000LV9,N/A,Suzhou New District Hi-Tech Industrial Co Ltd,,EC,CN,2026-01
KYG876031090,KYG876031090,N/A,Ten Pao Group Holdings Ltd,,EC,CN,2026-02
CNE000000MT1,CNE000000MT1,N/A,Tibet Urban Development and Investment Co Ltd,,EC,CN,2026-01
CNE0000009Y3,CNE0000009Y3,000000000,Tsingtao Brewery Co Ltd,,EC,CN,2026-01
CNE1000004K1,CNE1000004K1,000000000,Tsingtao Brewery Co Ltd,,EC,CN,2026-01
CNE1000060N7,CNE1000060N7,Y7T7U2104,"United Nova Technology Co.,Ltd.",,EC,CN,2026-02
CNE0000014S5,CNE0000014S5,N/A,Vantone Neo Development Group Co Ltd,,EC,CN,2026-01
CNE000000958,CNE000000958,N/A,Winnovation Culturaltainment Development Ltd,,EC,CN,2026-01
CNE000000VQ8,CNE000000VQ8,000000000,Wuliangye Yibin Co Ltd,,EC,CN,2026-01
CNE000001D15,CNE000001D15,000000000,Xiamen Tungsten Co Ltd,,EC,CN,2026-03
CNE000000206,CNE000000206,N/A,Yango Group Co Ltd,,EC,CN,2026-01
CNE000000WV6,CNE000000WV6,000000000,Yankuang Energy Group Co Ltd,,EC,CN,2026-01
CNE1000004Q8,CNE1000004Q8,000000000,Yankuang Energy Group Co Ltd,,EC,CN,2026-01
CNE000000P46,CNE000000P46,N/A,Zhejiang China Light & Textile Industrial City Group Co Ltd,,EC,CN,2026-01
CNE1000004S4,CNE1000004S4,000000000,Zhejiang Expressway Co Ltd,,EC,CN,2026-01
CNE000001J84,CNE000001J84,000000000,Zhejiang NHU Co Ltd,,EC,CN,2026-01
CNE000001GR5,CNE000001GR5,N/A,Zhuhai Huafa Properties Co Ltd,,EC,CN,2026-01
COE15PA00026,COE15PA00026,000000000,Interconexion Electrica SA ESP,,EC,CO,2026-01
CY0200352116,CY0200352116,000000000,Frontline PLC,,EC,CY,2026-03
LU0061462528,LU0061462528,N/A,RTL Group SA,,EC,DE,2026-01
EGS65571C019,EGS65571C019,N/A,Madinet Masr For Housing & Development,,EC,EG,2026-01
EGS655L1C012,EGS655L1C012,N/A,Palm Hills Developments SAE,,EC,EG,2026-01
EGS65851C015,EGS65851C015,N/A,Six of October Development & Investment,,EC,EG,2026-01
CY0106002112,CY0106002112,N/A,ATALAYA MINING COPPER SA,,EC,ES,2026-02
ES0144583343,ES0144583343,000000000,IBERDROLA S A,,EC,ES,2026-01
ES0158252033,ES0158252033,000000000,Let's GOWEX SA,,EC,ES,2026-03
LU1048328220,LU1048328220,000000000,eDreams ODIGEO SA,,EC,ES,2026-03
FI0009007264,FI0009007264,N/A,Bittium Oyj,,EC,FI,2026-02
FI4000369947,FI4000369947,N/A,Citycon Oyj,,EC,FI,2026-01
FI4000567029,FI4000567029,N/A,Finnair Oyj,,EC,FI,2026-01
FI0009007132,FI0009007132,000000000,Fortum Oyj,,EC,FI,2026-01
FI4000571013,FI4000571013,000000000,Hiab Oyj,,EC,FI,2026-03
FI0009000459,FI0009000459,000000000,Huhtamaki Oyj,,EC,FI,2026-03
FI4000571054,FI4000571054,000000000,Kalmar Oyj,,EC,FI,2026-03
FI0009004824,FI0009004824,000000000,Kemira Oyj,,EC,FI,2026-03
FI0009000202,FI0009000202,000000000,Kesko Oyj,,EC,FI,2026-01
FI4000312251,FI4000312251,X4543E117,Kojamo Oyj,,EC,FI,2026-01
FI0009005870,FI0009005870,000000000,Konecranes Oyj,,EC,FI,2026-03
FI4000592472,FI4000592472,N/A,Lassila & Tikanoja Oyj,,EC,FI,2026-02
FI4000592464,FI4000592464,N/A,Luotea Plc,,EC,FI,2026-02
FI4000552526,FI4000552526,000000000,Mandatum Oyj,,EC,FI,2026-03
FI0009007660,FI0009007660,N/A,Marimekko Oyj,,EC,FI,2026-02
FI0009000665,FI0009000665,000000000,Metsa Board Oyj,,EC,FI,2026-03
FI0009014575,FI0009014575,000000000,Metso Oyj,,EC,FI,2026-01
FI0009013296,FI0009013296,000000000,Neste Oyj,,EC,FI,2026-01
FI0009005318,FI0009005318,000000000,Nokian Renkaat Oyj,,EC,FI,2026-03
FI0009900401,FI0009900401,N/A,Olvi Oyj,,EC,FI,2026-02
FI0009002422,FI0009002422,000000000,Outokumpu Oyj,,EC,FI,2026-03
FI4000507124,FI4000507124,N/A,Puuilo Oyj,,EC,FI,2026-02
FI4000198031,FI4000198031,000000000,QT Group Oyj,,EC,FI,2026-03
FI0009010912,FI0009010912,N/A,Revenio Group Oyj,,EC,FI,2026-01
FI0009007694,FI0009007694,N/A,Sanoma Oyj,,EC,FI,2026-01
FI0009010862,FI0009010862,N/A,Suominen Oyj,,EC,FI,2026-02
FI4000252127,FI4000252127,N/A,Terveystalo Oyj,,EC,FI,2026-01
FI0009000277,FI0009000277,Y8T39G104,TietoEVRY Oyj,,EC,FI,2026-01
FI4000197934,FI4000197934,000000000,Tokmanni Group Corp,,EC,FI,2026-03
FI4000074984,FI4000074984,000000000,Valmet Oyj,,EC,FI,2026-03
FI4000049812,FI4000049812,N/A,Verkkokauppa.com Oyj,,EC,FI,2026-02
FI0009003727,FI0009003727,000000000,Wartsila OYJ Abp,,EC,FI,2026-01
FI0009800643,FI0009800643,000000000,YIT Oyj,,EC,FI,2026-03
NAME:ALTICE_FRANCE,,,Altice France,,EC,FR,2025-11
GB0000536739,GB0000536739,000000000,Ashtead Group PLC,,EC,GB,2026-01
US25520W1071,US25520W1071,25520W107,Diversified Energy Co,,EC,GB,2026-01
GB00BQHP5P93,GB00BQHP5P93,N/A,Diversified Energy Co. plc,,EC,GB,2025-06
GB00BMWRZ071,GB00BMWRZ071,N/A,Dowlais Group PLC,,EC,GB,2026-01
US29260V1052,US29260V1052,29260V105,Endava PLC,,EC,GB,2026-03
GB00BN0VZ646,GB00BN0VZ646,N/A,Ferrari Group PLC,,EC,GB,2026-02
NAME:GREENCORE_GROUP_PLC,,,Greencore Group PLC,,EC,GB,2026-01
GB00BN4HT335,GB00BN4HT335,N/A,Indivior plc,,EC,GB,2025-06
GB00BCRX1J15,GB00BCRX1J15,N/A,Just Group PLC,,EC,GB,2026-01
BMG6716L1081,BMG6716L1081,,Odfjell Technology Ltd,,EC,GB,2026-02
GB00B2NGPM57,GB00B2NGPM57,G6376N154,Paragon Banking Group PLC,,EC,GB,2026-01
GB00BL9YR756,GB00BL9YR756,000000000,Wise PLC,,EC,GB,2026-01
GI000A3DNK69,GI000A3DNK69,N/A,Forafric Global plc,,EC,GI,2025-06
CNE100002RY5,CNE100002RY5,Y0038M100,A-Living Smart City Services Co Ltd,,EC,HK,2026-01
KYG0583P1028,KYG0583P1028,N/A,Art Group Holdings Ltd,,EC,HK,2026-01
HK0285041858,HK0285041858,000000000,BYD Electronic International Co Ltd,,EC,HK,2026-01
HK0023000190,HK0023000190,000000000,Bank of East Asia Ltd/The,,EC,HK,2026-03
HK0392044647,HK0392044647,000000000,Beijing Enterprises Holdings Ltd,,EC,HK,2026-01
KYG1644A1004,KYG1644A1004,N/A,Bright Smart Securities & Commodities Group Ltd,,EC,HK,2026-02
VGG3165E1079,VGG3165E1079,N/A,C&D Property Management Group Co Ltd,,EC,HK,2026-01
HK0267001375,HK0267001375,000000000,CITIC Ltd,,EC,HK,2026-01
HK1093012172,HK1093012172,000000000,CSPC Pharmaceutical Group Ltd,,EC,HK,2026-01
HK0293001514,HK0293001514,000000000,Cathay Pacific Airways Ltd,,EC,HK,2026-03
HK2778034606,HK2778034606,000000000,Champion REIT,,EC,HK,2026-03
BMG2151A1036,BMG2151A1036,,Chia Tai Enterprises International Ltd,,EC,HK,2026-02
HK0817039453,HK0817039453,N/A,China Jinmao Holdings Group Ltd,,EC,HK,2026-01
HK0000112026,HK0000112026,000000000,China Nonferrous Mining Corp Ltd,,EC,HK,2026-01
HK0000065737,HK0000065737,N/A,China Overseas Grand Oceans Group Ltd,,EC,HK,2026-01
HK0291001490,HK0291001490,000000000,China Resources Beer Holdings Co Ltd,,EC,HK,2026-01
HK0000056264,HK0000056264,N/A,China South City Holdings Ltd,,EC,HK,2026-01
HK0000055878,HK0000055878,000000000,China Taiping Insurance Holdings Co Ltd,,EC,HK,2026-01
HK0000503208,HK0000503208,000000000,China Tobacco International HK Co Ltd,,EC,HK,2026-03
HK0000056256,HK0000056256,000000000,China Traditional Chinese Medicine Holdings Co Ltd,,EC,HK,2026-03
KYG2161T1004,KYG2161T1004,N/A,Citychamp Watch & Jewellery Group Ltd,,EC,HK,2026-02
KYG2453A1085,KYG2453A1085,N/A,Country Garden Services Holdings Co Ltd,,EC,HK,2026-01
KYG2701R1011,KYG2701R1011,N/A,Crystal International Group Ltd,,EC,HK,2026-02
HK2356013600,HK2356013600,000000000,Dah Sing Banking Group Ltd,,EC,HK,2026-03
HK0440001847,HK0440001847,000000000,Dah Sing Financial Holdings Ltd,,EC,HK,2026-03
KYG2659T1094,KYG2659T1094,N/A,Datang Group Holdings Ltd,,EC,HK,2026-01
HK1126010854,HK1126010854,N/A,Dream International Ltd,,EC,HK,2026-02
BMG2889K1678,BMG2889K1678,,Dynamic Holdings Ltd,,EC,HK,2026-01
HK0000047982,HK0000047982,N/A,Emperor Watch & Jewellery Ltd,,EC,HK,2026-02
KYG3224K1022,KYG3224K1022,N/A,Evergrande Property Services Group Ltd,,EC,HK,2026-01
KYG3727N1088,KYG3727N1088,N/A,FSE Lifestyle Services Ltd,,EC,HK,2026-02
HK0000077468,HK0000077468,000000000,Far East Horizon Ltd,,EC,HK,2026-01
SG1O33912138,SG1O33912138,000000000,Fortune Real Estate Investment Trust,,EC,HK,2026-03
HK0656038673,HK0656038673,000000000,Fosun International Ltd,,EC,HK,2026-01
BMG4111M2019,BMG4111M2019,,G-Resources Group Ltd,,EC,HK,2026-02
HK0108000628,HK0108000628,N/A,GR Life Style Company Ltd,,EC,HK,2026-01
KYG410121084,KYG410121084,N/A,Greentown Service Group Co Ltd,,EC,HK,2026-01
KYG4181B1196,KYG4181B1196,N/A,Guangdong Hong Kong Greater Bay Area Holdings Ltd,,EC,HK,2026-01
HK0270001396,HK0270001396,000000000,Guangdong Investment Ltd,,EC,HK,2026-01
CNE100000569,CNE100000569,N/A,Guangzhou R&F Properties Co Ltd,,EC,HK,2026-01
HK0010000088,HK0010000088,000000000,Hang Lung Group Ltd,,EC,HK,2026-03
HK0101000591,HK0101000591,000000000,Hang Lung Properties Ltd,,EC,HK,2026-03
HK0000065349,HK0000065349,000000000,Hong Kong Technology Venture Co Ltd,,EC,HK,2026-03
HK0000218211,HK0000218211,000000000,Hua Hong Semiconductor Ltd,,EC,HK,2026-01
SG2D00968206,SG2D00968206,N/A,Hutchison Port Holdings Trust,,EC,HK,2026-02
KYG4672G1064,KYG4672G1064,N/A,Hutchison Telecommunications Hong Kong Holdings Ltd,,EC,HK,2026-02
HK0014000126,HK0014000126,000000000,Hysan Development Co Ltd,,EC,HK,2026-03
HK0001188587,HK0001188587,000000000,Jiaxin International Resources Investment Ltd,,EC,HK,2026-03
HK0992009065,HK0992009065,000000000,Lenovo Group Ltd,,EC,HK,2026-01
HK1208013172,HK1208013172,000000000,MMG Ltd,,EC,HK,2026-01
HK0200030994,HK0200030994,000000000,Melco International Development Ltd,,EC,HK,2026-03
KYG609201085,KYG609201085,N/A,Midea Real Estate Holding Ltd,,EC,HK,2026-01
BMG4491W1001,BMG4491W1001,,Midland Holdings Ltd,,EC,HK,2026-02
HK0000608585,HK0000608585,000000000,New World Development Co Ltd,,EC,HK,2026-03
CNE100005K85,CNE100005K85,N/A,Onewo Inc,,EC,HK,2026-01
BMG6773R1051,BMG6773R1051,,Oriental Watch Holdings,,EC,HK,2026-02
HK0008011667,HK0008011667,000000000,PCCW Ltd,,EC,HK,2026-03
HK0119000674,HK0119000674,N/A,Poly Property Group Co Ltd,,EC,HK,2026-01
CNE100003PV3,CNE100003PV3,N/A,Poly Property Services Co Ltd,,EC,HK,2026-01
HK0808032913,HK0808032913,N/A,Prosperity REIT,,EC,HK,2026-01
CNE100001ZS2,CNE100001ZS2,N/A,Red Star Macalline Group Corp Ltd,,EC,HK,2026-01
KYG748071019,KYG748071019,N/A,Regina Miracle International Holdings Ltd,,EC,HK,2026-02
HK0000735800,HK0000735800,N/A,SF Real Estate Investment Trust,,EC,HK,2026-01
HK0880043028,HK0880043028,000000000,SJM Holdings Ltd,,EC,HK,2026-03
KYG826001003,KYG826001003,N/A,SOHO China Ltd,,EC,HK,2026-01
KYG857001054,KYG857001054,N/A,SUNeVision Holdings Ltd,,EC,HK,2026-02
HK0604011236,HK0604011236,N/A,Shenzhen Investment Ltd,,EC,HK,2026-01
KYG810431042,KYG810431042,N/A,Shimao Group Holdings Ltd,,EC,HK,2026-01
HK0000592854,HK0000592854,N/A,Shoucheng Holdings Ltd,,EC,HK,2026-01
KYG811511131,KYG811511131,N/A,Shui On Land Ltd,,EC,HK,2026-01
HK0242001243,HK0242001243,N/A,Shun Tak Holdings Ltd,,EC,HK,2026-02
HK0716002271,HK0716002271,N/A,Singamas Container Holdings Ltd,,EC,HK,2026-02
HK3377040226,HK3377040226,N/A,Sino-Ocean Group Holding Ltd,,EC,HK,2026-01
HK3808041546,HK3808041546,000000000,Sinotruk Hong Kong Ltd,,EC,HK,2026-01
BMG8277H1530,BMG8277H1530,,Soundwill Holdings Ltd,,EC,HK,2026-02
KYG846981028,KYG846981028,N/A,Stella International Holdings Ltd,,EC,HK,2026-02
HK0086000525,HK0086000525,N/A,Sun Hung Kai & Co Ltd,,EC,HK,2026-02
HK0435036626,HK0435036626,000000000,Sunlight Real Estate Investment Trust,,EC,HK,2026-03
HK0000063609,HK0000063609,000000000,Swire Properties Ltd,,EC,HK,2026-03
KYG866191060,KYG866191060,N/A,Tai Hing Group Holdings Ltd,,EC,HK,2026-02
BMG8770Z1068,BMG8770Z1068,,Texwinca Holdings Ltd,,EC,HK,2026-02
KYG8917R1083,KYG8917R1083,N/A,Tomson Group Ltd,,EC,HK,2026-01
KYG8985W1042,KYG8985W1042,N/A,TradeGo Fintech Ltd,,EC,HK,2026-02
BMG9231L1081,BMG9231L1081,,United Energy Group Ltd,,EC,HK,2026-02
KYG8813K1085,KYG8813K1085,N/A,United Laboratories International Holdings Ltd/The,,EC,HK,2026-02
HK0345001611,HK0345001611,000000000,Vitasoy International Holdings Ltd,,EC,HK,2026-03
HK0000745908,HK0000745908,N/A,Yuexiu Property Co Ltd,,EC,HK,2026-01
HK0405033157,HK0405033157,000000000,Yuexiu Real Estate Investment Trust,,EC,HK,2026-03
HK0000746575,HK0000746575,N/A,Yuexiu Services Group Ltd,,EC,HK,2026-01
HU0000153937,HU0000153937,000000000,MOL Hungarian Oil & Gas PLC,,EC,HU,2026-01
ID1000191109,ID1000191109,000000000,Amman Mineral Internasional PT,,EC,ID,2026-01
ID1000139603,ID1000139603,N/A,Armidian Karyatama Tbk PT,,EC,ID,2026-01
ID1000122807,ID1000122807,000000000,Astra International Tbk PT,,EC,ID,2026-01
ID1000208309,ID1000208309,N/A,Bangun Kosambi Sukses PT,,EC,ID,2026-01
ID1000095003,ID1000095003,000000000,Bank Mandiri Persero Tbk PT,,EC,ID,2026-01
ID1000096605,ID1000096605,000000000,Bank Negara Indonesia Persero Tbk PT,,EC,ID,2026-01
ID1000118201,ID1000118201,000000000,Bank Rakyat Indonesia Persero Tbk PT,,EC,ID,2026-01
ID1000085707,ID1000085707,000000000,Barito Pacific Tbk PT,,EC,ID,2026-01
ID1000198500,ID1000198500,000000000,Barito Renewables Energy Tbk PT,,EC,ID,2026-01
ID1000117609,ID1000117609,000000000,Bumi Resources Minerals Tbk PT,,EC,ID,2026-01
ID1000110802,ID1000110802,N/A,Bumi Serpong Damai Tbk PT,,EC,ID,2026-01
SG2E67980267,SG2E67980267,N/A,Bumitama Agri Ltd,,EC,ID,2026-02
ID1000090301,ID1000090301,000000000,Chandra Asri Pacific Tbk PT,,EC,ID,2026-01
ID1000117708,ID1000117708,000000000,Charoen Pokphand Indonesia Tbk PT,,EC,ID,2026-01
ID1000115306,ID1000115306,N/A,Ciputra Development Tbk PT,,EC,ID,2026-01
ID1000166903,ID1000166903,000000000,GoTo Gojek Tokopedia Tbk PT,,EC,ID,2026-01
ID1000057003,ID1000057003,000000000,Indofood Sukses Makmur Tbk PT,,EC,ID,2026-01
ID1000072507,ID1000072507,N/A,Kawasan Industri Jababeka Tbk PT,,EC,ID,2026-01
ID1000108905,ID1000108905,N/A,Lippo Karawaci Tbk PT,,EC,ID,2026-01
ID1000052301,ID1000052301,N/A,MNC Tourism Indonesia Tbk PT,,EC,ID,2026-01
ID1000122500,ID1000122500,N/A,Pakuwon Jati Tbk PT,,EC,ID,2026-01
ID1000145303,ID1000145303,N/A,Pantai Indah Kapuk Dua Tbk PT,,EC,ID,2026-01
ID1000187206,ID1000187206,000000000,Petrindo Jaya Kreasi Tbk PT,,EC,ID,2026-01
ID1000104201,ID1000104201,N/A,Sentul City Tbk PT,,EC,ID,2026-01
ID1000128705,ID1000128705,000000000,Sumber Alfaria Trijaya Tbk PT,,EC,ID,2026-01
ID1000092406,ID1000092406,N/A,Summarecon Agung Tbk PT,,EC,ID,2026-01
ID1000129000,ID1000129000,000000000,Telkom Indonesia Persero Tbk PT,,EC,ID,2026-01
ID1000058407,ID1000058407,000000000,United Tractors Tbk PT,,EC,ID,2026-01
IE00BF0L3536,IE00BF0L3536,000000000,AIB Group PLC,,EC,IE,2026-01
IE00BD845X29,IE00BD845X29,000000000,Adient PLC,,EC,IE,2026-02
IE00BD1RP616,IE00BD1RP616,000000000,Bank of Ireland Group PLC,,EC,IE,2026-01
IE0002424939,IE0002424939,000000000,DCC PLC,,EC,IE,2026-01
IE0003LFZ4U7,IE0003LFZ4U7,G27907107,DOLE PUBLIC LIMITED COMPANY,,EC,IE,2026-01
IE000LK2BOB4,IE000LK2BOB4,N/A,Mural Oncology plc,,EC,IE,2025-06
IE00B91XRN20,IE00B91XRN20,000000000,Prothena Corp PLC,,EC,IE,2026-02
IE0000QBK8U7,IE0000QBK8U7,N/A,Trinseo plc,,EC,IE,2025-06
IL0010913544,IL0010913544,N/A,AFI Properties Ltd,,EC,IL,2026-02
IL0018200837,IL0018200837,N/A,Adgar Investment and Development Ltd,,EC,IL,2026-02
IL0010979487,IL0010979487,N/A,Africa Israel Residences Ltd,,EC,IL,2026-01
IL0010958358,IL0010958358,000000000,Airport City Ltd,,EC,IL,2026-03
IL0003900136,IL0003900136,000000000,Alony Hetz Properties & Investments Ltd,,EC,IL,2026-03
IL0010972789,IL0010972789,000000000,Amot Investments Ltd,,EC,IL,2026-03
IL0010806136,IL0010806136,N/A,Analyst IMS Investment Management Services Ltd,,EC,IL,2026-02
IL0011989105,IL0011989105,000000000,Ashdod Refinery Ltd,,EC,IL,2026-03
IL0003730194,IL0003730194,N/A,Aura Investments Ltd,,EC,IL,2026-01
IL0002090152,IL0002090152,N/A,Ayalon Holdings Ltd,,EC,IL,2026-02
IL0011194789,IL0011194789,000000000,Azrieli Group Ltd,,EC,IL,2026-01
IL0006046119,IL0006046119,000000000,Bank Leumi Le-Israel BM,,EC,IL,2026-01
IL0002300114,IL0002300114,000000000,Bezeq The Israeli Telecommunication Corp Ltd,,EC,IL,2026-03
IL0010972607,IL0010972607,000000000,Big Shopping Centers Ltd,,EC,IL,2026-03
IL0010985658,IL0010985658,N/A,Blue Square Real Estate Ltd,,EC,IL,2026-01
USM26CNT0697,USM26CNT0697,000000000,CONTRA CYBERARK SOFTWA,,EC,IL,2026-03
IL0011259137,IL0011259137,N/A,Caesarstone Ltd.,,EC,IL,2025-06
IL0010952641,IL0010952641,000000000,Camtek Ltd/Israel,,EC,IL,2026-03
IL0011879629,IL0011879629,N/A,Carasso Real Estate Ltd,,EC,IL,2026-01
IL0011015349,IL0011015349,N/A,Cellcom Israel Ltd,,EC,IL,2026-02
IL0011794802,IL0011794802,000000000,Cellebrite DI Ltd,,EC,IL,2026-03
IL0010851660,IL0010851660,M22013102,Ceragon Networks Ltd,,EC,IL,2026-02
IL0002240146,IL0002240146,000000000,Clal Insurance Enterprises Holdings Ltd,,EC,IL,2026-03
IL0010852080,IL0010852080,000000000,Compugen Ltd,,EC,IL,2026-03
IL0010841281,IL0010841281,000000000,Delek Group Ltd,,EC,IL,2026-03
IL0006270347,IL0006270347,N/A,Delta Galil Ltd,,EC,IL,2026-02
IL0011736993,IL0011736993,N/A,Delta Israel Brands Ltd,,EC,IL,2026-02
IL0011681868,IL0011681868,N/A,Direct Finance of Direct Group 2006 Ltd,,EC,IL,2026-02
IL0011667685,IL0011667685,M2841E104,Doral Group Renewable Energy Resources Ltd.,,EC,IL,2026-02
IL0010878242,IL0010878242,N/A,El Al Israel Airlines,,EC,IL,2026-02
IL0007390375,IL0007390375,000000000,Electra Ltd/Israel,,EC,IL,2026-03
IL0010940448,IL0010940448,N/A,Electra Real Estate Ltd,,EC,IL,2026-01
IL0007550176,IL0007550176,N/A,Equital Ltd,,EC,IL,2026-02
IL0007630119,IL0007630119,N/A,FIBI Holdings Ltd,,EC,IL,2026-02
IL0011434292,IL0011434292,N/A,Fattal Holdings 1998 Ltd,,EC,IL,2026-02
IL0005930388,IL0005930388,000000000,First International Bank Of Israel Ltd/The,,EC,IL,2026-03
IL0011582033,IL0011582033,000000000,Fiverr International Ltd,,EC,IL,2026-03
IL0010870223,IL0010870223,N/A,Fox Wizel Ltd,,EC,IL,2026-02
IL0001260111,IL0001260111,N/A,G City Ltd,,EC,IL,2026-01
IL0007590198,IL0007590198,000000000,Gav-Yam Lands Corp Ltd,,EC,IL,2026-03
IL0008230133,IL0008230133,N/A,Hagag Group Real Estate Development,,EC,IL,2026-01
IL0005850180,IL0005850180,000000000,Harel Insurance Investments & Financial Services Ltd,,EC,IL,2026-03
IL0011295016,IL0011295016,N/A,IDI Insurance Co Ltd,,EC,IL,2026-02
IL0010807530,IL0010807530,N/A,Ilex Medical Ltd,,EC,IL,2026-02
IL0011595993,IL0011595993,000000000,Inmode Ltd,,EC,IL,2026-03
IL0011745804,IL0011745804,000000000,Innoviz Technologies Ltd,,EC,IL,2026-03
IL0011574030,IL0011574030,000000000,Isracard Ltd,,EC,IL,2026-01
IL0004340191,IL0004340191,N/A,Israel Canada T.R Ltd,,EC,IL,2026-01
IL0005760173,IL0005760173,N/A,Israel Corp Ltd,,EC,IL,2026-02
IL0006912120,IL0006912120,000000000,Israel Discount Bank Ltd,,EC,IL,2026-01
IL0006120104,IL0006120104,N/A,Israel Land Development Co Ltd/The,,EC,IL,2026-01
IL0012029778,IL0012029778,N/A,Isras Holdings Ltd,,EC,IL,2026-02
IL0006130343,IL0006130343,N/A,Isras Investment Co Ltd,,EC,IL,2026-01
IL0010818685,IL0010818685,M6158M104,Ituran Location and Control Ltd,,EC,IL,2026-02
IL0011216723,IL0011216723,000000000,Kornit Digital Ltd,,EC,IL,2026-03
IL0011769812,IL0011769812,N/A,Libra Insurance Co Ltd,,EC,IL,2026-02
IL0011612640,IL0011612640,N/A,M Yochananof & Sons Ltd,,EC,IL,2026-02
IL0011316309,IL0011316309,N/A,MediWound Ltd.,,EC,IL,2025-06
IL0011044885,IL0011044885,000000000,Mega Or Holdings Ltd,,EC,IL,2026-03
IL0003230146,IL0003230146,000000000,Melisron Ltd,,EC,IL,2026-03
IL0011405730,IL0011405730,N/A,Menivim- The New REIT Ltd,,EC,IL,2026-01
IL0005660183,IL0005660183,000000000,Menora Mivtachim Holdings Ltd,,EC,IL,2026-03
IL0010811656,IL0010811656,000000000,Migdal Insurance & Financial Holdings Ltd,,EC,IL,2026-03
IL0002260193,IL0002260193,000000000,Mivne Real Estate KD Ltd,,EC,IL,2026-03
IL0011762130,IL0011762130,000000000,Monday.com Ltd,,EC,IL,2026-01
IL0011681371,IL0011681371,000000000,Nano-X Imaging Ltd,,EC,IL,2026-03
IL0006430156,IL0006430156,N/A,Naphtha Israel Petroleum Corp Ltd,,EC,IL,2026-02
IL0011765935,IL0011765935,000000000,Next Vision Stabilized Systems Ltd,,EC,IL,2026-03
IL0012165630,IL0012165630,M8T80P204,Nexxen International Ltd,,EC,IL,2026-02
IL0002730112,IL0002730112,000000000,Nice Ltd,,EC,IL,2026-01
PAL0605071A3,PAL0605071A3,N/A,Norstar Holdings Inc,,EC,IL,2026-02
IL0010845571,IL0010845571,000000000,Nova Ltd,,EC,IL,2026-01
IL0011708778,IL0011708778,M7622L102,O.Y. Nofar Energy Ltd.,,EC,IL,2026-02
IL0011415713,IL0011415713,000000000,OPC Energy Ltd,,EC,IL,2026-03
IL0011974909,IL0011974909,000000000,Oddity Tech Ltd,,EC,IL,2026-03
IL0025902482,IL0025902482,N/A,Oil Refineries Ltd,,EC,IL,2026-02
IL0012327503,IL0012327503,N/A,Orion Retail Properties Ltd,,EC,IL,2026-01
IL0006440130,IL0006440130,N/A,Palram Industries 1990 Ltd,,EC,IL,2026-02
IL0010834849,IL0010834849,N/A,Partner Communications Co Ltd,,EC,IL,2026-02
IL0011000077,IL0011000077,000000000,Paz Retail And Energy Ltd,,EC,IL,2026-03
IL0007670123,IL0007670123,000000000,Phoenix Financial Ltd,,EC,IL,2026-01
IL0010816036,IL0010816036,N/A,Plasson Industries Ltd,,EC,IL,2026-02
IL0011284465,IL0011284465,000000000,Plus500 Ltd,,EC,IL,2026-03
IL0011021289,IL0011021289,N/A,Prashkovsky Investments and Construction Ltd,,EC,IL,2026-01
IL0006990175,IL0006990175,N/A,Property & Building Corp Ltd,,EC,IL,2026-01
IL0011042491,IL0011042491,000000000,Rami Levy Chain Stores Hashikma Marketing 2006 Ltd,,EC,IL,2026-03
IL0010989205,IL0010989205,000000000,Reit 1 Ltd,,EC,IL,2026-03
US09073Q3039,US09073Q3039,09073Q303,Scinai Immunotherapeutics Ltd,,EC,IL,2026-03
IL0011096448,IL0011096448,N/A,Sella Capital Real Estate Ltd,,EC,IL,2026-01
IL0011338758,IL0011338758,000000000,Shapir Engineering and Industry Ltd,,EC,IL,2026-03
IL0010819428,IL0010819428,000000000,Shikun & Binui Ltd,,EC,IL,2026-03
IL0007770378,IL0007770378,000000000,Shufersal Ltd,,EC,IL,2026-03
IL0011418113,IL0011418113,N/A,Sisram Medical Ltd,,EC,IL,2026-02
IL0011267213,IL0011267213,000000000,Stratasys Ltd,,EC,IL,2026-03
IL0007460160,IL0007460160,000000000,Strauss Group Ltd,,EC,IL,2026-03
IL0010816861,IL0010816861,N/A,Summit Real Estate Holdings Ltd,,EC,IL,2026-01
IL0011590291,IL0011590291,000000000,Tel Aviv Stock Exchange Ltd,,EC,IL,2026-03
IL0011801730,IL0011801730,N/A,Tera Light Ltd,,EC,IL,2026-02
IL0001030100,IL0001030100,N/A,Tiv Taam Holdings 1 Ltd,,EC,IL,2026-02
IL0010823792,IL0010823792,000000000,Tower Semiconductor Ltd,,EC,IL,2026-03
IL0011407140,IL0011407140,000000000,UroGen Pharma Ltd,,EC,IL,2026-03
IL0011237778,IL0011237778,N/A,Victory Supermarket Chain Ltd,,EC,IL,2026-02
IL0011301780,IL0011301780,000000000,Wix.com Ltd,,EC,IL,2026-01
IL0010903156,IL0010903156,N/A,YH Dimri Construction & Development Ltd,,EC,IL,2026-01
IL0065100930,IL0065100930,000000000,ZIM Integrated Shipping Services Ltd,,EC,IL,2026-03
IM00BLCY1J27,IM00BLCY1J27,N/A,Lifezone Metals Ltd.,,EC,IM,2025-06
INE117A01022,INE117A01022,000000000,ABB India Ltd,,EC,IN,2026-01
INE702C01027,INE702C01027,000000000,APL Apollo Tubes Ltd,,EC,IN,2026-01
INE949L01017,INE949L01017,000000000,AU Small Finance Bank Ltd,,EC,IN,2026-01
INE423A01024,INE423A01024,000000000,Adani Enterprises Ltd,,EC,IN,2026-01
INE742F01042,INE742F01042,000000000,Adani Ports & Special Economic Zone Ltd,,EC,IN,2026-01
INE814H01029,INE814H01029,000000000,Adani Power Ltd,,EC,IN,2026-01
INE055A01016,INE055A01016,N/A,Aditya Birla Real Estate Ltd,,EC,IN,2026-01
INE298G01035,INE298G01035,N/A,Ajmera Realty & Infra India Ltd,,EC,IN,2026-01
INE426A01027,INE426A01027,N/A,Alembic Ltd,,EC,IN,2026-01
INE540L01014,INE540L01014,000000000,Alkem Laboratories Ltd,,EC,IN,2026-01
INE079A01024,INE079A01024,000000000,Ambuja Cements Ltd,,EC,IN,2026-01
INE242C01024,INE242C01024,N/A,Anant Raj Ltd,,EC,IN,2026-01
INE034S01021,INE034S01021,N/A,Arvind SmartSpaces Ltd,,EC,IN,2026-01
INE365D01021,INE365D01021,N/A,Ashiana Housing Ltd,,EC,IN,2026-01
INE208A01029,INE208A01029,000000000,Ashok Leyland Ltd,,EC,IN,2026-01
INE006I01046,INE006I01046,000000000,Astral Ltd,,EC,IN,2026-01
INE108V01019,INE108V01019,N/A,Awfis Space Solutions Ltd,,EC,IN,2026-01
INE118H01025,INE118H01025,000000000,BSE Ltd,,EC,IN,2026-01
INE296A01032,INE296A01032,000000000,Bajaj Finance Ltd,,EC,IN,2026-01
INE918I01026,INE918I01026,000000000,Bajaj Finserv Ltd,,EC,IN,2026-01
INE118A01012,INE118A01012,000000000,Bajaj Holdings & Investment Ltd,,EC,IN,2026-01
INE787D01026,INE787D01026,000000000,Balkrishna Industries Ltd,,EC,IN,2026-01
INE028A01039,INE028A01039,000000000,Bank of Baroda,,EC,IN,2026-01
INE263A01024,INE263A01024,000000000,Bharat Electronics Ltd,,EC,IN,2026-01
INE257A01026,INE257A01026,000000000,Bharat Heavy Electricals Ltd,,EC,IN,2026-01
INE029A01011,INE029A01011,000000000,Bharat Petroleum Corp Ltd,,EC,IN,2026-01
INE791I01019,INE791I01019,N/A,Brigade Enterprises Ltd,,EC,IN,2026-01
INE0FDU25010,INE0FDU25010,N/A,Brookfield India Real Estate Trust,,EC,IN,2026-01
INE067A01029,INE067A01029,000000000,CG Power & Industrial Solutions Ltd,,EC,IN,2026-01
INE476A01022,INE476A01022,000000000,Canara Bank,,EC,IN,2026-01
INE121A01024,INE121A01024,000000000,Cholamandalam Investment and Finance Co Ltd,,EC,IN,2026-01
INE169A01031,INE169A01031,000000000,Coromandel International Ltd,,EC,IN,2026-01
INE298A01020,INE298A01020,000000000,Cummins India Ltd,,EC,IN,2026-01
INE271C01023,INE271C01023,000000000,DLF Ltd,,EC,IN,2026-01
INE935N01020,INE935N01020,000000000,Dixon Technologies India Ltd,,EC,IN,2026-01
INE041025011,INE041025011,N/A,Embassy Office Parks REIT,,EC,IN,2026-01
INE069I01010,INE069I01010,N/A,Equinox India Developments Ltd,,EC,IN,2026-01
INE061F01013,INE061F01013,000000000,Fortis Healthcare Ltd,,EC,IN,2026-01
INE129A01019,INE129A01019,000000000,GAIL India Ltd,,EC,IN,2026-01
INE200A01026,INE200A01026,000000000,GE Vernova T&D India Ltd,,EC,IN,2026-01
INE776C01039,INE776C01039,000000000,GMR Airports Ltd,,EC,IN,2026-01
INE460C01014,INE460C01014,N/A,Ganesh Housing Ltd,,EC,IN,2026-01
INE484J01027,INE484J01027,000000000,Godrej Properties Ltd,,EC,IN,2026-01
INE127D01025,INE127D01025,000000000,HDFC Asset Management Co Ltd,,EC,IN,2026-01
INE176B01034,INE176B01034,000000000,Havells India Ltd,,EC,IN,2026-01
INE0AJG01018,INE0AJG01018,N/A,Hemisphere Properties India Ltd,,EC,IN,2026-01
INE158A01026,INE158A01026,000000000,Hero MotoCorp Ltd,,EC,IN,2026-01
INE038A01020,INE038A01020,000000000,Hindalco Industries Ltd,,EC,IN,2026-01
INE066F01020,INE066F01020,000000000,Hindustan Aeronautics Ltd,,EC,IN,2026-01
INE094A01015,INE094A01015,000000000,Hindustan Petroleum Corp Ltd,,EC,IN,2026-01
INE07Y701011,INE07Y701011,000000000,Hitachi Energy India Ltd,,EC,IN,2026-01
INE703H01016,INE703H01016,N/A,Hubtown Ltd,,EC,IN,2026-01
INE0V6F01027,INE0V6F01027,000000000,Hyundai Motor India Ltd,,EC,IN,2026-01
INE726G01019,INE726G01019,000000000,ICICI Prudential Life Insurance Co Ltd,,EC,IN,2026-01
INE092T01019,INE092T01019,000000000,IDFC First Bank Ltd,,EC,IN,2026-01
INE242A01010,INE242A01010,000000000,Indian Oil Corp Ltd,,EC,IN,2026-01
INE335Y01020,INE335Y01020,000000000,Indian Railway Catering & Tourism Corp Ltd,,EC,IN,2026-01
INE121J01017,INE121J01017,000000000,Indus Towers Ltd,,EC,IN,2026-01
INE663F01032,INE663F01032,000000000,Info Edge India Ltd,,EC,IN,2026-01
INE121E01018,INE121E01018,000000000,JSW Energy Ltd,,EC,IN,2026-01
INE019A01038,INE019A01038,000000000,JSW Steel Ltd,,EC,IN,2026-01
INE220G01021,INE220G01021,000000000,Jindal Stainless Ltd,,EC,IN,2026-01
INE749A01030,INE749A01030,000000000,Jindal Steel Ltd,,EC,IN,2026-01
INE758E01017,INE758E01017,000000000,Jio Financial Services Ltd,,EC,IN,2026-01
INE2KCE01013,INE2KCE01013,000000000,KWALITY WALL S INDIA LTD,,EC,IN,2026-01
INE303R01014,INE303R01014,000000000,Kalyan Jewellers India Ltd,,EC,IN,2026-01
INE263M01029,INE263M01029,N/A,Keystone Realtors Ltd,,EC,IN,2026-01
INE1JAR25012,INE1JAR25012,N/A,Knowledge Realty Trust,,EC,IN,2026-01
INE094I01018,INE094I01018,N/A,Kolte-Patil Developers Ltd,,EC,IN,2026-01
INE018A01030,INE018A01030,000000000,Larsen & Toubro Ltd,,EC,IN,2026-01
INE670K01029,INE670K01029,000000000,Lodha Developers Ltd,,EC,IN,2026-01
INE101A01026,INE101A01026,000000000,Mahindra & Mahindra Ltd,,EC,IN,2026-01
INE813A01018,INE813A01018,N/A,Mahindra Lifespace Developers Ltd,,EC,IN,2026-01
INE634S01028,INE634S01028,000000000,Mankind Pharma Ltd,,EC,IN,2026-01
INE182D01020,INE182D01020,N/A,Marathon Nextgen Realty Ltd,,EC,IN,2026-01
INE03EI01018,INE03EI01018,N/A,Max Estates Ltd,,EC,IN,2026-01
INE0CCU25019,INE0CCU25019,N/A,Mindspace Business Parks REIT,,EC,IN,2026-01
INE414G01012,INE414G01012,000000000,Muthoot Finance Ltd,,EC,IN,2026-01
INE317F01035,INE317F01035,N/A,NESCO Ltd,,EC,IN,2026-01
INE848E01016,INE848E01016,000000000,NHPC Ltd,,EC,IN,2026-01
INE584A01023,INE584A01023,000000000,NMDC Ltd,,EC,IN,2026-01
INE733E01010,INE733E01010,000000000,NTPC Ltd,,EC,IN,2026-01
INE0NDH25011,INE0NDH25011,N/A,Nexus Select Trust,,EC,IN,2026-01
INE093I01010,INE093I01010,000000000,Oberoi Realty Ltd,,EC,IN,2026-01
INE213A01029,INE213A01029,000000000,Oil & Natural Gas Corp Ltd,,EC,IN,2026-01
INE274J01014,INE274J01014,000000000,Oil India Ltd,,EC,IN,2026-01
INE982J01020,INE982J01020,000000000,One 97 Communications Ltd,,EC,IN,2026-01
INE881D01027,INE881D01027,000000000,Oracle Financial Services Software Ltd,,EC,IN,2026-01
INE347G01014,INE347G01014,000000000,Petronet LNG Ltd,,EC,IN,2026-01
INE211B01039,INE211B01039,000000000,Phoenix Mills Ltd/The,,EC,IN,2026-01
INE455K01017,INE455K01017,000000000,Polycab India Ltd,,EC,IN,2026-01
INE134E01011,INE134E01011,000000000,Power Finance Corp Ltd,,EC,IN,2026-01
INE811K01011,INE811K01011,000000000,Prestige Estates Projects Ltd,,EC,IN,2026-01
INE323I01011,INE323I01011,N/A,Puravankara Ltd,,EC,IN,2026-01
INE020B01018,INE020B01018,000000000,REC Ltd,,EC,IN,2026-01
INE1SY401010,INE1SY401010,N/A,Raymond Realty Ltd,,EC,IN,2026-01
INE018E01016,INE018E01016,000000000,SBI Cards & Payment Services Ltd,,EC,IN,2026-01
INE647A01010,INE647A01010,000000000,SRF Ltd,,EC,IN,2026-01
INE775A01035,INE775A01035,000000000,Samvardhana Motherson International Ltd,,EC,IN,2026-01
INE0PB301013,INE0PB301013,N/A,Shipping Corp of India Land And Assets Ltd,,EC,IN,2026-01
INE721A01047,INE721A01047,000000000,Shriram Finance Ltd,,EC,IN,2026-01
INE217L01019,INE217L01019,N/A,Shriram Properties Ltd,,EC,IN,2026-01
INE903U01023,INE903U01023,N/A,SignatureGlobal India Ltd,,EC,IN,2026-01
INE671H01015,INE671H01015,N/A,Sobha Ltd,,EC,IN,2026-01
INE343H01029,INE343H01029,000000000,Solar Industries India Ltd,,EC,IN,2026-01
INE0V9Q01010,INE0V9Q01010,N/A,Sri Lotus Developers And Realty Ltd,,EC,IN,2026-01
INE660A01013,INE660A01013,000000000,Sundaram Finance Ltd,,EC,IN,2026-01
INE805D01034,INE805D01034,N/A,Sunteck Realty Ltd,,EC,IN,2026-01
INE195A01028,INE195A01028,000000000,Supreme Industries Ltd,,EC,IN,2026-01
INE040H01021,INE040H01021,000000000,Suzlon Energy Ltd,,EC,IN,2026-01
INE0EK901012,INE0EK901012,N/A,TARC Ltd,,EC,IN,2026-01
INE151A01013,INE151A01013,000000000,Tata Communications Ltd,,EC,IN,2026-01
INE1TAE01010,INE1TAE01010,000000000,Tata Motors Ltd /new,,EC,IN,2026-01
INE155A01022,INE155A01022,000000000,Tata Motors Passenger Vehicles Limited,,EC,IN,2026-01
INE245A01021,INE245A01021,000000000,Tata Power Co Ltd/The,,EC,IN,2026-01
INE081A01020,INE081A01020,000000000,Tata Steel Ltd,,EC,IN,2026-01
INE813H01021,INE813H01021,000000000,Torrent Power Ltd,,EC,IN,2026-01
INE974X01010,INE974X01010,000000000,Tube Investments of India Ltd,,EC,IN,2026-01
INE628A01036,INE628A01036,000000000,UPL Ltd,,EC,IN,2026-01
INE692A01016,INE692A01016,000000000,Union Bank of India Ltd,,EC,IN,2026-01
INE694A01020,INE694A01020,N/A,Unitech Ltd,,EC,IN,2026-01
INE879I01012,INE879I01012,N/A,Valor Estate Ltd,,EC,IN,2026-01
INE200M01039,INE200M01039,000000000,Varun Beverages Ltd,,EC,IN,2026-01
INE205A01025,INE205A01025,000000000,Vedanta Ltd,,EC,IN,2026-01
INE01EA01019,INE01EA01019,000000000,Vishal Mega Mart Ltd,,EC,IN,2026-01
INE669E01016,INE669E01016,000000000,Vodafone Idea Ltd,,EC,IN,2026-01
INE226A01021,INE226A01021,000000000,Voltas Ltd,,EC,IN,2026-01
INE377N01017,INE377N01017,000000000,WAAREE Energies Ltd,,EC,IN,2026-01
INE528G01035,INE528G01035,000000000,Yes Bank Ltd,,EC,IN,2026-01
INE010B01027,INE010B01027,000000000,Zydus Lifesciences Ltd,,EC,IN,2026-01
IT0000784196,IT0000784196,000000000,Banca Popolare di Sondrio SPA,,EC,IT,2026-03
NL0013995087,NL0013995087,N/A,Cementir Holding NV,,EC,IT,2026-01
IT0005422768,IT0005422768,N/A,TREVI - Finanziaria Industriale SpA,,EC,IT,2026-02
JE00BTDN8H13,JE00BTDN8H13,000000000,Aptiv PLC,,EC,JE,2026-01
JE00BQBC8469,JE00BQBC8469,N/A,MAC Copper Ltd.,,EC,JE,2025-06
JE00BPG99318,JE00BPG99318,N/A,Waldencast plc,,EC,JE,2025-06
JP3352000008,JP3352000008,000000000,77 Bank Ltd/The,,EC,JP,2026-03
JP3160130005,JP3160130005,N/A,A&D HOLON Holdings Co Ltd,,EC,JP,2026-02
JP3160560003,JP3160560003,N/A,AD Works Group Co Ltd,,EC,JP,2026-02
JP3114800000,JP3114800000,000000000,ADEKA Corp,,EC,JP,2026-03
JP3047650001,JP3047650001,000000000,AEON REIT Investment Corp,,EC,JP,2026-03
JP3124700000,JP3124700000,N/A,AFC-HD AMS Life Science Co Ltd,,EC,JP,2026-02
JP3105350007,JP3105350007,N/A,AIMECHATEC Ltd,,EC,JP,2026-02
JP3431900004,JP3431900004,000000000,ALSOK Co Ltd,,EC,JP,2026-03
JP3105400000,JP3105400000,N/A,AOKI Holdings Inc,,EC,JP,2026-02
JP3100100001,JP3100100001,N/A,ARCLANDS CORP,,EC,JP,2026-02
JP3117200000,JP3117200000,N/A,ASAHI YUKIZAI CORP,,EC,JP,2026-02
JP3969530009,JP3969530009,N/A,Abalance Corp,,EC,JP,2026-02
JP3108060009,JP3108060009,N/A,Access Co Ltd,,EC,JP,2026-02
JP3108600002,JP3108600002,000000000,Acom Co Ltd,,EC,JP,2026-03
JP3047490002,JP3047490002,000000000,Activia Properties Inc,,EC,JP,2026-03
JP3047160001,JP3047160001,000000000,Advance Residence Investment Corp,,EC,JP,2026-03
JP3122150000,JP3122150000,000000000,Advanced Media Inc,,EC,JP,2026-03
JP3860270002,JP3860270002,N/A,Aeon Hokkaido Corp,,EC,JP,2026-02
JP3245400001,JP3245400001,N/A,Aeon Kyushu Co Ltd,,EC,JP,2026-02
JP3100600000,JP3100600000,N/A,Ahresty Corp,,EC,JP,2026-02
JP3100800006,JP3100800006,000000000,Aica Kogyo Co Ltd,,EC,JP,2026-03
JP3103200006,JP3103200006,N/A,Aichi Corp,,EC,JP,2026-02
JP3105250009,JP3105250009,000000000,Ain Holdings Inc,,EC,JP,2026-03
JP3105050003,JP3105050003,N/A,Aiphone Co Ltd,,EC,JP,2026-02
JP3160670000,JP3160670000,000000000,Air Water Inc,,EC,JP,2026-03
JP3841400009,JP3841400009,N/A,Airman Corp,,EC,JP,2026-02
JP3167240005,JP3167240005,N/A,Airtrip Corp,,EC,JP,2026-02
JP3101600009,JP3101600009,N/A,Aisan Industry Co Ltd,,EC,JP,2026-02
JP3108400007,JP3108400007,N/A,Akebono Brake Industry Co Ltd,,EC,JP,2026-02
JP3107600003,JP3107600003,000000000,Akita Bank Ltd/The,,EC,JP,2026-03
JP3126340003,JP3126340003,000000000,Alfresa Holdings Corp,,EC,JP,2026-03
JP3500050004,JP3500050004,N/A,Alleanza Holdings Co Ltd,,EC,JP,2026-02
JP3124900006,JP3124900006,N/A,Allied Telesis Holdings KK,,EC,JP,2026-02
JP3126470008,JP3126470008,N/A,Alpen Co Ltd,,EC,JP,2026-02
JP3124400007,JP3124400007,000000000,Amano Corp,,EC,JP,2026-03
JP3124500004,JP3124500004,N/A,Amuse Inc,,EC,JP,2026-02
JP3128660002,JP3128660002,N/A,Amvis Holdings Inc,,EC,JP,2026-02
JP3128800004,JP3128800004,000000000,Anritsu Corp,,EC,JP,2026-03
JP3125100002,JP3125100002,N/A,Arata Corp,,EC,JP,2026-02
JP3968600001,JP3968600001,000000000,Arcs Co Ltd,,EC,JP,2026-03
JP3167620008,JP3167620008,N/A,Arealink Co Ltd,,EC,JP,2026-01
JP3126000003,JP3126000003,N/A,Arisawa Manufacturing Co Ltd,,EC,JP,2026-02
JP3606600009,JP3606600009,N/A,Artience Co Ltd,,EC,JP,2026-02
JP3131300000,JP3131300000,000000000,As One Corp,,EC,JP,2026-03
JP3110500000,JP3110500000,N/A,Asahi Co Ltd,,EC,JP,2026-02
JP3112800002,JP3112800002,N/A,Asahi Kogyosha Co Ltd,,EC,JP,2026-02
JP3110000001,JP3110000001,N/A,Asanuma Corp,,EC,JP,2026-02
JP3389640008,JP3389640008,N/A,Asia Pile Holdings Corp,,EC,JP,2026-02
JP3150000002,JP3150000002,N/A,Astena Holdings Co Ltd,,EC,JP,2026-02
JP3121900009,JP3121900009,000000000,Atom Corp,,EC,JP,2026-03
JP3772400002,JP3772400002,N/A,Axial Retailing Inc,,EC,JP,2026-02
JP3937200008,JP3937200008,000000000,Azbil Corp,,EC,JP,2026-03
JP3835260005,JP3835260005,000000000,BASE Inc,,EC,JP,2026-03
JP3754200008,JP3754200008,000000000,BIPROGY Inc,,EC,JP,2026-03
JP3799700004,JP3799700004,N/A,BML Inc,,EC,JP,2026-02
JP3779000003,JP3779000003,N/A,Bando Chemical Industries Ltd,,EC,JP,2026-02
JP3648800005,JP3648800005,N/A,Bank of Nagoya Ltd/The,,EC,JP,2026-02
JP3835250006,JP3835250006,000000000,BayCurrent Inc,,EC,JP,2026-03
JP3835700000,JP3835700000,N/A,Belc Co Ltd,,EC,JP,2026-02
JP3800390001,JP3800390001,000000000,Bic Camera Inc,,EC,JP,2026-03
JP3831110006,JP3831110006,000000000,Blue Zones Holdings Co Ltd,,EC,JP,2026-03
JP3829940000,JP3829940000,N/A,Bookoff Group Holdings Ltd,,EC,JP,2026-02
JP3921080002,JP3921080002,N/A,Buffalo Inc /Japan,,EC,JP,2026-02
JP3851600001,JP3851600001,000000000,CCI Group Inc,,EC,JP,2026-03
JP3346350006,JP3346350006,N/A,CE Holdings Co Ltd,,EC,JP,2026-02
JP3048690006,JP3048690006,N/A,CENTRAL REIT Investment Corp,,EC,JP,2026-01
JP3346800000,JP3346800000,000000000,CKD Corp,,EC,JP,2026-03
JP3712000003,JP3712000003,N/A,CMK Corp,,EC,JP,2026-02
JP3048680007,JP3048680007,N/A,CRE Logistics REIT Inc,,EC,JP,2026-01
JP3269780007,JP3269780007,N/A,CREAL Inc,,EC,JP,2026-02
JP3281900005,JP3281900005,N/A,CTI Engineering Co Ltd,,EC,JP,2026-02
JP3347080008,JP3347080008,N/A,CUC Inc,,EC,JP,2026-02
JP3244550004,JP3244550004,000000000,Can Do Co Ltd,,EC,JP,2026-03
JP3205320009,JP3205320009,N/A,Carlit Co Ltd,,EC,JP,2026-02
JP3226450009,JP3226450009,N/A,Cawachi Ltd,,EC,JP,2026-02
JP3425000001,JP3425000001,N/A,Central Glass Co Ltd,,EC,JP,2026-02
JP3507750002,JP3507750002,000000000,Change Holdings Inc,,EC,JP,2026-03
JP3512740006,JP3512740006,N/A,Charm Care Corp KK,,EC,JP,2026-02
JP3528200003,JP3528200003,N/A,Chori Co Ltd,,EC,JP,2026-02
JP3525400002,JP3525400002,N/A,Chubu Shiryo Co Ltd,,EC,JP,2026-02
JP3524600008,JP3524600008,N/A,Chubu Steel Plate Co Ltd,,EC,JP,2026-02
JP3513400006,JP3513400006,N/A,Chuetsu Pulp & Paper Co Ltd,,EC,JP,2026-02
JP3519800001,JP3519800001,N/A,Chugai Ro Co Ltd,,EC,JP,2026-02
JP3520700000,JP3520700000,000000000,Chugin Financial Group Inc,,EC,JP,2026-03
JP3522600000,JP3522600000,N/A,Chugoku Marine Paints Ltd,,EC,JP,2026-02
JP3517800003,JP3517800003,N/A,Chuo Spring Co Ltd,,EC,JP,2026-02
JP3293200006,JP3293200006,000000000,Coca-Cola Bottlers Japan Holdings Inc,,EC,JP,2026-03
JP3305970000,JP3305970000,000000000,Colowide Co Ltd,,EC,JP,2026-03
JP3970200006,JP3970200006,N/A,Cosmos Initia Co Ltd,,EC,JP,2026-01
JP3298400007,JP3298400007,000000000,Cosmos Pharmaceutical Corp,,EC,JP,2026-03
JP3269940007,JP3269940007,N/A,Create SD Holdings Co Ltd,,EC,JP,2026-02
JP3269700005,JP3269700005,000000000,Creek & River Co Ltd,,EC,JP,2026-03
JP3271100004,JP3271100004,N/A,Cresco Ltd,,EC,JP,2026-02
JP3311590008,JP3311590008,000000000,Cyber Security Cloud Inc,,EC,JP,2026-03
JP3475000000,JP3475000000,N/A,DKS Co Ltd,,EC,JP,2026-02
JP3495400008,JP3495400008,N/A,Dai Nippon Toryo Co Ltd,,EC,JP,2026-02
JP3486000007,JP3486000007,000000000,Dai-Dan Co Ltd,,EC,JP,2026-03
JP3485800001,JP3485800001,000000000,Daicel Corp,,EC,JP,2026-03
JP3497000004,JP3497000004,N/A,Daihatsu Infinearth Mfg Co Ltd,,EC,JP,2026-02
JP3497800007,JP3497800007,000000000,Daihen Corp,,EC,JP,2026-03
JP3475800003,JP3475800003,N/A,Daiichi Jitsugyo Co Ltd,,EC,JP,2026-02
JP3474350000,JP3474350000,N/A,Daiichi Kigenso Kagaku-Kogyo Co Ltd,,EC,JP,2026-02
JP3475200006,JP3475200006,000000000,Daiichikosho Co Ltd,,EC,JP,2026-03
JP3483100008,JP3483100008,N/A,Daikoku Denki Co Ltd,,EC,JP,2026-02
JP3483050005,JP3483050005,N/A,Daikokutenbussan Co Ltd,,EC,JP,2026-02
JP3481300006,JP3481300006,N/A,Daikyonishikawa Corp,,EC,JP,2026-02
JP3492200005,JP3492200005,N/A,Dainichiseika Color & Chemicals Manufacturing Co Ltd,,EC,JP,2026-02
JP3485600005,JP3485600005,000000000,Daiseki Co Ltd,,EC,JP,2026-03
JP3483850008,JP3483850008,000000000,Daishi Hokuetsu Financial Group Inc,,EC,JP,2026-03
JP3485400000,JP3485400000,N/A,Daisue Construction Co Ltd,,EC,JP,2026-02
JP3486150000,JP3486150000,N/A,Daito Pharmaceutical Co Ltd,,EC,JP,2026-02
JP3487600003,JP3487600003,N/A,Daitron Co Ltd,,EC,JP,2026-02
JP3505000004,JP3505000004,000000000,Daiwa House Industry Co Ltd,,EC,JP,2026-01
JP3046390005,JP3046390005,000000000,Daiwa House REIT Investment Corp,,EC,JP,2026-03
JP3046310003,JP3046310003,000000000,Daiwa Office Investment Corp,,EC,JP,2026-03
JP3046410001,JP3046410001,000000000,Daiwa Securities Living Investments Corp,,EC,JP,2026-03
JP3505400006,JP3505400006,000000000,Daiwabo Holdings Co Ltd,,EC,JP,2026-03
JP3548720006,JP3548720006,N/A,Dear Life Co Ltd,,EC,JP,2026-01
JP3551440005,JP3551440005,N/A,Densan System Holdings Co Ltd,,EC,JP,2026-02
JP3548770001,JP3548770001,000000000,Dexerials Corp,,EC,JP,2026-03
JP3197730009,JP3197730009,N/A,Digital Holdings Inc,,EC,JP,2026-02
JP3548600000,JP3548600000,000000000,Disco Corp,,EC,JP,2026-01
JP3638000004,JP3638000004,N/A,Doshisha Co Ltd,,EC,JP,2026-02
JP3505900005,JP3505900005,000000000,Duskin Co Ltd,,EC,JP,2026-03
JP3164470001,JP3164470001,N/A,EDION Corp,,EC,JP,2026-02
JP3130480001,JP3130480001,N/A,EJ Holdings Inc,,EC,JP,2026-02
JP3130050002,JP3130050002,N/A,ERI Holdings Co Ltd,,EC,JP,2026-02
JP3048810000,JP3048810000,N/A,ESCON Japan Reit Investment Corp,,EC,JP,2026-01
JP3254200003,JP3254200003,000000000,EXEO Group Inc,,EC,JP,2026-03
JP3130400009,JP3130400009,N/A,Eagle Industry Co Ltd,,EC,JP,2026-02
JP3165950001,JP3165950001,N/A,Ebara Jitsugyo Co Ltd,,EC,JP,2026-02
JP3161180009,JP3161180009,N/A,Eco's Co Ltd/Japan,,EC,JP,2026-02
JP3166400006,JP3166400006,N/A,Ehime Bank Ltd/The,,EC,JP,2026-02
JP3651080008,JP3651080008,N/A,Eizo Corp,,EC,JP,2026-02
JP3168200008,JP3168200008,N/A,Elecom Co Ltd,,EC,JP,2026-02
JP3169800004,JP3169800004,N/A,Enplas Corp,,EC,JP,2026-02
JP3169750001,JP3169750001,N/A,Envipro Holdings Inc,,EC,JP,2026-02
JP3635900008,JP3635900008,000000000,Eternal Hospitality Group Co Ltd,,EC,JP,2026-03
JP3161160001,JP3161160001,N/A,Exedy Corp,,EC,JP,2026-02
JP3802940001,JP3802940001,N/A,FIDEA Holdings Co Ltd,,EC,JP,2026-02
JP3801450002,JP3801450002,000000000,FINDEX Inc,,EC,JP,2026-03
JP3167000003,JP3167000003,000000000,FP Corp,,EC,JP,2026-03
JP3816400000,JP3816400000,000000000,FUJI OIL CO LTD /Osaka,,EC,JP,2026-03
JP3803030000,JP3803030000,N/A,FaithNetwork Co Ltd,,EC,JP,2026-02
JP3802960009,JP3802960009,000000000,Feed One Co Ltd,,EC,JP,2026-03
JP3166990006,JP3166990006,000000000,Financial Partners Group Co Ltd,,EC,JP,2026-03
JP3802830004,JP3802830004,N/A,Fintech Global Inc,,EC,JP,2026-02
JP3632150003,JP3632150003,N/A,First Bank of Toyama Ltd/The,,EC,JP,2026-02
JP3802950000,JP3802950000,000000000,Fixstars Corp,,EC,JP,2026-03
JP3802740005,JP3802740005,000000000,Focus Systems Corp,,EC,JP,2026-03
JP3802800007,JP3802800007,000000000,Foster Electric Co Ltd,,EC,JP,2026-03
JP3826520003,JP3826520003,000000000,Freee KK,,EC,JP,2026-03
JP3944630007,JP3944630007,000000000,Fronteo Inc,,EC,JP,2026-03
JP3046200006,JP3046200006,000000000,Frontier Real Estate Investment Corp,,EC,JP,2026-03
JP3807000009,JP3807000009,N/A,FuKoKu Co Ltd,,EC,JP,2026-02
JP3825600004,JP3825600004,N/A,Fudo Tetra Corp,,EC,JP,2026-02
JP3807400001,JP3807400001,N/A,Fuji Co Ltd/Ehime,,EC,JP,2026-02
JP3809200003,JP3809200003,000000000,Fuji Corp/Aichi,,EC,JP,2026-03
JP3813800004,JP3813800004,000000000,Fuji Seal International Inc,,EC,JP,2026-03
JP3820800005,JP3820800005,N/A,Fujibo Holdings Inc,,EC,JP,2026-02
JP3811600000,JP3811600000,N/A,Fujikura Composites Inc,,EC,JP,2026-02
JP3806000000,JP3806000000,N/A,Fukuda Denshi Co Ltd,,EC,JP,2026-02
JP3803600000,JP3803600000,N/A,Fukui Bank Ltd/The,,EC,JP,2026-02
JP3805010000,JP3805010000,000000000,Fukuoka Financial Group Inc,,EC,JP,2026-03
JP3046240002,JP3046240002,N/A,Fukuoka REIT Corp,,EC,JP,2026-01
JP3825800000,JP3825800000,000000000,Funai Soken Holdings Inc,,EC,JP,2026-03
JP3828400006,JP3828400006,N/A,Furuno Electric Co Ltd,,EC,JP,2026-02
JP3828850002,JP3828850002,N/A,Furuya Metal Co Ltd,,EC,JP,2026-02
JP3822600007,JP3822600007,N/A,Fuso Chemical Co Ltd,,EC,JP,2026-02
JP3824000008,JP3824000008,N/A,Futaba Industrial Co Ltd,,EC,JP,2026-02
JP3172450003,JP3172450003,N/A,G-7 Holdings Inc,,EC,JP,2026-02
JP3236750000,JP3236750000,N/A,G-Tekt Corp,,EC,JP,2026-02
JP3386670008,JP3386670008,000000000,GA Technologies Co Ltd/Japan,,EC,JP,2026-03
JP3503800009,JP3503800009,N/A,GLOBERIDE Inc,,EC,JP,2026-02
JP3386550002,JP3386550002,N/A,GMO Financial Holdings Inc,,EC,JP,2026-02
JP3276000001,JP3276000001,N/A,GSI Creos Corp,,EC,JP,2026-02
JP3234200008,JP3234200008,N/A,Gakken Holdings Co Ltd,,EC,JP,2026-02
JP3234400004,JP3234400004,000000000,Gakujo Co Ltd,,EC,JP,2026-03
JP3282270002,JP3282270002,N/A,Gamecard Holdings Inc,,EC,JP,2026-02
JP3225500002,JP3225500002,N/A,Gecoss Corp,,EC,JP,2026-02
JP3282750003,JP3282750003,N/A,Genky DrugStores Co Ltd,,EC,JP,2026-02
JP3282400005,JP3282400005,N/A,Geo Holdings Corp,,EC,JP,2026-02
JP3044520009,JP3044520009,N/A,Global One Real Estate Investment Corp,,EC,JP,2026-01
JP3307800007,JP3307800007,000000000,Godo Steel Ltd,,EC,JP,2026-03
JP3306800008,JP3306800008,N/A,Goldcrest Co Ltd,,EC,JP,2026-01
JP3306600002,JP3306600002,000000000,Goldwin Inc,,EC,JP,2026-03
JP3273750004,JP3273750004,N/A,Good Com Asset Co Ltd,,EC,JP,2026-01
JP3274090004,JP3274090004,N/A,Greens Co Ltd,,EC,JP,2026-02
JP3795200009,JP3795200009,N/A,H-One Co Ltd,,EC,JP,2026-02
JP3822000000,JP3822000000,000000000,H.U. Group Holdings Inc,,EC,JP,2026-03
JP3774600005,JP3774600005,N/A,H2O Retailing Corp,,EC,JP,2026-02
JP3699600007,JP3699600007,N/A,HI-LEX CORP,,EC,JP,2026-02
JP3160740001,JP3160740001,000000000,HIS Co Ltd,,EC,JP,2026-03
JP3160790006,JP3160790006,N/A,HS Holdings Co Ltd,,EC,JP,2026-02
JP3769000005,JP3769000005,000000000,Hachijuni Nagano Bank Ltd,,EC,JP,2026-03
JP3765500008,JP3765500008,N/A,Hagihara Industries Inc,,EC,JP,2026-02
JP3765600006,JP3765600006,N/A,Hagiwara Electric Holdings Co Ltd,,EC,JP,2026-02
JP3766550002,JP3766550002,000000000,Hakuhodo DY Holdings Inc,,EC,JP,2026-03
JP3766400000,JP3766400000,N/A,Hakuto Co Ltd,,EC,JP,2026-02
JP3773750009,JP3773750009,N/A,Halows Co Ltd,,EC,JP,2026-02
JP3771150004,JP3771150004,N/A,Hamakyorex Co Ltd,,EC,JP,2026-02
JP3771800004,JP3771800004,000000000,Hamamatsu Photonics KK,,EC,JP,2026-03
JP3046320002,JP3046320002,000000000,Hankyu Hanshin REIT Inc,,EC,JP,2026-03
JP3770300006,JP3770300006,N/A,Happinet Corp,,EC,JP,2026-02
JP3765150002,JP3765150002,000000000,Harmonic Drive Systems Inc,,EC,JP,2026-03
JP3047910009,JP3047910009,N/A,Health Care & Medical Investment Corp,,EC,JP,2026-01
JP3834800009,JP3834800009,N/A,Heiwa Real Estate Co Ltd,,EC,JP,2026-01
JP3046220004,JP3046220004,000000000,Heiwa Real Estate REIT Inc,,EC,JP,2026-03
JP3834400008,JP3834400008,N/A,Heiwado Co Ltd,,EC,JP,2026-02
JP3795800006,JP3795800006,N/A,Hirano Tecseed Co Ltd/Kinzoku,,EC,JP,2026-02
JP3795300007,JP3795300007,N/A,Hirata Corp,,EC,JP,2026-02
JP3796150005,JP3796150005,000000000,Hirogin Holdings Inc,,EC,JP,2026-03
JP3799000009,JP3799000009,000000000,Hirose Electric Co Ltd,,EC,JP,2026-03
JP3837400005,JP3837400005,N/A,Hochiki Corp,,EC,JP,2026-02
JP3852600000,JP3852600000,N/A,Hodogaya Chemical Co Ltd,,EC,JP,2026-02
JP3851000004,JP3851000004,N/A,Hokko Chemical Industry Co Ltd,,EC,JP,2026-02
JP3842400008,JP3842400008,000000000,Hokuhoku Financial Group Inc,,EC,JP,2026-03
JP3844600001,JP3844600001,N/A,Hokuriku Electric Industry Co Ltd,,EC,JP,2026-02
JP3845670003,JP3845670003,N/A,Hokuryo Co Ltd/Hokkaido,,EC,JP,2026-02
JP3843250006,JP3843250006,N/A,Hokuto Corp,,EC,JP,2026-02
JP3047610005,JP3047610005,000000000,Hoshino Resorts REIT Inc,,EC,JP,2026-03
JP3846000002,JP3846000002,N/A,Hosokawa Micron Corp,,EC,JP,2026-02
JP3765400001,JP3765400001,000000000,House Foods Group Inc,,EC,JP,2026-03
JP3840600005,JP3840600005,N/A,Howa Machinery Ltd,,EC,JP,2026-02
JP3360800001,JP3360800001,000000000,Hulic Co Ltd,,EC,JP,2026-01
JP3047660000,JP3047660000,000000000,Hulic Reit Inc,,EC,JP,2026-03
JP3793800008,JP3793800008,000000000,Hyakugo Bank Ltd/The,,EC,JP,2026-03
JP3100680002,JP3100680002,N/A,I-NE Co Ltd,,EC,JP,2026-02
JP3380200000,JP3380200000,N/A,IDEA Consultants Inc,,EC,JP,2026-02
JP3235700006,JP3235700006,N/A,IDOM Inc,,EC,JP,2026-02
JP3104910009,JP3104910009,N/A,IPS Inc,,EC,JP,2026-02
JP3104880004,JP3104880004,000000000,ITmedia Inc,,EC,JP,2026-03
JP3048160000,JP3048160000,N/A,Ichigo Hotel REIT Investment Corp,,EC,JP,2026-01
JP3120010008,JP3120010008,N/A,Ichigo Inc,,EC,JP,2026-01
JP3046300004,JP3046300004,000000000,Ichigo Office REIT Investment Corp,,EC,JP,2026-03
JP3142100001,JP3142100001,N/A,Ichinen Holdings Co Ltd,,EC,JP,2026-02
JP3131200002,JP3131200002,000000000,Iino Kaiun Kaisha Ltd,,EC,JP,2026-03
JP3146200005,JP3146200005,000000000,Inaba Denki Sangyo Co Ltd,,EC,JP,2026-03
JP3146000009,JP3146000009,N/A,Inabata & Co Ltd,,EC,JP,2026-02
JP3046500009,JP3046500009,000000000,Industrial & Infrastructure Fund Investment Corp,,EC,JP,2026-03
JP3105000008,JP3105000008,N/A,Ines Corp,,EC,JP,2026-02
JP3153480003,JP3153480003,000000000,Infomart Corp,,EC,JP,2026-03
JP3147800001,JP3147800001,N/A,Innotech Corp,,EC,JP,2026-02
JP3152790006,JP3152790006,000000000,Intage Holdings Inc,,EC,JP,2026-03
JP3152910000,JP3152910000,N/A,Integral Corp,,EC,JP,2026-02
JP3046190009,JP3046190009,000000000,Invincible Investment Corp,,EC,JP,2026-03
JP3149800009,JP3149800009,000000000,Iriso Electronics Co Ltd,,EC,JP,2026-03
JP3139600005,JP3139600005,N/A,Iseki & Co Ltd,,EC,JP,2026-02
JP3136800004,JP3136800004,N/A,Ishihara Sangyo Kaisha Ltd,,EC,JP,2026-02
JP3143000002,JP3143000002,000000000,Ito En Ltd,,EC,JP,2026-03
JP3143000101,JP3143000101,N/A,Ito En Ltd,,EC,JP,2026-02
JP3143700007,JP3143700007,N/A,Itochu-Shokuhin Co Ltd,,EC,JP,2026-02
JP3144500000,JP3144500000,000000000,Itoham Yonekyu Holdings Inc,,EC,JP,2026-03
JP3149950002,JP3149950002,N/A,IwaiCosmo Holdings Inc,,EC,JP,2026-02
JP3149700001,JP3149700001,000000000,Iyogin Holdings Inc,,EC,JP,2026-03
JP3138400001,JP3138400001,000000000,Izumi Co Ltd,,EC,JP,2026-03
JP3386380004,JP3386380004,000000000,J Front Retailing Co Ltd,,EC,JP,2026-03
JP3142350002,JP3142350002,N/A,J Trust Co Ltd,,EC,JP,2026-02
JP3840000008,JP3840000008,N/A,J-Oil Mills Inc,,EC,JP,2026-02
JP3389400007,JP3389400007,N/A,JANOME Corp,,EC,JP,2026-02
JP3701000006,JP3701000006,000000000,JCR Pharmaceuticals Co Ltd,,EC,JP,2026-03
JP3714200007,JP3714200007,N/A,JINUSHI Co Ltd,,EC,JP,2026-01
JP3389570007,JP3389570007,N/A,JK Holdings Co Ltd,,EC,JP,2026-02
JP3389690003,JP3389690003,N/A,JM Holdings Co Ltd,,EC,JP,2026-02
JP3386630002,JP3386630002,N/A,JSB Co Ltd,,EC,JP,2026-01
JP3386000008,JP3386000008,N/A,JSP Corp,,EC,JP,2026-02
JP3292200007,JP3292200007,000000000,JTEKT Corp,,EC,JP,2026-03
JP3379550001,JP3379550001,000000000,JX Advanced Metals Corp,,EC,JP,2026-01
JP3388600003,JP3388600003,N/A,Jaccs Co Ltd,,EC,JP,2026-02
JP3984120000,JP3984120000,000000000,Jade Group Inc/Japan,,EC,JP,2026-03
JP3746810005,JP3746810005,N/A,Japan Business Systems Inc,,EC,JP,2026-02
JP3697800005,JP3697800005,N/A,Japan Cash Machine Co Ltd,,EC,JP,2026-02
JP3735300000,JP3735300000,N/A,Japan Electronic Materials Corp,,EC,JP,2026-02
JP3389510003,JP3389510003,000000000,Japan Elevator Service Holdings Co Ltd,,EC,JP,2026-03
JP3046420000,JP3046420000,000000000,Japan Excellent Inc,,EC,JP,2026-03
JP3046400002,JP3046400002,000000000,Japan Hotel REIT Investment Corp,,EC,JP,2026-03
JP3754500001,JP3754500001,N/A,Japan Lifeline Co Ltd,,EC,JP,2026-02
JP3046230003,JP3046230003,000000000,Japan Logistics Fund Inc,,EC,JP,2026-03
JP3039710003,JP3039710003,000000000,Japan Metropolitan Fund Invest,,EC,JP,2026-03
JP3040890000,JP3040890000,000000000,Japan Prime Realty Investment Corp,,EC,JP,2026-03
JP3695050009,JP3695050009,N/A,Japan Property Management Center  Co Ltd,,EC,JP,2026-01
JP3694000005,JP3694000005,N/A,Japan Pulp & Paper Co Ltd,,EC,JP,2026-02
JP3027680002,JP3027680002,000000000,Japan Real Estate Investment Corp,,EC,JP,2026-03
JP3739600009,JP3739600009,N/A,Japan Transcity Corp,,EC,JP,2026-02
JP3735000006,JP3735000006,000000000,Jeol Ltd,,EC,JP,2026-03
JP3393000009,JP3393000009,N/A,Joshin Denki Co Ltd,,EC,JP,2026-02
JP3390400004,JP3390400004,N/A,Juki Corp,,EC,JP,2026-02
JP3392650002,JP3392650002,000000000,Juroku Financial Group Inc,,EC,JP,2026-03
JP3277150003,JP3277150003,000000000,K's Holdings Corp,,EC,JP,2026-03
JP3226300006,JP3226300006,N/A,KAWADA TECHNOLOGIES Inc,,EC,JP,2026-02
JP3046270009,JP3046270009,000000000,KDX Realty Investment Corp,,EC,JP,2026-03
JP3281610000,JP3281610000,N/A,KEIWA Inc,,EC,JP,2026-02
JP3277040006,JP3277040006,N/A,KH Neochem Co Ltd,,EC,JP,2026-02
JP3260400001,JP3260400001,000000000,KNT-CT Holdings Co Ltd,,EC,JP,2026-03
JP3244700005,JP3244700005,N/A,KRS Corp,,EC,JP,2026-02
JP3214350005,JP3214350005,000000000,Kadokawa Corp,,EC,JP,2026-03
JP3210200006,JP3210200006,000000000,Kajima Corp,,EC,JP,2026-01
JP3207000005,JP3207000005,000000000,Kaken Pharmaceutical Co Ltd,,EC,JP,2026-03
JP3219400003,JP3219400003,N/A,Kamei Corp,,EC,JP,2026-02
JP3219000001,JP3219000001,000000000,Kamigumi Co Ltd,,EC,JP,2026-03
JP3215200001,JP3215200001,N/A,Kanamoto Co Ltd,,EC,JP,2026-02
JP3230600003,JP3230600003,000000000,Kandenko Co Ltd,,EC,JP,2026-03
JP3232600001,JP3232600001,N/A,Kanto Denka Kogyo Co Ltd,,EC,JP,2026-02
JP3050870009,JP3050870009,N/A,Kasumigaseki Hotel REIT Investment Corp,,EC,JP,2026-01
JP3932950003,JP3932950003,000000000,Katitas Co Ltd,,EC,JP,2026-03
JP3213300001,JP3213300001,N/A,Kato Sangyo Co Ltd,,EC,JP,2026-02
JP3279000008,JP3279000008,N/A,Keihanshin Building Co Ltd,,EC,JP,2026-01
JP3280200001,JP3280200001,000000000,Keikyu Corp,,EC,JP,2026-03
JP3277800003,JP3277800003,000000000,Keio Corp,,EC,JP,2026-03
JP3281600001,JP3281600001,N/A,Keiyo Bank Ltd/The,,EC,JP,2026-02
JP3281850002,JP3281850002,N/A,Kenko Mayonnaise Co Ltd,,EC,JP,2026-02
JP3236300004,JP3236300004,000000000,Key Coffee Inc,,EC,JP,2026-03
JP3236200006,JP3236200006,000000000,Keyence Corp,,EC,JP,2026-01
JP3241500002,JP3241500002,N/A,Kibun Foods Inc,,EC,JP,2026-02
JP3242000002,JP3242000002,N/A,Kimura Chemical Plants Co Ltd,,EC,JP,2026-02
JP3260800002,JP3260800002,000000000,Kintetsu Group Holdings Co Ltd,,EC,JP,2026-03
JP3236330001,JP3236330001,000000000,Kioxia Holdings Corp,,EC,JP,2026-01
JP3240900005,JP3240900005,N/A,Kitoku Shinryo Co Ltd,,EC,JP,2026-02
JP3240700009,JP3240700009,N/A,Kitz Corp,,EC,JP,2026-02
JP3283400004,JP3283400004,N/A,Koa Corp,,EC,JP,2026-02
JP3283420002,JP3283420002,N/A,Koa Shoji Holdings Co Ltd,,EC,JP,2026-02
JP3288600004,JP3288600004,N/A,Kodensha Co Ltd/The,,EC,JP,2026-02
JP3283460008,JP3283460008,000000000,Koei Tecmo Holdings Co Ltd,,EC,JP,2026-03
JP3284600008,JP3284600008,000000000,Koito Manufacturing Co Ltd,,EC,JP,2026-03
JP3297380002,JP3297380002,N/A,Kojima Co Ltd,,EC,JP,2026-02
JP3305600003,JP3305600003,N/A,Komeri Co Ltd,,EC,JP,2026-02
JP3300800004,JP3300800004,N/A,Konishi Co Ltd,,EC,JP,2026-02
JP3288970001,JP3288970001,N/A,Konoike Transport Co Ltd,,EC,JP,2026-02
JP3289000006,JP3289000006,N/A,Konoshima Chemical Co Ltd,,EC,JP,2026-02
JP3287700003,JP3287700003,000000000,Kosaido Holdings Co Ltd,,EC,JP,2026-03
JP3283650004,JP3283650004,000000000,Kose Holdings Corp,,EC,JP,2026-03
JP3297360004,JP3297360004,N/A,Koshidaka Holdings Co Ltd,,EC,JP,2026-02
JP3299600001,JP3299600001,000000000,Kotobuki Spirits Co Ltd,,EC,JP,2026-03
JP3247050002,JP3247050002,000000000,Kraftia Corp,,EC,JP,2026-03
JP3272400007,JP3272400007,N/A,Krosaki Harima Corp,,EC,JP,2026-02
JP3267600009,JP3267600009,N/A,Kumiai Chemical Industry Co Ltd,,EC,JP,2026-02
JP3268800004,JP3268800004,N/A,Kurabo Industries Ltd,,EC,JP,2026-02
JP3271600003,JP3271600003,000000000,Kureha Corp,,EC,JP,2026-03
JP3266190002,JP3266190002,000000000,Kusuri no Aoki Holdings Co Ltd,,EC,JP,2026-03
JP3249600002,JP3249600002,000000000,Kyocera Corp,,EC,JP,2026-01
JP3247400009,JP3247400009,N/A,Kyoei Steel Ltd,,EC,JP,2026-02
JP3257200000,JP3257200000,N/A,Kyokuyo Co Ltd,,EC,JP,2026-02
JP3253900009,JP3253900009,000000000,Kyoritsu Maintenance Co Ltd,,EC,JP,2026-03
JP3252200005,JP3252200005,000000000,Kyoto Financial Group Inc,,EC,JP,2026-03
JP3246500007,JP3246500007,000000000,Kyushu Financial Group Inc,,EC,JP,2026-03
JP3247000007,JP3247000007,N/A,Kyushu Leasing Service Co Ltd,,EC,JP,2026-02
JP3968300008,JP3968300008,N/A,LA Holdings Co Ltd/Japan,,EC,JP,2026-01
JP3966660007,JP3966660007,000000000,LIFENET INSURANCE CO,,EC,JP,2026-03
JP3758140002,JP3758140002,N/A,LIFULL Co Ltd,,EC,JP,2026-02
JP3386120004,JP3386120004,000000000,LIKE Inc,,EC,JP,2026-03
JP3048180008,JP3048180008,000000000,LaSalle Logiport REIT,,EC,JP,2026-03
JP3967250006,JP3967250006,N/A,Lacto Japan Co Ltd,,EC,JP,2026-02
JP3979200007,JP3979200007,000000000,Lasertec Corp,,EC,JP,2026-01
JP3966600003,JP3966600003,N/A,Life Corp,,EC,JP,2026-02
JP3626800001,JP3626800001,000000000,Lixil Corp,,EC,JP,2026-03
JP3968000004,JP3968000004,N/A,Luckland Co Ltd,,EC,JP,2026-02
JP3167420003,JP3167420003,N/A,MCJ Co Ltd,,EC,JP,2026-02
JP3919200000,JP3919200000,000000000,MEITEC Group Holdings Inc,,EC,JP,2026-03
JP3921260000,JP3921260000,N/A,METAWATER Co Ltd,,EC,JP,2026-02
JP3907150001,JP3907150001,N/A,MIMAKI ENGINEERING CO LTD,,EC,JP,2026-02
JP3048750008,JP3048750008,N/A,MIRARTH Real Estate Investment Corp,,EC,JP,2026-01
JP3870000001,JP3870000001,000000000,Mabuchi Motor Co Ltd,,EC,JP,2026-03
JP3862960006,JP3862960006,000000000,Macnica Holdings Inc,,EC,JP,2026-03
JP3860400005,JP3860400005,N/A,Maezawa Industries Inc,,EC,JP,2026-02
JP3870300005,JP3870300005,N/A,Mamiya-Op Co Ltd,,EC,JP,2026-02
JP3869920003,JP3869920003,000000000,Mani Inc,,EC,JP,2026-03
JP3048290005,JP3048290005,N/A,Marimo Regional Revitalization REIT Inc,,EC,JP,2026-01
JP3860220007,JP3860220007,N/A,Mars Group Holdings Corp,,EC,JP,2026-02
JP3877500003,JP3877500003,N/A,Marubun Corp,,EC,JP,2026-02
JP3871200006,JP3871200006,000000000,Maruichi Steel Tube Ltd,,EC,JP,2026-03
JP3879250003,JP3879250003,000000000,Maruwa Co Ltd/Aichi,,EC,JP,2026-03
JP3876000005,JP3876000005,N/A,Maruzen Showa Unyu Co Ltd,,EC,JP,2026-02
JP3860230006,JP3860230006,N/A,Marvelous Inc,,EC,JP,2026-02
JP3869200000,JP3869200000,000000000,Matsuya Co Ltd,,EC,JP,2026-03
JP3791800000,JP3791800000,N/A,Maxell Ltd,,EC,JP,2026-02
JP3268950007,JP3268950007,000000000,Medipal Holdings Corp,,EC,JP,2026-03
JP3947800003,JP3947800003,N/A,Megmilk Snow Brand Co Ltd,,EC,JP,2026-02
JP3916200003,JP3916200003,N/A,Meiji Shipping Group Co Ltd,,EC,JP,2026-02
JP3916100005,JP3916100005,000000000,Meiko Network Japan Co Ltd,,EC,JP,2026-03
JP3918200001,JP3918200001,N/A,Meisei Industrial Co Ltd,,EC,JP,2026-02
JP3921270009,JP3921270009,000000000,Menicon Co Ltd,,EC,JP,2026-03
JP3481200008,JP3481200008,000000000,Metaplanet Inc,,EC,JP,2026-03
JP3332510001,JP3332510001,N/A,Mie Kotsu Group Holdings Inc,,EC,JP,2026-02
JP3882800000,JP3882800000,N/A,Mikuni Corp,,EC,JP,2026-02
JP3910650005,JP3910650005,000000000,Milbon Co Ltd,,EC,JP,2026-03
JP3905950006,JP3905950006,N/A,Ministop Co Ltd,,EC,JP,2026-02
JP3048370005,JP3048370005,N/A,Mirai Corp,,EC,JP,2026-01
JP3460800000,JP3460800000,J80744105,Mirarth Holdings Inc,,EC,JP,2026-01
JP3886200009,JP3886200009,N/A,Mitachi Co Ltd,,EC,JP,2026-02
JP3895200008,JP3895200008,N/A,Mitsuba Corp,,EC,JP,2026-02
JP3048480002,JP3048480002,000000000,Mitsubishi Estate Logistics REIT Investment Corp,,EC,JP,2026-03
JP3902200009,JP3902200009,N/A,Mitsubishi Research Institute Inc,,EC,JP,2026-02
JP3890400009,JP3890400009,N/A,Mitsui DM Sugar Co Ltd,,EC,JP,2026-02
JP3046440008,JP3046440008,000000000,Mitsui Fudosan Accommodations Fund Inc,,EC,JP,2026-03
JP3048300002,JP3048300002,000000000,Mitsui Fudosan Logistics Park Inc,,EC,JP,2026-03
JP3892400007,JP3892400007,000000000,Mitsui High-Tec Inc,,EC,JP,2026-03
JP3894000003,JP3894000003,N/A,Mitsui Matsushima Holdings Co Ltd,,EC,JP,2026-02
JP3891200002,JP3891200002,000000000,Mitsui-Soko Holdings Co Ltd,,EC,JP,2026-03
JP3894400005,JP3894400005,N/A,Mitsuuroko Group Holdings Co Ltd,,EC,JP,2026-02
JP3880800002,JP3880800002,000000000,Miura Co Ltd,,EC,JP,2026-03
JP3908700002,JP3908700002,N/A,Miyaji Engineering Group Inc,,EC,JP,2026-02
JP3910400005,JP3910400005,N/A,Miyoshi Oil & Fat Co Ltd,,EC,JP,2026-02
JP3286500008,JP3286500008,N/A,Mizuho Leasing Co Ltd,,EC,JP,2026-02
JP3885900005,JP3885900005,N/A,Mizuho Medy Co Ltd,,EC,JP,2026-02
JP3888250002,JP3888250002,000000000,Modec Inc,,EC,JP,2026-03
JP3046470005,JP3046470005,000000000,Mori Hills REIT Investment Corp,,EC,JP,2026-03
JP3046170001,JP3046170001,000000000,Mori Trust Reit Inc,,EC,JP,2026-03
JP3926400007,JP3926400007,000000000,Morinaga & Co Ltd/Japan,,EC,JP,2026-03
JP3927450001,JP3927450001,N/A,Moriroku Co Ltd,,EC,JP,2026-02
JP3925600003,JP3925600003,N/A,Morita Holdings Corp,,EC,JP,2026-02
JP3912500000,JP3912500000,N/A,Mugen Estate Co Ltd,,EC,JP,2026-01
JP3913400002,JP3913400002,N/A,Muto Seiko Co,,EC,JP,2026-02
JP3695200000,JP3695200000,000000000,NGK Insulators Ltd,,EC,JP,2026-03
JP3688370000,JP3688370000,000000000,NIPPON EXPRESS HOLDINGS INC,,EC,JP,2026-03
JP3047750009,JP3047750009,000000000,NIPPON REIT Investment Corp,,EC,JP,2026-03
JP3680000001,JP3680000001,N/A,NITTAN Corp,,EC,JP,2026-02
JP3753400005,JP3753400005,000000000,NOF Corp,,EC,JP,2026-03
JP3164800009,JP3164800009,000000000,NOK Corp,,EC,JP,2026-03
JP3970700005,JP3970700005,N/A,NPR-RIKEN CORP,,EC,JP,2026-02
JP3164810008,JP3164810008,000000000,NS Group Inc,,EC,JP,2026-01
JP3379900008,JP3379900008,000000000,NS Solutions Corp,,EC,JP,2026-03
JP3385000009,JP3385000009,N/A,NS United Kaiun Kaisha Ltd,,EC,JP,2026-02
JP3712600000,JP3712600000,000000000,NSD Co Ltd,,EC,JP,2026-03
JP3041770003,JP3041770003,000000000,NTT UD REIT Investment Corp,,EC,JP,2026-03
JP3813200007,JP3813200007,000000000,Nachi-Fujikoshi Corp,,EC,JP,2026-03
JP3648350001,JP3648350001,N/A,Nagano Keiki Co Ltd,,EC,JP,2026-02
JP3647800006,JP3647800006,000000000,Nagase & Co Ltd,,EC,JP,2026-03
JP3647600000,JP3647600000,N/A,Nagase Brothers Inc,,EC,JP,2026-02
JP3648700007,JP3648700007,000000000,Nagawa Co Ltd,,EC,JP,2026-03
JP3642500007,JP3642500007,000000000,Nakanishi Inc,,EC,JP,2026-03
JP3646400006,JP3646400006,N/A,Nakayama Steel Works Ltd,,EC,JP,2026-02
JP3653000004,JP3653000004,000000000,Nankai Electric Railway Co Ltd,,EC,JP,2026-03
JP3652600002,JP3652600002,N/A,Nankai Tatsumura Construction Co Ltd,,EC,JP,2026-02
JP3758280006,JP3758280006,N/A,Netstars Co Ltd,,EC,JP,2026-02
JP3758240000,JP3758240000,000000000,NexTone Inc,,EC,JP,2026-03
JP3660400007,JP3660400007,000000000,Nichias Corp,,EC,JP,2026-03
JP3664400003,JP3664400003,N/A,Nichimo Co Ltd,,EC,JP,2026-02
JP3665600007,JP3665600007,N/A,Nichireki Group Co Ltd,,EC,JP,2026-02
JP3665000000,JP3665000000,N/A,Nichirin Co Ltd,,EC,JP,2026-02
JP3756200006,JP3756200006,000000000,Nifco Inc/Japan,,EC,JP,2026-03
JP3737800007,JP3737800007,N/A,Nihon Dempa Kogyo Co Ltd,,EC,JP,2026-02
JP3783500006,JP3783500006,N/A,Nihon House Holdings Co Ltd,,EC,JP,2026-02
JP3706800004,JP3706800004,000000000,Nihon Kohden Corp,,EC,JP,2026-03
JP3689050007,JP3689050007,000000000,Nihon M&A Center Holdings Inc,,EC,JP,2026-03
JP3741800001,JP3741800001,N/A,Nihon Nohyaku Co Ltd,,EC,JP,2026-02
JP3744600002,JP3744600002,000000000,Nihon Parkerizing Co Ltd,,EC,JP,2026-03
JP3752800007,JP3752800007,N/A,Nihon Yamamura Glass Co Ltd,,EC,JP,2026-02
JP3723000000,JP3723000000,N/A,Nippn Corp,,EC,JP,2026-02
JP3732600006,JP3732600006,N/A,Nippon Beet Sugar Manufacturing Co Ltd,,EC,JP,2026-02
JP3690000009,JP3690000009,N/A,Nippon Carbide Industries Co Inc,,EC,JP,2026-02
JP3691600005,JP3691600005,N/A,Nippon Chemical Industrial Co Ltd,,EC,JP,2026-02
JP3889610006,JP3889610006,N/A,Nippon Coke & Engineering Co Ltd,,EC,JP,2026-02
JP3708400001,JP3708400001,N/A,Nippon Concrete Industries Co Ltd,,EC,JP,2026-02
JP3736200001,JP3736200001,N/A,Nippon Densetsu Kogyo Co Ltd,,EC,JP,2026-02
JP3740800002,JP3740800002,N/A,Nippon Dry-Chemical Co Ltd,,EC,JP,2026-02
JP3695600001,JP3695600001,000000000,Nippon Gas Co Ltd,,EC,JP,2026-03
JP3048310001,JP3048310001,N/A,Nippon Hotel & Residential Investment Corp,,EC,JP,2026-01
JP3694400007,JP3694400007,000000000,Nippon Kayaku Co Ltd,,EC,JP,2026-03
JP3707000000,JP3707000000,N/A,Nippon Kodoshi Corp,,EC,JP,2026-02
JP3047550003,JP3047550003,000000000,Nippon Prologis REIT Inc,,EC,JP,2026-03
JP3510600004,JP3510600004,N/A,Nippon Rietec Co Ltd,,EC,JP,2026-02
JP3720600000,JP3720600000,N/A,Nippon Seiki Co Ltd,,EC,JP,2026-02
JP3721800005,JP3721800005,N/A,Nippon Seisen Co Ltd,,EC,JP,2026-02
JP3713600009,JP3713600009,N/A,Nippon Sharyo Ltd,,EC,JP,2026-02
JP3717600005,JP3717600005,000000000,Nippon Shinyaku Co Ltd,,EC,JP,2026-03
JP3715200006,JP3715200006,000000000,Nippon Shokubai Co Ltd,,EC,JP,2026-03
JP3716000009,JP3716000009,N/A,Nippon Signal Co Ltd,,EC,JP,2026-02
JP3726200003,JP3726200003,N/A,Nippon Soda Co Ltd,,EC,JP,2026-02
JP3732200005,JP3732200005,000000000,Nippon Television Holdings Inc,,EC,JP,2026-03
JP3739400004,JP3739400004,N/A,Nippon Thompson Co Ltd,,EC,JP,2026-02
JP3752600001,JP3752600001,N/A,Nippon Yakin Kogyo Co Ltd,,EC,JP,2026-02
JP3658850007,JP3658850007,000000000,Nishi-Nippon Financial Holdings Inc,,EC,JP,2026-03
JP3658800002,JP3658800002,000000000,Nishi-Nippon Railroad Co Ltd,,EC,JP,2026-03
JP3657550004,JP3657550004,N/A,Nishikawa Rubber Co Ltd,,EC,JP,2026-02
JP3659200004,JP3659200004,000000000,Nishimatsu Construction Co Ltd,,EC,JP,2026-03
JP3657500009,JP3657500009,N/A,Nishio Holdings Co Ltd,,EC,JP,2026-02
JP3672000001,JP3672000001,N/A,Nissan Shatai Co Ltd,,EC,JP,2026-02
JP3587800008,JP3587800008,N/A,Nissan Tokyo Sales Holdings Co Ltd,,EC,JP,2026-02
JP3678200001,JP3678200001,000000000,Nissei ASB Machine Co Ltd,,EC,JP,2026-03
JP3677900007,JP3677900007,N/A,Nisshin Group Holdings Co Ltd,,EC,JP,2026-01
JP3682400001,JP3682400001,N/A,Nitto Kogyo Corp,,EC,JP,2026-02
JP3684800000,JP3684800000,N/A,Nittoc Construction Co Ltd,,EC,JP,2026-02
JP3684700002,JP3684700002,N/A,Nittoku Co Ltd,,EC,JP,2026-02
JP3761600000,JP3761600000,000000000,Nojima Corp,,EC,JP,2026-03
JP3762400004,JP3762400004,N/A,Nomura Co Ltd,,EC,JP,2026-02
JP3762950008,JP3762950008,N/A,Nomura Micro Science Co Ltd,,EC,JP,2026-02
JP3762900003,JP3762900003,000000000,Nomura Real Estate Holdings Inc,,EC,JP,2026-03
JP3048110005,JP3048110005,000000000,Nomura Real Estate Master Fund Inc,,EC,JP,2026-03
JP3759500006,JP3759500006,N/A,Noritsu Koki Co Ltd,,EC,JP,2026-02
JP3759400009,JP3759400009,N/A,Noritz Corp,,EC,JP,2026-02
JP3843400007,JP3843400007,N/A,North Pacific Bank Ltd,,EC,JP,2026-02
JP3172100004,JP3172100004,000000000,OKUMA Corp,,EC,JP,2026-03
JP3173400007,JP3173400007,000000000,Obic Co Ltd,,EC,JP,2026-01
JP3176000002,JP3176000002,000000000,Ogaki Kyoritsu Bank Ltd/The,,EC,JP,2026-03
JP3174190003,JP3174190003,000000000,Oisix ra daichi Inc,,EC,JP,2026-03
JP3190800007,JP3190800007,N/A,Okasan Securities Group Inc,,EC,JP,2026-02
JP3194650002,JP3194650002,N/A,Okinawa Cellular Telephone Co,,EC,JP,2026-02
JP3194750000,JP3194750000,000000000,Okinawa Financial Group Inc,,EC,JP,2026-03
JP3178400002,JP3178400002,N/A,Okura Industrial Co Ltd,,EC,JP,2026-02
JP3172150009,JP3172150009,N/A,Okuwa Co Ltd,,EC,JP,2026-02
JP3047640002,JP3047640002,N/A,One REIT Inc,,EC,JP,2026-01
JP3197600004,JP3197600004,000000000,Ono Pharmaceutical Co Ltd,,EC,JP,2026-03
JP3203500008,JP3203500008,N/A,Onward Holdings Co Ltd,,EC,JP,2026-02
JP3197700002,JP3197700002,N/A,Optex Group Co Ltd,,EC,JP,2026-02
JP3197760006,JP3197760006,N/A,Optorun Co Ltd,,EC,JP,2026-02
JP3201600008,JP3201600008,000000000,Organo Corp,,EC,JP,2026-03
JP3199000005,JP3199000005,N/A,Orient Corp,,EC,JP,2026-02
JP3197950003,JP3197950003,N/A,Oriental Shiraishi Corp,,EC,JP,2026-02
JP3040880001,JP3040880001,000000000,Orix JREIT Inc,,EC,JP,2026-03
JP3485900009,JP3485900009,000000000,Osaka Soda Co Ltd,,EC,JP,2026-03
JP3184600009,JP3184600009,N/A,Osaka Steel Co Ltd,,EC,JP,2026-02
JP3187600006,JP3187600006,N/A,Osaki Electric Co Ltd,,EC,JP,2026-02
JP3782200004,JP3782200004,000000000,PALTAC Corp,,EC,JP,2026-03
JP3747800005,JP3747800005,N/A,PILLAR Corp /Japan,,EC,JP,2026-02
JP3801400007,JP3801400007,N/A,PS Construction Co Ltd,,EC,JP,2026-02
JP3448400006,JP3448400006,N/A,Pacific Industrial Co Ltd,,EC,JP,2026-02
JP3345900009,JP3345900009,N/A,Pack Corp/The,,EC,JP,2026-02
JP3836300008,JP3836300008,N/A,Pegasus Co Ltd,,EC,JP,2026-02
JP3836750004,JP3836750004,000000000,PeptiDream Inc,,EC,JP,2026-03
JP3802310007,JP3802310007,000000000,Pharma Foods International Co Ltd,,EC,JP,2026-03
JP3801600002,JP3801600002,000000000,Pigeon Corp,,EC,JP,2026-03
JP3780610006,JP3780610006,000000000,Pilot Corp,,EC,JP,2026-03
JP3855900001,JP3855900001,000000000,Pola Orbis Holdings Inc,,EC,JP,2026-03
JP3833620002,JP3833620002,N/A,Prestige International Inc,,EC,JP,2026-02
JP3833200003,JP3833200003,N/A,Prima Meat Packers Ltd,,EC,JP,2026-02
JP3981200003,JP3981200003,000000000,RENOVA Inc,,EC,JP,2026-03
JP3976200000,JP3976200000,N/A,RYODEN CORP,,EC,JP,2026-02
JP3965800000,JP3965800000,N/A,Raito Kogyo Co Ltd,,EC,JP,2026-02
JP3331600001,JP3331600001,N/A,Raiznext Corp,,EC,JP,2026-02
JP3967170006,JP3967170006,000000000,Rakus Co Ltd,,EC,JP,2026-03
JP3967220009,JP3967220009,000000000,Rakuten Bank Ltd,,EC,JP,2026-03
JP3967450002,JP3967450002,N/A,Rasa Corp,,EC,JP,2026-02
JP3967400007,JP3967400007,N/A,Rasa Industries Ltd,,EC,JP,2026-02
JP3974900007,JP3974900007,000000000,Remixpoint Inc,,EC,JP,2026-03
JP3981400009,JP3981400009,000000000,Rengo Co Ltd,,EC,JP,2026-03
JP3368000000,JP3368000000,000000000,Resonac Holdings Corp,,EC,JP,2026-03
JP3974450003,JP3974450003,000000000,Resorttrust Inc,,EC,JP,2026-03
JP3944360001,JP3944360001,N/A,Restar Corp,,EC,JP,2026-02
JP3873200004,JP3873200004,N/A,Retail Partners Co Ltd,,EC,JP,2026-02
JP3979400003,JP3979400003,N/A,Rheon Automatic Machinery Co Ltd,,EC,JP,2026-02
JP3974100004,JP3974100004,N/A,Ricoh Leasing Co Ltd,,EC,JP,2026-02
JP3972600005,JP3972600005,N/A,Riken Vitamin Co Ltd,,EC,JP,2026-02
JP3977400005,JP3977400005,000000000,Rinnai Corp,,EC,JP,2026-03
JP3974300000,JP3974300000,000000000,Riso Kyoiku Group Corp,,EC,JP,2026-03
JP3984200000,JP3984200000,000000000,Rock Field Co Ltd,,EC,JP,2026-03
JP3982200002,JP3982200002,000000000,Rorze Corp,,EC,JP,2026-03
JP3966800009,JP3966800009,000000000,Round One Corp,,EC,JP,2026-03
JP3975800008,JP3975800008,N/A,Ryobi Ltd,,EC,JP,2026-02
JP3976500003,JP3976500003,N/A,Ryoyu Systems Co Ltd,,EC,JP,2026-02
JP3163900008,JP3163900008,N/A,S-Pool Inc,,EC,JP,2026-02
JP3471200000,JP3471200000,N/A,SAXA Inc,,EC,JP,2026-02
JP3163500006,JP3163500006,N/A,SBS Holdings Inc,,EC,JP,2026-02
JP3161600006,JP3161600006,N/A,SEC Carbon Ltd,,EC,JP,2026-02
JP3423750003,JP3423750003,N/A,SERENDIP HOLDINGS Co Ltd,,EC,JP,2026-02
JP3162770006,JP3162770006,000000000,SG Holdings Co Ltd,,EC,JP,2026-01
JP3355400007,JP3355400007,000000000,SHIFT Inc,,EC,JP,2026-03
JP3360250009,JP3360250009,000000000,SHO-BOND Holdings Co Ltd,,EC,JP,2026-03
JP3162640001,JP3162640001,N/A,SK-Electronics Co Ltd,,EC,JP,2026-02
JP3396350005,JP3396350005,000000000,SKY Perfect JSAT Holdings Inc,,EC,JP,2026-03
JP3162350007,JP3162350007,000000000,SMS Co Ltd,,EC,JP,2026-03
JP3048960003,JP3048960003,N/A,SOSiLA Logistics REIT Inc,,EC,JP,2026-01
JP3161450006,JP3161450006,N/A,SRA Holdings,,EC,JP,2026-02
JP3161320001,JP3161320001,N/A,SRE Holdings Corp,,EC,JP,2026-01
JP3324410004,JP3324410004,000000000,SUNWELS Co Ltd,,EC,JP,2026-03
JP3312800000,JP3312800000,N/A,Sakai Chemical Industry Co Ltd,,EC,JP,2026-02
JP3314800008,JP3314800008,N/A,Sakata INX Corp,,EC,JP,2026-02
JP3315000004,JP3315000004,000000000,Sakata Seed Corp,,EC,JP,2026-03
JP3310350008,JP3310350008,N/A,Sala Corp,,EC,JP,2026-02
JP3047960004,JP3047960004,N/A,Samty Residential Investment Corp,,EC,JP,2026-01
JP3333500001,JP3333500001,N/A,San ju San Financial Group Inc,,EC,JP,2026-02
JP3324500002,JP3324500002,N/A,San-A Co Ltd,,EC,JP,2026-02
JP3323600001,JP3323600001,N/A,San-Ai Obbli Co Ltd,,EC,JP,2026-02
JP3336750009,JP3336750009,000000000,SanBio Co Ltd,,EC,JP,2026-03
JP3330000005,JP3330000005,N/A,Sangetsu Corp,,EC,JP,2026-02
JP3048880003,JP3048880003,N/A,Sankei Real Estate Inc,,EC,JP,2026-01
JP3325600009,JP3325600009,N/A,Sanki Engineering Co Ltd,,EC,JP,2026-02
JP3330900006,JP3330900006,N/A,Sanko Gosei Ltd,,EC,JP,2026-02
JP3330800008,JP3330800008,N/A,Sanko Metal Industrial Co Ltd,,EC,JP,2026-02
JP3326800004,JP3326800004,N/A,Sankyo Tateyama Inc,,EC,JP,2026-02
JP3325200008,JP3325200008,N/A,Sanoh Industrial Co Ltd,,EC,JP,2026-02
JP3332540008,JP3332540008,000000000,Sansan Inc,,EC,JP,2026-03
JP3334800004,JP3334800004,N/A,Sansei Technologies Inc,,EC,JP,2026-02
JP3333200008,JP3333200008,N/A,Sanshin Electronics Co Ltd,,EC,JP,2026-02
JP3340800006,JP3340800006,N/A,Sanyo Denki Co Ltd,,EC,JP,2026-02
JP3341600009,JP3341600009,N/A,Sanyo Electric Railway Co Ltd,,EC,JP,2026-02
JP3339400008,JP3339400008,N/A,Sanyo Shokai Ltd,,EC,JP,2026-02
JP3342500000,JP3342500000,N/A,Sanyo Trading Co Ltd,,EC,JP,2026-02
JP3321400008,JP3321400008,N/A,Sato Corp,,EC,JP,2026-02
JP3322300009,JP3322300009,N/A,Satori Electric Co Ltd,,EC,JP,2026-02
JP3323040000,JP3323040000,000000000,Sawai Group Holdings Co Ltd,,EC,JP,2026-03
JP3913600007,JP3913600007,N/A,Scroll Corp,,EC,JP,2026-02
JP3347000006,JP3347000006,N/A,Seed Co Ltd/Tokyo,,EC,JP,2026-02
JP3414200000,JP3414200000,N/A,Seika Corp,,EC,JP,2026-02
JP3414600001,JP3414600001,N/A,Seikitokyu Kogyo Co Ltd,,EC,JP,2026-02
JP3414700009,JP3414700009,000000000,Seiko Group Corp,,EC,JP,2026-03
JP3047820000,JP3047820000,000000000,Sekisui House Reit Inc,,EC,JP,2026-03
JP3424400004,JP3424400004,N/A,Senshu Electric Co Ltd,,EC,JP,2026-02
JP3132600002,JP3132600002,N/A,Senshu Ikeda Holdings Inc,,EC,JP,2026-02
JP3423520000,JP3423520000,000000000,Seria Co Ltd,,EC,JP,2026-03
JP3105220002,JP3105220002,000000000,Seven Bank Ltd,,EC,JP,2026-03
JP3355000005,JP3355000005,000000000,Shibaura Mechatronics Corp,,EC,JP,2026-03
JP3356000004,JP3356000004,N/A,Shibuya Corp,,EC,JP,2026-02
JP3347600003,JP3347600003,000000000,Shiga Bank Ltd/The,,EC,JP,2026-03
JP3350800003,JP3350800003,000000000,Shikoku Electric Power Co Inc,,EC,JP,2026-03
JP3349600001,JP3349600001,N/A,Shikoku Kasei Holdings Corp,,EC,JP,2026-02
JP3357200009,JP3357200009,000000000,Shimadzu Corp,,EC,JP,2026-01
JP3358200008,JP3358200008,000000000,Shimamura Co Ltd,,EC,JP,2026-03
JP3380250005,JP3380250005,N/A,Shin Nippon Air Technologies Co Ltd,,EC,JP,2026-02
JP3353200003,JP3353200003,N/A,Shinagawa Refra Co Ltd,,EC,JP,2026-02
JP3377800002,JP3377800002,N/A,Shindengen Electric Manufacturing Co Ltd,,EC,JP,2026-02
JP3374200008,JP3374200008,N/A,Shinko Shoji Co Ltd,,EC,JP,2026-02
JP3384600007,JP3384600007,N/A,Shinmaywa Industries Ltd,,EC,JP,2026-02
JP3380300008,JP3380300008,N/A,Shinnihon Corp,,EC,JP,2026-02
JP3384710004,JP3384710004,N/A,Shinwa Co Ltd/Nagoya,,EC,JP,2026-02
JP3352800001,JP3352800001,N/A,Shizuki Electric Co Inc,,EC,JP,2026-02
JP3351500008,JP3351500008,000000000,Shizuoka Financial Group Inc,,EC,JP,2026-03
JP3362800009,JP3362800009,000000000,Shochiku Co Ltd,,EC,JP,2026-03
JP3346700002,JP3346700002,N/A,Siix Corp,,EC,JP,2026-02
JP3375400003,JP3375400003,000000000,Sinfonia Technology Co Ltd,,EC,JP,2026-03
JP3378200004,JP3378200004,N/A,Sintokogio Ltd,,EC,JP,2026-02
JP3433500000,JP3433500000,000000000,Socionext Inc,,EC,JP,2026-03
JP3434200006,JP3434200006,N/A,Sodick Co Ltd,,EC,JP,2026-02
JP3431550007,JP3431550007,N/A,Soken Chemical & Engineering Co Ltd,,EC,JP,2026-02
JP3316400005,JP3316400005,000000000,Sotetsu Holdings Inc,,EC,JP,2026-03
JP3431200009,JP3431200009,000000000,Sourcenext Corp,,EC,JP,2026-03
JP3399900004,JP3399900004,N/A,Sparx Group Co Ltd,,EC,JP,2026-02
JP3399400005,JP3399400005,000000000,Stanley Electric Co Ltd,,EC,JP,2026-03
JP3048200004,JP3048200004,N/A,Star Asia Investment Corp,,EC,JP,2026-01
JP3399340003,JP3399340003,N/A,Star Mica Holdings Co Ltd,,EC,JP,2026-01
JP3399200009,JP3399200009,J76702109,Starts Corp Inc,,EC,JP,2026-01
JP3046340000,JP3046340000,000000000,Starts Proceed Investment Corp,,EC,JP,2026-03
JP3399240005,JP3399240005,N/A,Studio Alice Co Ltd,,EC,JP,2026-02
JP3400800003,JP3400800003,N/A,Sumida Corp,,EC,JP,2026-02
JP3409400003,JP3409400003,000000000,Sumitomo Bakelite Co Ltd,,EC,JP,2026-03
JP3405600002,JP3405600002,N/A,Sumitomo Seika Chemicals Co Ltd,,EC,JP,2026-02
JP3407000003,JP3407000003,000000000,Sumitomo Warehouse Co Ltd/The,,EC,JP,2026-03
JP3336450006,JP3336450006,000000000,Sun Corp,,EC,JP,2026-03
JP3336950005,JP3336950005,000000000,Sun Frontier Fudousan Co Ltd,,EC,JP,2026-03
JP3345400000,JP3345400000,N/A,Sun-Wa Technos Corp,,EC,JP,2026-02
JP3330600002,JP3330600002,N/A,Suncall Corp,,EC,JP,2026-02
JP3336600006,JP3336600006,000000000,Sundrug Co Ltd,,EC,JP,2026-03
JP3398000004,JP3398000004,000000000,Suzuken Co Ltd/Aichi Japan,,EC,JP,2026-03
JP3397210000,JP3397210000,N/A,Suzuki Co Ltd,,EC,JP,2026-02
JP3351050004,JP3351050004,000000000,Systena Corp,,EC,JP,2026-03
JP3620200000,JP3620200000,N/A,T RAD Co Ltd,,EC,JP,2026-02
JP3545220000,JP3545220000,N/A,TECHNO HORIZON Co Ltd,,EC,JP,2026-02
JP3539250005,JP3539250005,000000000,THK Co Ltd,,EC,JP,2026-03
JP3538710009,JP3538710009,N/A,TKP Corp,,EC,JP,2026-01
JP3629810007,JP3629810007,N/A,TOBISHIMA HOLDINGS Inc,,EC,JP,2026-02
JP3538400007,JP3538400007,N/A,TOC Co Ltd,,EC,JP,2026-01
JP3552260006,JP3552260006,N/A,TOKAI Holdings Corp,,EC,JP,2026-02
JP3631700006,JP3631700006,N/A,TOMONY Holdings Inc,,EC,JP,2026-02
JP3596200000,JP3596200000,000000000,TOTO Ltd,,EC,JP,2026-03
JP3542400001,JP3542400001,N/A,TPR Co Ltd,,EC,JP,2026-02
JP3538540000,JP3538540000,N/A,TRE Holdings Corp,,EC,JP,2026-02
JP3539230007,JP3539230007,000000000,TS Tech Co Ltd,,EC,JP,2026-03
JP3465400004,JP3465400004,N/A,Tachi-S Co Ltd,,EC,JP,2026-02
JP3465000002,JP3465000002,000000000,Tadano Ltd,,EC,JP,2026-03
JP3447200001,JP3447200001,N/A,Taihei Dengyo Kaisha Ltd,,EC,JP,2026-02
JP3449020001,JP3449020001,000000000,Taiheiyo Cement Corp,,EC,JP,2026-03
JP3449080005,JP3449080005,N/A,Taiho Kogyo Co Ltd,,EC,JP,2026-02
JP3441200007,JP3441200007,N/A,Taikisha Ltd,,EC,JP,2026-02
JP3443000009,JP3443000009,N/A,Taisei Oncho Co Ltd,,EC,JP,2026-02
JP3449100001,JP3449100001,000000000,Taiyo Holdings Co Ltd,,EC,JP,2026-03
JP3161560002,JP3161560002,N/A,Takamiya Co Ltd,,EC,JP,2026-02
JP3591600006,JP3591600006,N/A,Takaoka Toko Co Ltd,,EC,JP,2026-02
JP3460000007,JP3460000007,N/A,Takara Standard Co Ltd,,EC,JP,2026-02
JP3454400007,JP3454400007,N/A,Takasago International Corp,,EC,JP,2026-02
JP3455200000,JP3455200000,000000000,Takasago Thermal Engineering Co Ltd,,EC,JP,2026-03
JP3456000003,JP3456000003,000000000,Takashimaya Co Ltd,,EC,JP,2026-03
JP3539350003,JP3539350003,N/A,Take And Give Needs Co Ltd,,EC,JP,2026-02
JP3462660006,JP3462660006,000000000,Takeuchi Manufacturing Co Ltd,,EC,JP,2026-03
JP3462600002,JP3462600002,000000000,Takuma Co Ltd,,EC,JP,2026-03
JP3471000004,JP3471000004,N/A,Tamura Corp,,EC,JP,2026-02
JP3472200009,JP3472200009,N/A,Tanseisha Co Ltd,,EC,JP,2026-02
JP3452400009,JP3452400009,N/A,Taoka Chemical Co Ltd,,EC,JP,2026-02
JP3539300008,JP3539300008,N/A,Tayca Corp,,EC,JP,2026-02
JP3468000009,JP3468000009,N/A,Tazmo Co Ltd,,EC,JP,2026-02
JP3545040002,JP3545040002,N/A,Techno Ryowa Ltd,,EC,JP,2026-02
JP3545260006,JP3545260006,N/A,Technoflex Corp,,EC,JP,2026-02
JP3545600003,JP3545600003,N/A,Tekken Corp,,EC,JP,2026-02
JP3545320008,JP3545320008,000000000,Tekscend Photomask Corp,,EC,JP,2026-01
JP3546550009,JP3546550009,N/A,Tera Probe Inc,,EC,JP,2026-02
JP3546100003,JP3546100003,N/A,Terasaki Electric Co Ltd,,EC,JP,2026-02
JP3546300009,JP3546300009,000000000,TerraSky Co Ltd,,EC,JP,2026-03
JP3545270005,JP3545270005,N/A,Tess Holdings Co Ltd,,EC,JP,2026-02
JP3538600002,JP3538600002,N/A,Toa Corp/Hyogo,,EC,JP,2026-02
JP3556000002,JP3556000002,N/A,Toa Corp/Tokyo,,EC,JP,2026-02
JP3556400004,JP3556400004,000000000,Toagosei Co Ltd,,EC,JP,2026-03
JP3597800006,JP3597800006,000000000,Tobu Railway Co Ltd,,EC,JP,2026-03
JP3627000007,JP3627000007,000000000,Toda Corp,,EC,JP,2026-03
JP3560200002,JP3560200002,000000000,Toei Animation Co Ltd,,EC,JP,2026-03
JP3560000006,JP3560000006,000000000,Toei Co Ltd,,EC,JP,2026-03
JP3552230009,JP3552230009,N/A,Toenec Corp,,EC,JP,2026-02
JP3601000007,JP3601000007,N/A,Toho Bank Ltd/The,,EC,JP,2026-02
JP3553200001,JP3553200001,N/A,Toho Co Ltd/Kobe,,EC,JP,2026-02
JP3552250007,JP3552250007,N/A,Tokai Corp/Gifu,,EC,JP,2026-02
JP3566600007,JP3566600007,N/A,Tokai Rika Co Ltd,,EC,JP,2026-02
JP3049110004,JP3049110004,N/A,Tokaido REIT Inc,,EC,JP,2026-01
JP3624900001,JP3624900001,N/A,Tokushu Tokai Paper Co Ltd,,EC,JP,2026-02
JP3571600000,JP3571600000,N/A,Tokyo Electron Device Ltd,,EC,JP,2026-02
JP3585400009,JP3585400009,N/A,Tokyo Energy & Systems Inc,,EC,JP,2026-02
JP3584400000,JP3584400000,000000000,Tokyo Kiraboshi Financial Group Inc,,EC,JP,2026-03
JP3571800006,JP3571800006,000000000,Tokyo Ohka Kogyo Co Ltd,,EC,JP,2026-03
JP3579400007,JP3579400007,N/A,Tokyo Rope Manufacturing Co Ltd,,EC,JP,2026-02
JP3580200008,JP3580200008,000000000,Tokyo Seimitsu Co Ltd,,EC,JP,2026-03
JP3579800008,JP3579800008,N/A,Tokyo Steel Manufacturing Co Ltd,,EC,JP,2026-02
JP3584600005,JP3584600005,N/A,Tokyo Tekko Co Ltd,,EC,JP,2026-02
JP3586600003,JP3586600003,N/A,Tokyotokeiba Co Ltd,,EC,JP,2026-02
JP3569200003,JP3569200003,000000000,Tokyu Fudosan Holdings Corp,,EC,JP,2026-03
JP3044510000,JP3044510000,000000000,Tokyu REIT Inc,,EC,JP,2026-03
JP3620600001,JP3620600001,N/A,Toli Corp,,EC,JP,2026-02
JP3553900006,JP3553900006,N/A,Tomen Devices Corp,,EC,JP,2026-02
JP3554000004,JP3554000004,N/A,Tomoku Co Ltd,,EC,JP,2026-02
JP3630550006,JP3630550006,000000000,Tomy Co Ltd,,EC,JP,2026-03
JP3598200008,JP3598200008,N/A,Topre Corp,,EC,JP,2026-02
JP3630200008,JP3630200008,N/A,Topy Industries Ltd,,EC,JP,2026-02
JP3595070008,JP3595070008,J8963D109,Tosei Corp,,EC,JP,2026-01
JP3047830009,JP3047830009,N/A,Tosei Reit Investment Corp,,EC,JP,2026-01
JP3595300009,JP3595300009,N/A,Totech Corp,,EC,JP,2026-02
JP3595400007,JP3595400007,N/A,Totetsu Kogyo Co Ltd,,EC,JP,2026-02
JP3622400004,JP3622400004,N/A,Towa Bank Ltd/The,,EC,JP,2026-02
JP3610400008,JP3610400008,N/A,Toyo Gosei Co Ltd,,EC,JP,2026-02
JP3613000003,JP3613000003,000000000,Toyo Suisan Kaisha Ltd,,EC,JP,2026-03
JP3634600005,JP3634600005,000000000,Toyota Industries Corp,,EC,JP,2026-01
JP3637250006,JP3637250006,N/A,Traders Holdings Co Ltd,,EC,JP,2026-02
JP3635690005,JP3635690005,N/A,Transaction Media Networks Inc,,EC,JP,2026-02
JP3635500006,JP3635500006,000000000,Trusco Nakayama Corp,,EC,JP,2026-03
JP3534410000,JP3534410000,N/A,Tsubaki Nakashima Co Ltd,,EC,JP,2026-02
JP3535400000,JP3535400000,N/A,Tsubakimoto Chain Co,,EC,JP,2026-02
JP3802680003,JP3802680003,000000000,Tsuburaya Fields Holdings Inc,,EC,JP,2026-03
JP3531800005,JP3531800005,N/A,Tsugami Corp,,EC,JP,2026-02
JP3835670005,JP3835670005,N/A,Tsukada Global Holdings Inc,,EC,JP,2026-02
JP3532200007,JP3532200007,N/A,Tsukishima Holdings Co Ltd,,EC,JP,2026-02
JP3231000005,JP3231000005,N/A,Tsukuba Bank Ltd,,EC,JP,2026-02
JP3535800001,JP3535800001,000000000,Tsumura & Co,,EC,JP,2026-03
JP3758130003,JP3758130003,N/A,UNITED Inc/Japan,,EC,JP,2026-02
JP3157200001,JP3157200001,N/A,Uchida Yoko Co Ltd,,EC,JP,2026-02
JP3126190002,JP3126190002,000000000,Ulvac Inc,,EC,JP,2026-03
JP3876600002,JP3876600002,000000000,Umios Corp,,EC,JP,2026-03
JP3952550006,JP3952550006,N/A,Unipres Corp,,EC,JP,2026-02
JP3949400000,JP3949400000,N/A,United Arrows Ltd,,EC,JP,2026-02
JP3949450005,JP3949450005,N/A,United Super Markets Holdings Inc,,EC,JP,2026-02
JP3045540006,JP3045540006,000000000,United Urban Investment Corp,,EC,JP,2026-03
JP3156400008,JP3156400008,000000000,Ushio Inc,,EC,JP,2026-03
JP3854700006,JP3854700006,N/A,VT Holdings Co Ltd,,EC,JP,2026-02
JP3778400006,JP3778400006,000000000,Valor Holdings Co Ltd,,EC,JP,2026-03
JP3800270005,JP3800270005,000000000,Visional Inc,,EC,JP,2026-03
JP3778280002,JP3778280002,N/A,Vital KSK Holdings Inc,,EC,JP,2026-02
JP3992400006,JP3992400006,000000000,Wacoal Holdings Corp,,EC,JP,2026-03
JP3993400005,JP3993400005,000000000,Wacom Co Ltd,,EC,JP,2026-03
JP3992000004,JP3992000004,N/A,Wakita & Co Ltd,,EC,JP,2026-02
JP3994400004,JP3994400004,000000000,Warabeya Nichiyo Holdings Co Ltd,,EC,JP,2026-03
JP3155370004,JP3155370004,N/A,Wellnet Corp,,EC,JP,2026-02
JP3154750008,JP3154750008,J9509G101,West Holdings Corp.,,EC,JP,2026-02
JP3990100004,JP3990100004,000000000,Workman Co Ltd,,EC,JP,2026-03
JP3990220000,JP3990220000,N/A,World Holdings Co Ltd,,EC,JP,2026-02
JP3428800001,JP3428800001,N/A,Xebio Holdings Co Ltd,,EC,JP,2026-02
JP3943000004,JP3943000004,N/A,YAMABIKO Corp,,EC,JP,2026-02
JP3931800001,JP3931800001,N/A,YE DIGITAL Corp,,EC,JP,2026-02
JP3933200002,JP3933200002,N/A,Yahagi Construction Co Ltd,,EC,JP,2026-02
JP3934350004,JP3934350004,N/A,Yamae Group Holdings Co Ltd,,EC,JP,2026-02
JP3934800008,JP3934800008,N/A,Yamagata Bank Ltd/The,,EC,JP,2026-02
JP3935300008,JP3935300008,000000000,Yamaguchi Financial Group Inc,,EC,JP,2026-03
JP3934200001,JP3934200001,N/A,Yamaichi Electronics Co Ltd,,EC,JP,2026-02
JP3940000007,JP3940000007,000000000,Yamato Holdings Co Ltd,,EC,JP,2026-03
JP3940400009,JP3940400009,000000000,Yamato Kogyo Co Ltd,,EC,JP,2026-03
JP3935600001,JP3935600001,000000000,Yamazaki Baking Co Ltd,,EC,JP,2026-03
JP3931700003,JP3931700003,N/A,Yashima Denki Co Ltd,,EC,JP,2026-02
JP3932000007,JP3932000007,000000000,Yaskawa Electric Corp,,EC,JP,2026-03
JP3131350005,JP3131350005,N/A,Yellow Hat Ltd,,EC,JP,2026-02
JP3955200005,JP3955200005,N/A,Yokogawa Bridge Holdings Corp,,EC,JP,2026-02
JP3957000007,JP3957000007,N/A,Yokorei Co Ltd,,EC,JP,2026-02
JP3954200006,JP3954200006,N/A,Yokowo Co Ltd,,EC,JP,2026-02
JP3962600007,JP3962600007,N/A,Yondenko Corp,,EC,JP,2026-02
JP3960000002,JP3960000002,000000000,Yonex Co Ltd,,EC,JP,2026-03
JP3961400003,JP3961400003,N/A,Yorozu Corp,,EC,JP,2026-02
JP3958000006,JP3958000006,000000000,Yoshinoya Holdings Co Ltd,,EC,JP,2026-03
JP3945200008,JP3945200008,N/A,Yuasa Trading Co Ltd,,EC,JP,2026-02
JP3946200007,JP3946200007,N/A,Yurtec Corp,,EC,JP,2026-02
JP3948400001,JP3948400001,N/A,Yushiro Inc,,EC,JP,2026-02
JP3430100002,JP3430100002,N/A,Zenhoren Co Ltd,,EC,JP,2026-02
JP3429300001,JP3429300001,000000000,Zensho Holdings Co Ltd,,EC,JP,2026-01
JP3428870004,JP3428870004,N/A,Zero Co Ltd,,EC,JP,2026-02
JP3548640006,JP3548640006,000000000,dip Corp,,EC,JP,2026-03
JP3168700007,JP3168700007,000000000,en Inc/Japan,,EC,JP,2026-03
JP3105210003,JP3105210003,N/A,i-mobile Co Ltd,,EC,JP,2026-02
JP3167310006,JP3167310006,000000000,m-up Holdings Inc,,EC,JP,2026-03
JP3545900007,JP3545900007,000000000,tella Inc,,EC,JP,2026-03
KR7298380007,KR7298380007,000000000,ABLBio Inc,,EC,KR,2026-03
KR7121600001,KR7121600001,000000000,Advanced Nano Products Co Ltd,,EC,KR,2026-03
KR7265520007,KR7265520007,000000000,Advanced Process Systems Corp,,EC,KR,2026-03
KR7002790004,KR7002790004,000000000,Amorepacific Holdings Corp,,EC,KR,2026-03
KR7020560009,KR7020560009,000000000,Asiana Airlines Inc,,EC,KR,2026-03
KR7282330000,KR7282330000,000000000,BGF retail Co Ltd,,EC,KR,2026-03
KR7083650002,KR7083650002,000000000,BHI Co Ltd,,EC,KR,2026-03
KR7256840000,KR7256840000,000000000,BNC Korea Co Ltd,,EC,KR,2026-03
KR7138930003,KR7138930003,000000000,BNK Financial Group Inc,,EC,KR,2026-03
KR7064550007,KR7064550007,000000000,Bioneer Corp,,EC,KR,2026-03
KR7003000007,KR7003000007,000000000,Bukwang Pharmaceutical Co Ltd,,EC,KR,2026-03
KR7079160008,KR7079160008,000000000,CJ CGV Co Ltd,,EC,KR,2026-03
KR7097950000,KR7097950000,000000000,CJ CheilJedang Corp,,EC,KR,2026-03
KR7001040005,KR7001040005,000000000,CJ Corp,,EC,KR,2026-03
KR7035760008,KR7035760008,000000000,CJ ENM Co Ltd,,EC,KR,2026-03
KR7000120006,KR7000120006,000000000,CJ Logistics Corp,,EC,KR,2026-03
KR7058820002,KR7058820002,000000000,CMG Pharmaceutical Co Ltd,,EC,KR,2026-03
KR7068760008,KR7068760008,000000000,Celltrion Pharm Inc,,EC,KR,2026-03
KR7030000004,KR7030000004,000000000,Cheil Worldwide Inc,,EC,KR,2026-03
KR7278280003,KR7278280003,000000000,Chunbo Co Ltd,,EC,KR,2026-03
KR7214150005,KR7214150005,000000000,Classys Inc,,EC,KR,2026-03
KR7078340007,KR7078340007,000000000,Com2uSCorp,,EC,KR,2026-03
KR7192820009,KR7192820009,000000000,Cosmax Inc,,EC,KR,2026-03
KR7005070008,KR7005070008,000000000,CosmoAM&T Co Ltd,,EC,KR,2026-03
KR7000990002,KR7000990002,000000000,DB HiTek Co Ltd,,EC,KR,2026-03
KR7039840004,KR7039840004,000000000,DIO Corp,,EC,KR,2026-03
KR7375500006,KR7375500006,000000000,DL E&C Co Ltd,,EC,KR,2026-03
KR7000210005,KR7000210005,000000000,DL Holdings Co Ltd,,EC,KR,2026-03
KR7047040001,KR7047040001,000000000,Daewoo Engineering & Construction Co Ltd,,EC,KR,2026-03
KR7194480000,KR7194480000,000000000,Devsisters Co Ltd,,EC,KR,2026-03
KR7091690008,KR7091690008,000000000,Digitech Systems Co Ltd,,EC,KR,2026-03
KR7005290002,KR7005290002,000000000,Dongjin Semichem Co Ltd,,EC,KR,2026-03
KR7460850001,KR7460850001,000000000,Dongkuk CM Co Ltd,,EC,KR,2026-03
KR7460860000,KR7460860000,000000000,Dongkuk Steel Mill Co Ltd,,EC,KR,2026-03
KR7026960005,KR7026960005,000000000,Dongsuh Cos Inc,,EC,KR,2026-03
KR7006040000,KR7006040000,000000000,Dongwon Industries Co Ltd,,EC,KR,2026-03
KR7336260005,KR7336260005,000000000,Doosan Fuel Cell Co Ltd,,EC,KR,2026-03
KR7454910001,KR7454910001,000000000,Doosan Robotics Inc,,EC,KR,2026-03
KR7139480008,KR7139480008,000000000,E-MART Inc,,EC,KR,2026-03
KR7365550003,KR7365550003,N/A,ESR Kendall Square REIT Co Ltd,,EC,KR,2026-01
KR7450080007,KR7450080007,000000000,Ecopro Materials Co Ltd,,EC,KR,2026-03
KR7348370008,KR7348370008,000000000,Enchem Co Ltd,,EC,KR,2026-03
KR7039030002,KR7039030002,000000000,Eo Technics Co Ltd,,EC,KR,2026-03
KR7245620000,KR7245620000,000000000,Eone Diagnomics Genome Center Co Ltd,,EC,KR,2026-03
KR7206650004,KR7206650004,000000000,Eubiologics Co Ltd,,EC,KR,2026-03
KR7383220001,KR7383220001,000000000,F&F Co Ltd / New,,EC,KR,2026-03
KR7006360002,KR7006360002,000000000,GS Engineering & Construction Corp,,EC,KR,2026-03
KR7078930005,KR7078930005,000000000,GS Holdings Corp,,EC,KR,2026-03
KR7499790004,KR7499790004,000000000,GS P&L Co Ltd,,EC,KR,2026-03
KR7007070006,KR7007070006,000000000,GS Retail Co Ltd,,EC,KR,2026-03
KR7011000007,KR7011000007,000000000,GeneOne Life Science Inc,,EC,KR,2026-03
KR7095700001,KR7095700001,000000000,Genexine Inc,,EC,KR,2026-03
KR7035080001,KR7035080001,000000000,Gradiant Corp,,EC,KR,2026-03
KR7006280002,KR7006280002,000000000,Green Cross Corp/South Korea,,EC,KR,2026-03
KR7005250006,KR7005250006,000000000,Green Cross Holdings Corp,,EC,KR,2026-03
KR7267270007,KR7267270007,000000000,HD Construction Equipment Co Ltd,,EC,KR,2026-03
KR7071970008,KR7071970008,000000000,HD-Hyundai Marine Engine,,EC,KR,2026-03
KR7204320006,KR7204320006,000000000,HL Mando Co Ltd,,EC,KR,2026-03
KR7003580008,KR7003580008,000000000,HLB Global Co Ltd,,EC,KR,2026-03
KR7403870009,KR7403870009,000000000,HPSP Co Ltd,,EC,KR,2026-03
KR7298050006,KR7298050006,000000000,HS Hyosung Advanced Materials Corp,,EC,KR,2026-03
KR7006060008,KR7006060008,000000000,HS Industries Co Ltd,,EC,KR,2026-03
KR7039130000,KR7039130000,000000000,Hana Tour Service Inc,,EC,KR,2026-03
KR7009420001,KR7009420001,000000000,Hanall Biopharma Co Ltd,,EC,KR,2026-03
KR7030520001,KR7030520001,000000000,Hancom Inc,,EC,KR,2026-03
KR7128940004,KR7128940004,000000000,Hanmi Pharm Co Ltd,,EC,KR,2026-03
KR7008930000,KR7008930000,000000000,Hanmi Science Co ltd,,EC,KR,2026-03
KR7018880005,KR7018880005,000000000,Hanon Systems,,EC,KR,2026-03
KR7014680003,KR7014680003,000000000,Hansol Chemical Co Ltd,,EC,KR,2026-03
KR7009240003,KR7009240003,000000000,Hanssem Co Ltd,,EC,KR,2026-03
KR7000880005,KR7000880005,000000000,Hanwha Corp,,EC,KR,2026-03
KR7082740002,KR7082740002,000000000,Hanwha Engine,,EC,KR,2026-03
KR7452260003,KR7452260003,000000000,Hanwha Galleria Corp,,EC,KR,2026-03
KR7451800007,KR7451800007,N/A,Hanwha Reit Co Ltd,,EC,KR,2026-01
KR7009830001,KR7009830001,000000000,Hanwha Solutions Corp,,EC,KR,2026-03
KR7489790006,KR7489790006,000000000,Hanwha Vision Co Ltd,,EC,KR,2026-03
KR7136480001,KR7136480001,000000000,Harim Co Ltd,,EC,KR,2026-03
KR7000080002,KR7000080002,000000000,Hite Jinro Co Ltd,,EC,KR,2026-03
KR7008770000,KR7008770000,000000000,Hotel Shilla Co Ltd,,EC,KR,2026-03
KR7145020004,KR7145020004,000000000,Hugel Inc,,EC,KR,2026-03
KR7205470008,KR7205470008,000000000,Humasis Co Ltd,,EC,KR,2026-03
KR7243070000,KR7243070000,000000000,Huons Co Ltd,,EC,KR,2026-03
KR7084110006,KR7084110006,000000000,Huons Global Co Ltd,,EC,KR,2026-03
KR7298020009,KR7298020009,000000000,Hyosung TNC Corp,,EC,KR,2026-03
KR7307950006,KR7307950006,000000000,Hyundai Autoever Corp,,EC,KR,2026-03
KR7017800004,KR7017800004,000000000,Hyundai Elevator Co Ltd,,EC,KR,2026-03
KR7001450006,KR7001450006,000000000,Hyundai Marine & Fire Insurance Co Ltd,,EC,KR,2026-03
KR7004020004,KR7004020004,000000000,Hyundai Steel Co,,EC,KR,2026-03
KR7011210002,KR7011210002,000000000,Hyundai Wia Corp,,EC,KR,2026-03
KR7334890001,KR7334890001,N/A,IGIS Value Plus REIT Co Ltd,,EC,KR,2026-01
KR7457190007,KR7457190007,000000000,ISU Specialty Chemical,,EC,KR,2026-03
KR7007660004,KR7007660004,000000000,IsuPetasys Co Ltd,,EC,KR,2026-03
KR7348950007,KR7348950007,N/A,JR Global Reit,,EC,KR,2026-01
KR7035900000,KR7035900000,000000000,JYP Entertainment Corp,,EC,KR,2026-03
KR7065620007,KR7065620007,000000000,Jenax Inc,,EC,KR,2026-03
KR7036930006,KR7036930006,000000000,Jusung Engineering Co Ltd,,EC,KR,2026-03
KR7002380004,KR7002380004,000000000,KCC Corp,,EC,KR,2026-03
KR7344820006,KR7344820006,000000000,KCC Glass Corp,,EC,KR,2026-03
KR7052690005,KR7052690005,000000000,KEPCO Engineering & Construction Co Inc,,EC,KR,2026-03
KR7051600005,KR7051600005,000000000,KEPCO Plant Service & Engineering Co Ltd,,EC,KR,2026-03
KR7151860004,KR7151860004,000000000,KG Eco Solution Co Ltd,,EC,KR,2026-03
KR7039490008,KR7039490008,000000000,KIWOOM Securities Co Ltd,,EC,KR,2026-03
KR7032500001,KR7032500001,000000000,KMW Co Ltd,,EC,KR,2026-03
KR7293490009,KR7293490009,000000000,Kakao Games Corp,,EC,KR,2026-03
KR7377300009,KR7377300009,000000000,Kakaopay Corp,,EC,KR,2026-03
KR7035250000,KR7035250000,000000000,Kangwon Land Inc,,EC,KR,2026-03
KR7098460009,KR7098460009,000000000,Koh Young Technology Inc,,EC,KR,2026-03
KR7161890009,KR7161890009,000000000,Kolmar Korea Co Ltd,,EC,KR,2026-03
KR7357120005,KR7357120005,N/A,Koramco Life Infra Reit Co Ltd,,EC,KR,2026-01
KR7010130003,KR7010130003,000000000,Korea Zinc Co Ltd,,EC,KR,2026-03
KR7001570001,KR7001570001,000000000,Kum Yang Co Ltd,,EC,KR,2026-03
KR7011780004,KR7011780004,000000000,Kumho Petrochemical Co Ltd,,EC,KR,2026-03
KR7066970005,KR7066970005,000000000,L&F Co Ltd,,EC,KR,2026-03
KR7058470006,KR7058470006,000000000,LEENO Industrial Inc,,EC,KR,2026-03
KR7064400005,KR7064400005,000000000,LG CNS Co Ltd,,EC,KR,2026-03
KR7011070000,KR7011070000,000000000,LG Innotek Co Ltd,,EC,KR,2026-03
KR7004000006,KR7004000006,000000000,LOTTE Fine Chemical Co Ltd,,EC,KR,2026-03
KR7330590001,KR7330590001,N/A,LOTTE Reit Co Ltd,,EC,KR,2026-01
KR7006260004,KR7006260004,000000000,LS Corp,,EC,KR,2026-03
KR7383800000,KR7383800000,000000000,LX Holdings Corp,,EC,KR,2026-03
KR7108320003,KR7108320003,000000000,LX Semicon Co Ltd,,EC,KR,2026-03
KR7084650001,KR7084650001,000000000,LabGenomics Co Ltd,,EC,KR,2026-03
KR7141080002,KR7141080002,000000000,LigaChem Biosciences Inc,,EC,KR,2026-03
KR7011170008,KR7011170008,000000000,Lotte Chemical Corp,,EC,KR,2026-03
KR7004990008,KR7004990008,000000000,Lotte Corp,,EC,KR,2026-03
KR7020150009,KR7020150009,000000000,Lotte Energy Materials Corp,,EC,KR,2026-03
KR7280360009,KR7280360009,000000000,Lotte Wellfood Co Ltd,,EC,KR,2026-03
KR7328130000,KR7328130000,000000000,Lunit Inc,,EC,KR,2026-03
KR7235980000,KR7235980000,000000000,MedPacto Inc,,EC,KR,2026-03
KR7086900008,KR7086900008,000000000,Medytox Inc,,EC,KR,2026-03
KR7140410002,KR7140410002,000000000,Mezzion Pharma Co Ltd,,EC,KR,2026-03
KR7081660003,KR7081660003,000000000,Misto Holdings Corp,,EC,KR,2026-03
KR7080160005,KR7080160005,000000000,Modetour Network Inc,,EC,KR,2026-03
KR7036570000,KR7036570000,000000000,NCSoft Corp,,EC,KR,2026-03
KR7181710005,KR7181710005,000000000,NHN Corp,,EC,KR,2026-03
KR7007390008,KR7007390008,000000000,Naturecell Co Ltd,,EC,KR,2026-03
KR7092730001,KR7092730001,000000000,NeoPharm Co Ltd,,EC,KR,2026-03
KR7251270005,KR7251270005,000000000,Netmarble Corp,,EC,KR,2026-03
KR7225570001,KR7225570001,000000000,Nexon Games Co Ltd,,EC,KR,2026-03
KR7004370003,KR7004370003,000000000,NongShim Co Ltd,,EC,KR,2026-03
KR7456040005,KR7456040005,000000000,OCI Co Ltd,,EC,KR,2026-03
KR7010060002,KR7010060002,000000000,OCI Holdings Co Ltd,,EC,KR,2026-03
KR7271560005,KR7271560005,000000000,Orion Corp/Republic of Korea,,EC,KR,2026-03
KR7039200001,KR7039200001,000000000,Oscotec Inc,,EC,KR,2026-03
KR7007310006,KR7007310006,000000000,Otoki Corp,,EC,KR,2026-03
KR7028670008,KR7028670008,000000000,Pan Ocean Co Ltd,,EC,KR,2026-03
KR7263750002,KR7263750002,000000000,Pearl Abyss Corp,,EC,KR,2026-03
KR7087010005,KR7087010005,000000000,Peptron Inc,,EC,KR,2026-03
KR7214450009,KR7214450009,000000000,PharmaResearch Co Ltd,,EC,KR,2026-03
KR7005690003,KR7005690003,000000000,Pharmicell Co Ltd,,EC,KR,2026-03
KR7103140000,KR7103140000,000000000,Poongsan Corp,,EC,KR,2026-03
KR7022100002,KR7022100002,000000000,Posco DX Co Ltd,,EC,KR,2026-03
KR7277810008,KR7277810008,000000000,Rainbow Robotics,,EC,KR,2026-03
KR7012750006,KR7012750006,000000000,S-1 Corp,,EC,KR,2026-03
KR7137310009,KR7137310009,000000000,SD Biosensor Inc,,EC,KR,2026-03
KR7302440003,KR7302440003,000000000,SK Bioscience Co Ltd,,EC,KR,2026-03
KR7285130001,KR7285130001,000000000,SK Chemicals Co Ltd,,EC,KR,2026-03
KR7361610009,KR7361610009,000000000,SK IE Technology Co Ltd,,EC,KR,2026-03
KR7395400005,KR7395400005,N/A,SK REITs Co Ltd,,EC,KR,2026-01
KR7011790003,KR7011790003,000000000,SKC Co Ltd,,EC,KR,2026-03
KR7041510009,KR7041510009,000000000,SM Entertainment Co Ltd,,EC,KR,2026-03
KR7248070005,KR7248070005,000000000,SOLUM Co Ltd,,EC,KR,2026-03
KR7000250001,KR7000250001,000000000,Sam Chun Dang Pharm Co Ltd,,EC,KR,2026-03
KR7028050003,KR7028050003,000000000,Samsung E&A Co Ltd,,EC,KR,2026-03
KR70126Z0002,KR70126Z0002,000000000,Samsung Episholdings Co Ltd,,EC,KR,2026-03
KR7016360000,KR7016360000,000000000,Samsung Securities Co Ltd,,EC,KR,2026-03
KR7096530001,KR7096530001,000000000,Seegene Inc,,EC,KR,2026-03
KR7019170000,KR7019170000,000000000,Shin Poong Pharmaceutical Co Ltd,,EC,KR,2026-03
KR7293940003,KR7293940003,N/A,Shinhan Alpha REIT Co Ltd,,EC,KR,2026-01
KR7004170007,KR7004170007,000000000,Shinsegae Inc,,EC,KR,2026-03
KR7257720003,KR7257720003,000000000,Silicon2 Co Ltd,,EC,KR,2026-03
KR7336370002,KR7336370002,000000000,Solus Advanced Materials Co Ltd,,EC,KR,2026-03
KR7357780006,KR7357780006,000000000,Soulbrain Co Ltd,,EC,KR,2026-03
KR7002710002,KR7002710002,000000000,TCC Steel,,EC,KR,2026-03
KR7001440007,KR7001440007,000000000,Taihan Cable & Solution Co Ltd,,EC,KR,2026-03
KR7089030001,KR7089030001,000000000,TechWing Inc,,EC,KR,2026-03
KR7310210000,KR7310210000,000000000,Voronoi Inc,,EC,KR,2026-03
KR7240810002,KR7240810002,000000000,WONIK IPS Co Ltd,,EC,KR,2026-03
KR7112040001,KR7112040001,000000000,Wemade Co Ltd,,EC,KR,2026-03
KR7122870009,KR7122870009,000000000,YG Entertainment Inc,,EC,KR,2026-03
KR7008730004,KR7008730004,000000000,Youlchon Chemical Co Ltd,,EC,KR,2026-03
KR7003520004,KR7003520004,000000000,Yungjin Pharmaceutical Co Ltd,,EC,KR,2026-03
KR7139130009,KR7139130009,000000000,iM Financial Group Co Ltd,,EC,KR,2026-03
KW0EQ0401764,KW0EQ0401764,N/A,Al Mazaya Holding Co KSCP,,EC,KW,2026-01
KW0EQ0401632,KW0EQ0401632,N/A,Commercial Real Estate Co KSC,,EC,KW,2026-01
KW0EQ0100028,KW0EQ0100028,N/A,Gulf Bank K.S.C.P,,EC,KW,2026-02
KW0EQ0402648,KW0EQ0402648,N/A,Kuwait Business Town Real Estate Co KSCP,,EC,KW,2026-01
KW0EQ0400618,KW0EQ0400618,N/A,Kuwait Real Estate Co KSC,,EC,KW,2026-01
KW0EQ0400725,KW0EQ0400725,000000000,Mabanee Co KPSC,,EC,KW,2026-01
KW0EQ0601058,KW0EQ0601058,000000000,Mobile Telecommunications Co KSCP,,EC,KW,2026-01
KW0EQ0400634,KW0EQ0400634,N/A,National Real Estate Co KPSC,,EC,KW,2026-01
KW0EQ0402804,KW0EQ0402804,N/A,Real Estate Trade Centers Co KSC,,EC,KW,2026-01
KW0EQ0400642,KW0EQ0400642,N/A,Salhia Real Estate Co KSCP,,EC,KW,2026-01
KW0EQ0400626,KW0EQ0400626,N/A,United Real Estate Co SAKP,,EC,KW,2026-01
KYG0260P1028,KYG0260P1028,000000000,Amer Sports Inc,,EC,KY,2026-03
KYG108301006,KYG108301006,N/A,"Beyondspring, Inc.",,EC,KY,2025-06
KYG1144A1058,KYG1144A1058,000000000,Bit Digital Inc,,EC,KY,2026-02
KYG114481008,KYG114481008,N/A,Bitdeer Technologies Group,,EC,KY,2026-03
KYG1674K1013,KYG1674K1013,000000000,Budweiser Brewing Co APAC Ltd,,EC,KY,2026-03
KYG3165D1097,KYG3165D1097,000000000,C&D International Investment Group Ltd,,EC,KY,2026-01
KYG594672027,KYG594672027,N/A,"Chaince Digital Holdings, Inc.",,EC,KY,2026-03
KYG2121Q1055,KYG2121Q1055,000000000,China Feihe Ltd,,EC,KY,2026-01
KYG2122G1064,KYG2122G1064,000000000,China Resources Mixc Lifestyle Services Ltd,,EC,KY,2026-01
KYG211461085,KYG211461085,000000000,Chow Tai Fook Jewellery Group Ltd,,EC,KY,2026-01
KYG514051013,KYG514051013,N/A,Freightos Ltd.,,EC,KY,2025-06
KYG3902L1095,KYG3902L1095,000000000,GDS Holdings Ltd,,EC,KY,2026-01
KYG393871085,KYG393871085,G39387108,GLOBALFOUNDRIES INC.,,EC,KY,2025-10
KYG4124C1096,KYG4124C1096,000000000,Grab Holdings Ltd,,EC,KY,2026-01
HK0000179108,HK0000179108,000000000,HK Electric Investments & HK Electric Investments Ltd,,EC,KY,2026-03
KYG4232C1087,KYG4232C1087,000000000,Haitian International Holdings Ltd,,EC,KY,2026-01
KYG4402L1510,KYG4402L1510,000000000,Hengan International Group Co Ltd,,EC,KY,2026-01
KYG4740B1059,KYG4740B1059,000000000,Ichor Holdings Ltd,,EC,KY,2026-02
KYG4990A1040,KYG4990A1040,000000000,J&T Global Express Ltd,,EC,KY,2026-01
KYG5074S1012,KYG5074S1012,000000000,JD Logistics Inc,,EC,KY,2026-01
US48553T1060,US48553T1060,48553T106,Kanzhun Ltd,,EC,KY,2026-01
KYG525681477,KYG525681477,000000000,Kingdee International Software Group Co Ltd,,EC,KY,2026-01
KYG5548P1054,KYG5548P1054,000000000,LK Technology Holdings Ltd,,EC,KY,2026-03
KYG5557R1092,KYG5557R1092,N/A,Logistic Properties of The Americas,,EC,KY,2025-06
KYG5635P1090,KYG5635P1090,000000000,Longfor Group Holdings Ltd,,EC,KY,2026-01
KYG6005C1087,KYG6005C1087,N/A,"Mega Matrix, Inc.",,EC,KY,2025-06
KYG687071012,KYG687071012,N/A,Pagseguro Digital Ltd.,,EC,KY,2025-06
KYG694511059,KYG694511059,N/A,Patria Investments Ltd.,,EC,KY,2026-03
KYG722451229,KYG722451229,N/A,Prenetics Global Ltd.,,EC,KY,2025-06
KYG7S53R1049,KYG7S53R1049,N/A,ProKidney Corp.,,EC,KY,2025-06
KYG803251068,KYG803251068,000000000,S-Enjoy Service Group Co Ltd,,EC,KY,2026-03
KYG8068L1086,KYG8068L1086,G8068L108,"SHARKNINJA, INC.",,EC,KY,2026-01
KYG8245V1023,KYG8245V1023,000000000,Smoore International Holdings Ltd,,EC,KY,2026-01
KYG8586D1097,KYG8586D1097,000000000,Sunny Optical Technology Group Co Ltd,,EC,KY,2026-01
KYG8918W1069,KYG8918W1069,000000000,Tongcheng Travel Holdings Ltd,,EC,KY,2026-01
KYG9400C1116,KYG9400C1116,000000000,VSTECS Holdings Ltd,,EC,KY,2026-03
KYG9470A1022,KYG9470A1022,N/A,VTEX,,EC,KY,2026-03
KYG9572D1034,KYG9572D1034,N/A,Webull Corp.,,EC,KY,2026-03
KYG961151035,KYG961151035,000000000,Whitefiber Inc,,EC,KY,2026-02
KYG9808A1058,KYG9808A1058,000000000,WuXi XDC Cayman Inc,,EC,KY,2026-01
KYG7S12M1051,KYG7S12M1051,000000000,XtalPi Holdings Ltd,,EC,KY,2026-01
KYG9891U1334,KYG9891U1334,000000000,Zhongyu Energy Holdings Ltd,,EC,KY,2026-03
LU0569974404,LU0569974404,000000000,APERAM SA,,EC,LU,2026-03
LU2369833749,LU2369833749,L02235106,Ardagh Metal Packaging S.A.,,EC,LU,2026-01
LU1673108939,LU1673108939,000000000,Aroundtown SA,,EC,LU,2026-03
LU1704650164,LU1704650164,000000000,Befesa SA,,EC,LU,2026-03
LU0974299876,LU0974299876,L44385109,GLOBANT S.A.,,EC,LU,2025-10
LU0775917882,LU0775917882,000000000,Grand City Properties SA,,EC,LU,2026-03
LU2290522684,LU2290522684,000000000,InPost SA,,EC,LU,2026-01
LU0038705702,LU0038705702,000000000,Millicom International Cellular SA,,EC,LU,2026-03
LU0088087324,LU0088087324,000000000,SES SA,,EC,LU,2026-03
LU2722255754,LU2722255754,000000000,SHS SUSE S.A.,,EC,LU,2026-03
LU0075646355,LU0075646355,000000000,Subsea 7 SA,,EC,LU,2026-03
LU2592315662,LU2592315662,N/A,d'Amico International Shipping SA,,EC,LU,2026-02
MX01VE0M0003,MX01VE0M0003,N/A,Corp Inmobiliaria Vesta SAB de CV,,EC,MX,2026-01
MXCFFI0U0002,MXCFFI0U0002,N/A,FIBRA Macquarie Mexico,,EC,MX,2026-01
MXCFFM010000,MXCFFM010000,N/A,Fibra MTY SAPI de CV,,EC,MX,2026-01
MXCFFU000001,MXCFFU000001,000000000,Fibra Uno Administracion SA de CV,,EC,MX,2026-01
MX01CH170002,MX01CH170002,000000000,Grupo Comercial Chedraui SA de CV,,EC,MX,2026-01
MYL1015OO006,MYL1015OO006,000000000,AMMB Holdings Bhd,,EC,MY,2026-01
MYL6888OO001,MYL6888OO001,000000000,Axiata Group Bhd,,EC,MY,2026-01
MYL5106TO008,MYL5106TO008,N/A,Axis Real Estate Investment Trust,,EC,MY,2026-01
MYL1023OO000,MYL1023OO000,000000000,CIMB Group Holdings Bhd,,EC,MY,2026-01
MYL5180TO003,MYL5180TO003,N/A,Capitaland Malaysia Trust,,EC,MY,2026-01
MYL3417OO002,MYL3417OO002,N/A,Eastern & Oriental Bhd,,EC,MY,2026-01
MYL8206OO004,MYL8206OO004,N/A,Eco World Development Group Bhd,,EC,MY,2026-01
MYL5398OO002,MYL5398OO002,000000000,Gamuda Bhd,,EC,MY,2026-01
MYL7105OO009,MYL7105OO009,N/A,HCK Capital Group Bhd,,EC,MY,2026-01
MYL5227TO002,MYL5227TO002,N/A,IGB Real Estate Investment Trust,,EC,MY,2026-01
MYL5249OO007,MYL5249OO007,N/A,IOI Properties Group Bhd,,EC,MY,2026-01
MYL5280TO001,MYL5280TO001,N/A,KIP REIT,,EC,MY,2026-01
MYL5038OO004,MYL5038OO004,N/A,KSL Holdings Bhd,,EC,MY,2026-01
MYL2445OO004,MYL2445OO004,000000000,Kuala Lumpur Kepong Bhd,,EC,MY,2026-01
MYL5789OO002,MYL5789OO002,N/A,LBS Bina Group Bhd,,EC,MY,2026-01
MYL3816OO005,MYL3816OO005,000000000,MISC Bhd,,EC,MY,2026-01
MYL8583OO006,MYL8583OO006,N/A,Mah Sing Group Bhd,,EC,MY,2026-01
MYL5236OO004,MYL5236OO004,N/A,Matrix Concepts Holdings Bhd,,EC,MY,2026-01
MYL6012OO008,MYL6012OO008,000000000,Maxis Bhd,,EC,MY,2026-01
MYL5053OO003,MYL5053OO003,N/A,OSK Holdings Bhd,,EC,MY,2026-01
MYL5681OO001,MYL5681OO001,N/A,PETRONAS DAGANGAN BERHAD,,EC,MY,2026-02
MYL5338TO007,MYL5338TO007,N/A,Paradigm Real Estate Investment Trust,,EC,MY,2026-01
MYL5212TO004,MYL5212TO004,N/A,Pavilion Real Estate Investment Trust,,EC,MY,2026-01
MYL5183OO008,MYL5183OO008,000000000,Petronas Chemicals Group Bhd,,EC,MY,2026-01
MYL6033OO004,MYL6033OO004,000000000,Petronas Gas Bhd,,EC,MY,2026-01
MYL8869OO009,MYL8869OO009,000000000,Press Metal Aluminium Holdings Bhd,,EC,MY,2026-01
MYL1295OO004,MYL1295OO004,000000000,Public Bank Bhd,,EC,MY,2026-01
MYL1066OO009,MYL1066OO009,000000000,RHB Bank Bhd,,EC,MY,2026-01
MYL5285OO001,MYL5285OO001,000000000,SD Guthrie Bhd,,EC,MY,2026-01
MYL8664OO004,MYL8664OO004,N/A,SP Setia Bhd Group,,EC,MY,2026-01
MYL5288OO005,MYL5288OO005,N/A,Sime Darby Property Bhd,,EC,MY,2026-01
MYL5211OO007,MYL5211OO007,000000000,Sunway Bhd,,EC,MY,2026-01
MYL5176TO001,MYL5176TO001,N/A,Sunway Real Estate Investment Trust,,EC,MY,2026-01
MYL5401OO004,MYL5401OO004,N/A,Tropicana Corp Bhd,,EC,MY,2026-01
MYL5148OO001,MYL5148OO001,N/A,UEM Sunrise Bhd,,EC,MY,2026-01
MYL4677OO000,MYL4677OO000,000000000,YTL Corp Bhd,,EC,MY,2026-01
MYL5109TO002,MYL5109TO002,N/A,YTL Hospitality REIT,,EC,MY,2026-01
MYL6742OO000,MYL6742OO000,000000000,YTL Power International Bhd,,EC,MY,2026-01
NL0000687663,NL0000687663,000000000,AerCap Holdings NV,,EC,NL,2026-01
NL0015435975,NL0015435975,000000000,Davide Campari-Milano NV,,EC,NL,2026-01
BMG3602E1084,BMG3602E1084,,Flow Traders Ltd,,EC,NL,2026-01
NL0015285941,NL0015285941,000000000,Immatics NV,,EC,NL,2026-03
CY0200751713,CY0200751713,N/A,Theon International PLC,,EC,NL,2026-01
NL0010696654,NL0010696654,000000000,uniQure NV,,EC,NL,2026-02
SGXZ69436764,SGXZ69436764,N/A,BW LPG Ltd,,EC,NO,2026-01
SGXZ53070850,SGXZ53070850,N/A,Hafnia Ltd,,EC,NO,2026-01
NO0013178616,NO0013178616,N/A,Public Property Invest AS,,EC,NO,2026-01
NZAIRE0001S2,NZAIRE0001S2,000000000,Air New Zealand Ltd,,EC,NZ,2026-03
NZAIAE0002S6,NZAIAE0002S6,000000000,Auckland International Airport Ltd,,EC,NZ,2026-01
NZCENE0001S6,NZCENE0001S6,000000000,Contact Energy Ltd,,EC,NZ,2026-01
NZERDE0001S5,NZERDE0001S5,N/A,Eroad Ltd,,EC,NZ,2026-02
NZFAPE0001S2,NZFAPE0001S2,000000000,Fisher & Paykel Healthcare Corp Ltd,,EC,NZ,2026-01
NZFBUE0001S0,NZFBUE0001S0,000000000,Fletcher Building Ltd,,EC,NZ,2026-03
NZCPTE0001S9,NZCPTE0001S9,000000000,Goodman Property Trust,,EC,NZ,2026-03
NZIFTE0003S3,NZIFTE0003S3,000000000,Infratil Ltd,,EC,NZ,2026-01
NZKMDE0001S3,NZKMDE0001S3,N/A,KMD Brands Ltd,,EC,NZ,2026-02
NZMELE0002S7,NZMELE0002S7,000000000,Meridian Energy Ltd,,EC,NZ,2026-01
NZNEUE0001S8,NZNEUE0001S8,000000000,Neuren Pharmaceuticals Ltd,,EC,NZ,2026-03
NZOCAE0002S0,NZOCAE0002S0,N/A,Oceania Healthcare Ltd,,EC,NZ,2026-02
NZRYME0001S4,NZRYME0001S4,000000000,Ryman Healthcare Ltd,,EC,NZ,2026-03
NZSKCE0001S2,NZSKCE0001S2,N/A,SKYCITY Entertainment Group Ltd,,EC,NZ,2026-02
NZTELE0001S4,NZTELE0001S4,000000000,Spark New Zealand Ltd,,EC,NZ,2026-03
NZCHPE0001S4,NZCHPE0001S4,N/A,Vital Healthcare Property Trust,,EC,NZ,2026-01
NZWHSE0001S6,NZWHSE0001S6,N/A,Warehouse Group Ltd/The,,EC,NZ,2026-02
NZXROE0001S2,NZXROE0001S2,000000000,Xero Ltd,,EC,NZ,2026-01
NZATME0002S8,NZATME0002S8,000000000,a2 Milk Co Ltd/The,,EC,NZ,2026-03
PAP169941328,PAP169941328,N/A,Banco Latinoamericano de Comercio Exterior SA,,EC,PA,2025-06
PAP310761054,PAP310761054,P31076105,"Copa Holdings, S.A.",,EC,PA,2026-01
PHY1001D1010,PHY1001D1010,N/A,AREIT Inc,,EC,PH,2026-01
PHY1642D1064,PHY1642D1064,N/A,Citicore Energy REIT Corp,,EC,PH,2026-01
PHY594811127,PHY594811127,N/A,Megaworld Corp,,EC,PH,2026-01
PHY7319E1039,PHY7319E1039,N/A,RL Commercial REIT Inc,,EC,PH,2026-01
PHY731961264,PHY731961264,Y73196126,Robinsons Land Corp,,EC,PH,2026-01
PR3186727065,PR3186727065,318672706,First BanCorp,,EC,PR,2025-06
QA000A0M8VM3,QA000A0M8VM3,000000000,Al Rayan Bank,,EC,QA,2026-01
QA000A0KD6J5,QA000A0KD6J5,N/A,Barwa Real Estate Co,,EC,QA,2026-01
QA0007227752,QA0007227752,000000000,Commercial Bank PSQC/The,,EC,QA,2026-01
QA000B982PM1,QA000B982PM1,000000000,Dukhan Bank,,EC,QA,2026-01
QA000A0NE8B4,QA000A0NE8B4,N/A,Ezdan Holding Group QSC,,EC,QA,2026-01
QA000A1C6VZ0,QA000A1C6VZ0,N/A,Mazaya Real Estate Development QPSC,,EC,QA,2026-01
QA000VSUG130,QA000VSUG130,000000000,Mesaieed Petrochemical Holding Co,,EC,QA,2026-01
QA000A0KD6M9,QA000A0KD6M9,N/A,United Development Co QSC,,EC,QA,2026-01
RU0007252813,RU0007252813,000000000,Alrosa PJSC,,EC,RU,2026-01
RU0007775219,RU0007775219,000000000,Mobile TeleSystems PJSC,,EC,RU,2026-01
RU000A0JR4A1,RU000A0JR4A1,000000000,Moscow Exchange MICEX-RTS PJSC,,EC,RU,2026-01
RU0009029540,RU0009029540,000000000,Sberbank of Russia PJSC,,EC,RU,2026-01
SA15CGS10H12,SA15CGS10H12,000000000,ACWA Power Co,,EC,SA,2026-01
SA55SG6H5716,SA55SG6H5716,000000000,Ades Holding Co,,EC,SA,2026-01
SA14BG523N54,SA14BG523N54,N/A,Al Maather REIT Fund,,EC,SA,2026-01
SA14GG523Q50,SA14GG523Q50,N/A,Al Rajhi REIT,,EC,SA,2026-01
SA14E0523P52,SA14E0523P52,N/A,Alahli REIT Fund 1,,EC,SA,2026-01
SA13U0923G19,SA13U0923G19,N/A,Alandalus Property Co,,EC,SA,2026-01
SA15L0523UH6,SA15L0523UH6,N/A,Alinma Hospitality REIT Fund,,EC,SA,2026-01
SA14HG523SL1,SA14HG523SL1,N/A,Alinma Retail REIT Fund,,EC,SA,2026-01
SA14LG523U13,SA14LG523U13,N/A,Alkhabeer REIT,,EC,SA,2026-01
SA0007879105,SA0007879105,000000000,Arab National Bank,,EC,SA,2026-01
SA14QG523GH3,SA14QG523GH3,N/A,Arabian Centres Co,,EC,SA,2026-01
SA15CIBJGH12,SA15CIBJGH12,000000000,Arabian Internet & Communications Services Co,,EC,SA,2026-01
SA0007879683,SA0007879683,N/A,Arriyadh Development Co,,EC,SA,2026-01
SA0007879055,SA0007879055,000000000,Bank Al-Jazira,,EC,SA,2026-01
SA000A0D9HK3,SA000A0D9HK3,000000000,Bank AlBilad,,EC,SA,2026-01
SA0007879782,SA0007879782,000000000,Banque Saudi Fransi,,EC,SA,2026-01
SA14I0523TL9,SA14I0523TL9,N/A,Bonyan REIT,,EC,SA,2026-01
SA1210540914,SA1210540914,000000000,Bupa Arabia for Cooperative Insurance Co,,EC,SA,2026-01
SA14E0523PL6,SA14E0523PL6,N/A,Derayah REIT,,EC,SA,2026-01
SA000A0KDVM8,SA000A0KDVM8,N/A,Emaar Economic City,,EC,SA,2026-01
SA000A0MR864,SA000A0MR864,000000000,Jabal Omar Development Co,,EC,SA,2026-01
SA14GG523R59,SA14GG523R59,N/A,Jadwa REIT Saudi Fund,,EC,SA,2026-01
SA12IG523B16,SA12IG523B16,N/A,Knowledge Economic City Co,,EC,SA,2026-01
SA15IG94KVH6,SA15IG94KVH6,N/A,Ladun Investment Co,,EC,SA,2026-01
SA0007879659,SA0007879659,000000000,Makkah Construction & Development Co,,EC,SA,2026-01
SA12C051UH11,SA12C051UH11,000000000,Mouwasat Medical Services Co,,EC,SA,2026-01
SA14CG523O51,SA14CG523O51,N/A,Mulkia Gulf Real Estate REIT Fund,,EC,SA,2026-01
SA14BG523NL8,SA14BG523NL8,N/A,Musharaka Real Estate Income Fund,,EC,SA,2026-01
SA15J1S23H17,SA15J1S23H17,N/A,Retal Urban Development Co,,EC,SA,2026-01
SA0007879048,SA0007879048,000000000,Riyad Bank,,EC,SA,2026-01
SA145G523L57,SA145G523L57,N/A,Riyad REIT Fund,,EC,SA,2026-01
SA15T1L22JH8,SA15T1L22JH8,000000000,SAL Saudi Logistics Services,,EC,SA,2026-01
SA000A0KFKK0,SA000A0KFKK0,000000000,Sahara International Petrochemical Co,,EC,SA,2026-01
SA123GA0ITH7,SA123GA0ITH7,000000000,Saudi Arabian Mining Co,,EC,SA,2026-01
SA0007879089,SA0007879089,000000000,Saudi Awwal Bank,,EC,SA,2026-01
SA0007879063,SA0007879063,000000000,Saudi Investment Bank/The,,EC,SA,2026-01
SA0007870047,SA0007870047,N/A,Saudi Real Estate Co,,EC,SA,2026-01
SA000A0JK5M3,SA000A0JK5M3,000000000,Saudi Research & Media Group,,EC,SA,2026-01
SA15DHKGHBH4,SA15DHKGHBH4,000000000,Saudi Tadawul Group Holding Co,,EC,SA,2026-01
SA14GG523S58,SA14GG523S58,N/A,Sedco Capital REIT Fund,,EC,SA,2026-01
SA15SGSI3HH9,SA15SGSI3HH9,N/A,Sumou Real Estate Co,,EC,SA,2026-01
SA0007879790,SA0007879790,N/A,Taiba Investments Co,,EC,SA,2026-01
SA169G7I3IH8,SA169G7I3IH8,N/A,Umm Al Qura for Development & Construction Co,,EC,SA,2026-01
SA000A0HNF36,SA000A0HNF36,000000000,Yanbu National Petrochemical Co,,EC,SA,2026-01
SE0004019545,SE0004019545,000000000,Brighter AB,,EC,SE,2026-03
SG2D63974620,SG2D63974620,000000000,AIMS APAC REIT,,EC,SG,2026-03
SGXE54866863,SGXE54866863,N/A,Aztech Global Ltd,,EC,SG,2026-02
SG1BG3000008,SG1BG3000008,N/A,BRC Asia Ltd,,EC,SG,2026-02
SG1T49930665,SG1T49930665,N/A,Banyan Tree Holdings Ltd,,EC,SG,2026-02
SG1X13940751,SG1X13940751,N/A,Boustead Singapore Ltd,,EC,SG,2026-02
SG1T66931158,SG1T66931158,000000000,CDL Hospitality Trusts,,EC,SG,2026-03
SG2D72974892,SG2D72974892,N/A,CNMC Goldmine Holdings Ltd,,EC,SG,2026-02
SG1S76928401,SG1S76928401,000000000,COSCO SHIPPING International Singapore Co Ltd,,EC,SG,2026-03
SG1G47869290,SG1G47869290,N/A,CSE Global Ltd,,EC,SG,2026-02
SG1M77906915,SG1M77906915,000000000,CapitaLand Ascendas REIT,,EC,SG,2026-01
SGXC16332337,SGXC16332337,000000000,CapitaLand Ascott Trust,,EC,SG,2026-03
SG1U25933169,SG1U25933169,N/A,CapitaLand China Trust,,EC,SG,2026-01
SG1M51904654,SG1M51904654,000000000,CapitaLand Integrated Commercial Trust,,EC,SG,2026-01
SGXE62145532,SGXE62145532,000000000,CapitaLand Investment Ltd/Singapore,,EC,SG,2026-01
SG1V35936920,SG1V35936920,000000000,Capitaland India Trust,,EC,SG,2026-03
SG2D51973063,SG2D51973063,N/A,Centurion Corp Ltd,,EC,SG,2026-01
SG1T06929205,SG1T06929205,N/A,China Aviation Oil Singapore Corp Ltd,,EC,SG,2026-02
SGXE54479022,SGXE54479022,N/A,China Sunsine Chemical Holdings Ltd,,EC,SG,2026-02
SG1R89002252,SG1R89002252,000000000,City Developments Ltd,,EC,SG,2026-03
SG1N31909426,SG1N31909426,000000000,ComfortDelGro Corp Ltd,,EC,SG,2026-03
SG1Q25921608,SG1Q25921608,N/A,Delfi Ltd,,EC,SG,2026-02
SGXC50067435,SGXC50067435,000000000,Digital Core REIT Management Pte Ltd,,EC,SG,2026-03
SG1DA7000003,SG1DA7000003,N/A,EC World Real Estate Investment Trust,,EC,SG,2026-01
SGXC55341835,SGXC55341835,000000000,ESR-REIT,,EC,SG,2026-03
SG2F08984575,SG2F08984575,N/A,Far East Hospitality Trust,,EC,SG,2026-01
SG1W35938974,SG1W35938974,N/A,First Resources Ltd,,EC,SG,2026-02
SG1I44882534,SG1I44882534,N/A,Food Empire Holdings Ltd,,EC,SG,2026-02
SG1T60930966,SG1T60930966,000000000,Frasers Centrepoint Trust,,EC,SG,2026-03
SG1CI9000006,SG1CI9000006,N/A,Frasers Logistics & Commercial Trust,,EC,SG,2026-01
SGXE21576413,SGXE21576413,000000000,Genting Singapore Ltd,,EC,SG,2026-03
SG2F24986083,SG2F24986083,N/A,Geo Energy Resources Ltd,,EC,SG,2026-02
SGXPG02D6ZP7,SGXPG02D6ZP7,N/A,Global Resource Construction Ltd,,EC,SG,2026-02
MU0117U00026,MU0117U00026,N/A,Golden Agri-Resources Ltd,,EC,SG,2026-02
SG1J14885763,SG1J14885763,N/A,Hong Fok Corp Ltd,,EC,SG,2026-02
SG1F76860344,SG1F76860344,N/A,Hong Leong Asia Ltd,,EC,SG,2026-02
SG1AE9000009,SG1AE9000009,N/A,Hour Glass Ltd/The,,EC,SG,2026-02
SG1S48927937,SG1S48927937,N/A,ISDN Holdings Ltd,,EC,SG,2026-02
SG1U47933908,SG1U47933908,N/A,Indofood Agri Resources Ltd,,EC,SG,2026-02
SG1F66858902,SG1F66858902,N/A,InnoTek Ltd,,EC,SG,2026-02
SG1B51001017,SG1B51001017,000000000,Jardine Cycle & Carriage Ltd,,EC,SG,2026-03
SG1AF6000009,SG1AF6000009,000000000,Keppel DC REIT,,EC,SG,2026-03
SG1U48933923,SG1U48933923,000000000,Keppel Infrastructure Trust,,EC,SG,2026-03
SG1U68934629,SG1U68934629,000000000,Keppel Ltd,,EC,SG,2026-01
SG1T22929874,SG1T22929874,000000000,Keppel REIT,,EC,SG,2026-03
SG1AH9000002,SG1AH9000002,N/A,LHN Ltd,,EC,SG,2026-01
SGXC61949712,SGXC61949712,N/A,Lendlease Global Commercial REIT,,EC,SG,2026-01
SG1CI1000004,SG1CI1000004,000000000,Manulife US Real Estate Investment Trust,,EC,SG,2026-03
SG2C32962814,SG2C32962814,000000000,Mapletree Industrial Trust,,EC,SG,2026-03
SG1S03926213,SG1S03926213,000000000,Mapletree Logistics Trust,,EC,SG,2026-03
SG2D18969584,SG2D18969584,000000000,Mapletree Pan Asia Commercial Trust,,EC,SG,2026-03
SG1W14938268,SG1W14938268,N/A,Marco Polo Marine Ltd,,EC,SG,2026-02
SGXZ57724486,SGXZ57724486,N/A,Maxeon Solar Technologies Ltd.,,EC,SG,2025-06
SGXC92727947,SGXC92727947,N/A,NTT DC REIT,,EC,SG,2026-01
SG2G60000004,SG2G60000004,N/A,OUE Real Estate Investment Trust,,EC,SG,2026-01
SGXE65760014,SGXE65760014,N/A,Olam Group Ltd,,EC,SG,2026-02
SG1S04926220,SG1S04926220,000000000,Oversea-Chinese Banking Corp Ltd,,EC,SG,2026-01
SG1A67000830,SG1A67000830,N/A,Pan-United Corp Ltd,,EC,SG,2026-02
SG1V52937132,SG1V52937132,000000000,Parkway Life Real Estate Investment Trust,,EC,SG,2026-03
SGXC75818630,SGXC75818630,N/A,Prime US REIT,,EC,SG,2026-01
SG1A49000759,SG1A49000759,N/A,QAF Ltd,,EC,SG,2026-02
SG1H00001443,SG1H00001443,N/A,RH PetroGas Ltd,,EC,SG,2026-02
SG1CH4000003,SG1CH4000003,N/A,Raffles Medical Group Ltd,,EC,SG,2026-02
SG2G04994999,SG2G04994999,N/A,Rex International Holding Ltd,,EC,SG,2026-02
SG1U22933048,SG1U22933048,N/A,Riverstone Holdings Ltd,,EC,SG,2026-02
SG1I52882764,SG1I52882764,000000000,SATS Ltd,,EC,SG,2026-03
SG1F29855813,SG1F29855813,N/A,Samudera Shipping Line Ltd,,EC,SG,2026-02
SG1ED2000000,SG1ED2000000,N/A,Sasseur Real Estate Investment Trust,,EC,SG,2026-01
SGXE34184239,SGXE34184239,000000000,Seatrium Ltd,,EC,SG,2026-03
SG1R50925390,SG1R50925390,000000000,Sembcorp Industries Ltd,,EC,SG,2026-01
SG1V61937297,SG1V61937297,000000000,Singapore Airlines Ltd,,EC,SG,2026-01
SG1J26887955,SG1J26887955,000000000,Singapore Exchange Ltd,,EC,SG,2026-01
SG1T75931496,SG1T75931496,000000000,Singapore Telecommunications Ltd,,EC,SG,2026-01
SG1S18926810,SG1S18926810,N/A,Starhill Global REIT,,EC,SG,2026-01
SGXC11267561,SGXC11267561,N/A,Stoneweg Europe Stapled Trust,,EC,SG,2026-01
SG1Q52922370,SG1Q52922370,000000000,Suntec Real Estate Investment Trust,,EC,SG,2026-03
SG2D13002373,SG2D13002373,N/A,Tuan Sing Holdings Ltd,,EC,SG,2026-02
SG1S83002349,SG1S83002349,000000000,UOL Group Ltd,,EC,SG,2026-03
CA9191444020,CA9191444020,919144402,Valeura Energy Inc,,EC,SG,2026-02
SG0531000230,SG0531000230,000000000,Venture Corp Ltd,,EC,SG,2026-03
SG9999014716,SG9999014716,000000000,WaVe Life Sciences Ltd,,EC,SG,2026-02
SG1W55939399,SG1W55939399,N/A,Wee Hur Holdings Ltd,,EC,SG,2026-02
SG9999003735,SG9999003735,N/A,XP Power Ltd,,EC,SG,2026-02
SGXE77102635,SGXE77102635,N/A,Yangzijiang Financial Holding Ltd,,EC,SG,2026-02
SGXE35825913,SGXE35825913,N/A,Yangzijiang Maritime Development Ltd,,EC,SG,2026-02
SG1U76934819,SG1U76934819,000000000,Yangzijiang Shipbuilding Holdings Ltd,,EC,SG,2026-01
SG1T57930854,SG1T57930854,N/A,Yanlord Land Group Ltd,,EC,SG,2026-01
SG1T74931364,SG1T74931364,N/A,Yoma Strategic Holdings Ltd,,EC,SG,2026-01
TH0308010Y16,TH0308010Y16,N/A,AP Thailand PCL,,EC,TH,2026-01
TH0765010R16,TH0765010R16,000000000,Airports of Thailand PCL,,EC,TH,2026-01
TH0617A10Z16,TH0617A10Z16,N/A,Amata Corp PCL,,EC,TH,2026-01
THA996010015,THA996010015,N/A,BA Airport Leasehold REIT,,EC,TH,2026-01
TH0285B10Z16,TH0285B10Z16,N/A,Bangkok Land PCL,,EC,TH,2026-01
TH0737010R15,TH0737010R15,000000000,CP ALL PCL,,EC,TH,2026-01
THC450010R16,THC450010R16,000000000,CP AXTRA PCL,,EC,TH,2026-01
TH8351010013,TH8351010013,N/A,CPN Retail Growth Leasehold REIT,,EC,TH,2026-01
TH0481010R10,TH0481010R10,000000000,Central Pattana PCL,,EC,TH,2026-01
TH0481B10Z18,TH0481B10Z18,N/A,Central Pattana PCL,,EC,TH,2026-01
TH0101010R14,TH0101010R14,000000000,Charoen Pokphand Foods PCL,,EC,TH,2026-01
TH6172010014,TH6172010014,N/A,Frasers Property Thailand Industrial Freehold & Leasehold REIT,,EC,TH,2026-01
THC903010R14,THC903010R14,000000000,Gulf Development PCL,,EC,TH,2026-01
TH5882010017,TH5882010017,N/A,IMPACT Growth Real Estate Investment Trust,,EC,TH,2026-01
TH6180010014,TH6180010014,N/A,LH Shopping Centers Leasehold Real Estate Investment Trust,,EC,TH,2026-01
TH0143010Z16,TH0143010Z16,N/A,Land & Houses PCL,,EC,TH,2026-01
THC611010016,THC611010016,N/A,Lotus's Retail Growth Freehold And Leasehold Property Fund,,EC,TH,2026-01
TH0480B10Z19,TH0480B10Z19,N/A,MBK PCL,,EC,TH,2026-01
TH6957010015,TH6957010015,N/A,New Issuer: BB Company ID:48318426,,EC,TH,2026-01
TH6830058504,TH6830058504,N/A,Origin Property PCL,,EC,TH,2026-01
TH0355010R16,TH0355010R16,000000000,PTT Exploration & Production PCL,,EC,TH,2026-01
TH0646010R18,TH0646010R18,000000000,PTT PCL,,EC,TH,2026-01
TH0878010Y18,TH0878010Y18,N/A,Pruksa Real Estate PCL,,EC,TH,2026-01
TH0256A10Z12,TH0256A10Z12,N/A,Quality Houses PCL,,EC,TH,2026-01
TH0747A10Z19,TH0747A10Z19,N/A,SC Asset Corp PCL,,EC,TH,2026-01
TH0577C10Z12,TH0577C10Z12,N/A,Sansiri PCL,,EC,TH,2026-01
TH0003010R12,TH0003010R12,000000000,Siam Cement PCL/The,,EC,TH,2026-01
TH0371010Z13,TH0371010Z13,N/A,Supalai PCL,,EC,TH,2026-01
THB231010R11,THB231010R11,000000000,True Corp PCL,,EC,TH,2026-01
TH3871010Z19,TH3871010Z19,N/A,WHA Corp PCL,,EC,TH,2026-01
TH6141010012,TH6141010012,N/A,WHA Premium Growth Freehold & Leasehold Real Estate InvestmentTrust,,EC,TH,2026-01
TREKYAS00018,TREKYAS00018,N/A,Kuyumcukent Gayrimenkul Yatirimlari AS,,EC,TR,2026-01
TW0001442002,TW0001442002,N/A,Advancetek Enterprise Co Ltd,,EC,TW,2026-01
TW0001102002,TW0001102002,000000000,Asia Cement Corp,,EC,TW,2026-01
TW0002357001,TW0002357001,000000000,Asustek Computer Inc,,EC,TW,2026-01
TW0009958009,TW0009958009,000000000,CENTURY IRON & STEEL INDUSTRIAL CO LTD,,EC,TW,2026-03
TW0002501004,TW0002501004,N/A,Cathay Real Estate Development Co Ltd,,EC,TW,2026-01
TW0002105004,TW0002105004,000000000,Cheng Shin Rubber Industry Co Ltd,,EC,TW,2026-01
TW0002002003,TW0002002003,000000000,China Steel Corp,,EC,TW,2026-01
TW0005534002,TW0005534002,N/A,Chong Hong Construction Co Ltd,,EC,TW,2026-01
TW0002528007,TW0002528007,N/A,Crowell Development Corp,,EC,TW,2026-01
TW0006177009,TW0006177009,N/A,Da-Li Development Co Ltd,,EC,TW,2026-01
TW0002530003,TW0002530003,N/A,Delpha Construction Co Ltd,,EC,TW,2026-01
TW0002618006,TW0002618006,000000000,Eva Airways Corp,,EC,TW,2026-01
TW0002603008,TW0002603008,000000000,Evergreen Marine Corp Taiwan Ltd,,EC,TW,2026-01
TW0001402006,TW0001402006,000000000,Far Eastern New Century Corp,,EC,TW,2026-01
TW0005522007,TW0005522007,N/A,Farglory Land Development Co Ltd,,EC,TW,2026-01
TW0009910000,TW0009910000,000000000,Feng TAY Enterprise Co Ltd,,EC,TW,2026-01
TW0001326007,TW0001326007,000000000,Formosa Chemicals & Fibre Corp,,EC,TW,2026-01
TW0001301000,TW0001301000,000000000,Formosa Plastics Corp,,EC,TW,2026-01
TW0003056008,TW0003056008,N/A,Fu Hua Innovation Co Ltd,,EC,TW,2026-01
TW0001437002,TW0001437002,N/A,GTM Holdings Corp,,EC,TW,2026-01
TW0002542008,TW0002542008,N/A,Highwealth Construction Corp,,EC,TW,2026-01
TW0002536000,TW0002536000,N/A,Hong Pu Real Estate Development Co Ltd,,EC,TW,2026-01
TW0002207008,TW0002207008,000000000,Hotai Motor Co Ltd,,EC,TW,2026-01
TW0001436004,TW0001436004,N/A,Hua Yu Lien Development Co Ltd,,EC,TW,2026-01
TW0002548005,TW0002548005,N/A,Huaku Development Co Ltd,,EC,TW,2026-01
TW0002545001,TW0002545001,N/A,Huang Hsiang Construction Corp,,EC,TW,2026-01
TW0002527009,TW0002527009,N/A,Hung Ching Development & Construction Co Ltd,,EC,TW,2026-01
TW0002534005,TW0002534005,N/A,Hung Sheng Construction Ltd,,EC,TW,2026-01
TW0002356003,TW0002356003,000000000,Inventec Corp,,EC,TW,2026-01
TW0002540002,TW0002540002,N/A,JSL Construction & Development Co Ltd,,EC,TW,2026-01
TW0002442001,TW0002442001,N/A,Jean Co Ltd,,EC,TW,2026-01
TW0002538006,TW0002538006,N/A,KEE TAI Properties Co Ltd,,EC,TW,2026-01
TW0002520004,TW0002520004,N/A,Kindom Development Co Ltd,,EC,TW,2026-01
TW0002524006,TW0002524006,N/A,King's Town Construction Co Ltd,,EC,TW,2026-01
TW0002505005,TW0002505005,N/A,Kuo Yang Construction Co Ltd,,EC,TW,2026-01
TW0002301009,TW0002301009,000000000,Lite-On Technology Corp,,EC,TW,2026-01
TW0006244007,TW0006244007,Y61397108,MOTECH Industries Inc.,,EC,TW,2026-02
TW0001303006,TW0001303006,000000000,Nan Ya Plastics Corp,,EC,TW,2026-01
TW0002506003,TW0002506003,N/A,Pacific Construction Co,,EC,TW,2026-01
TW0004938006,TW0004938006,000000000,Pegatron Corp,,EC,TW,2026-01
TW0002511003,TW0002511003,N/A,Prince Housing & Development Corp,,EC,TW,2026-01
TW0002547007,TW0002547007,N/A,Radium Life Tech Co Ltd,,EC,TW,2026-01
TW0009945006,TW0009945006,N/A,Ruentex Development Co Ltd,,EC,TW,2026-01
TW0002539004,TW0002539004,N/A,Sakura Development Co Ltd,,EC,TW,2026-01
TW0009946004,TW0009946004,N/A,San Far Property Ltd,,EC,TW,2026-01
TW0005876007,TW0005876007,000000000,Shanghai Commercial & Savings Bank Ltd/The,,EC,TW,2026-01
TW0006186000,TW0006186000,N/A,Shin Ruenn Development Co Ltd,,EC,TW,2026-01
TW0005531008,TW0005531008,N/A,Shining Building Business Co Ltd,,EC,TW,2026-01
TW0002890001,TW0002890001,000000000,SinoPac Financial Holdings Co Ltd,,EC,TW,2026-01
TW0005525000,TW0005525000,N/A,Sweeten Real Estate Development Co Ltd,,EC,TW,2026-01
TW0006443005,TW0006443005,Y89777109,TSEC Corp.,,EC,TW,2026-02
TW0002841004,TW0002841004,N/A,Taiwan Land Development Corp,,EC,TW,2026-01
TW0001504009,TW0001504009,000000000,Teco Electric and Machinery Co Ltd,,EC,TW,2026-01
TW0003576005,TW0003576005,Y6247H139,"United Renewable Energy Co., Ltd.",,EC,TW,2026-02
TW0002537008,TW0002537008,N/A,We & Win Development Co Ltd,,EC,TW,2026-01
TW0004113006,TW0004113006,N/A,We&Win Diversification Co Ltd,,EC,TW,2026-01
TW0003231007,TW0003231007,000000000,Wistron Corp,,EC,TW,2026-01
TW0006669005,TW0006669005,000000000,Wiwynn Corp,,EC,TW,2026-01
TW0002609005,TW0002609005,000000000,Yang Ming Marine Transport Corp,,EC,TW,2026-01
TW0005213003,TW0005213003,N/A,Yea Shin International Development Co Ltd,,EC,TW,2026-01
TW0005508006,TW0005508006,N/A,Yungshin Construction & Development Co Ltd,,EC,TW,2026-01
US68243Q1067,US68243Q1067,68243Q106,"1-800-FLOWERS.COM, INC.",,EC,US,2026-01
US3369011032,US3369011032,336901103,1ST SOURCE CORPORATION,,EC,US,2026-01
US3205511047,US3205511047,320551104,"1stdibs.com, Inc.",,EC,US,2025-06
US88583P1049,US88583P1049,88583P104,"374Water, Inc.",,EC,US,2025-06
US35104E1001,US35104E1001,35104E100,4D Molecular Therapeutics Inc,,EC,US,2026-01
US33830Q2084,US33830Q2084,33830Q208,"5E Advanced Materials, Inc.",,EC,US,2025-06
CUSIP:282CVR103,N/A,282CVR103,89BIO INC CVR,,EC,US,2026-01
US2825591033,US2825591033,282559103,"89bio, Inc.",,EC,US,2025-06
CUSIP:003CVR016,N/A,003CVR016,ABIOMED INC CVR,,EC,US,2026-01
NAME:ABIOMED_INC,,,ABIOMED Inc,,EC,US,2026-03
US00402L1070,US00402L1070,00402L107,"ACADEMY SPORTS AND OUTDOORS, INC.",,EC,US,2026-01
US00791N1028,US00791N1028,00791N102,ADVANTAGE SOLUTIONS INC.,,EC,US,2026-01
CUSIP:007CVR207,N/A,007CVR207,ADVERUM BIOTECHNOLO CVR,,EC,US,2026-01
US0084921008,US0084921008,008492100,AGREE REALTY CORPORATION,,EC,US,2026-03
US013CVR0225,US013CVR0225,013CVR022,ALBIREO PHARMA INC CVR,,EC,US,2026-01
US0162301040,US0162301040,016230104,"ALICO, INC.",,EC,US,2026-01
US00166B1052,US00166B1052,00166B105,"ALX Oncology Holdings, Inc.",,EC,US,2025-06
US02341Q2057,US02341Q2057,02341Q205,AMCON Distributing Co.,,EC,US,2025-06
US03062T1051,US03062T1051,03062T105,"AMERICA'S CAR-MART, INC.",,EC,US,2026-01
US0305061097,US0305061097,030506109,AMERICAN WOODMARK CORPORATION,,EC,US,2026-01
US0310011004,US0310011004,031001100,AMES NATIONAL CORPORATION,,EC,US,2026-01
US0373261058,US0373261058,037326105,"AN2 Therapeutics, Inc.",,EC,US,2025-06
US03676B1026,US03676B1026,03676B102,ANTERO MIDSTREAM CORPORATION,,EC,US,2026-01
US00187Y1001,US00187Y1001,00187Y100,API GROUP CORPORATION,,EC,US,2026-01
US0407121013,US0407121013,040712101,ARK RESTAURANTS CORP.,,EC,US,2026-01
US0412421085,US0412421085,041242108,ARKO CORP.,,EC,US,2026-01
US82835W1080,US82835W1080,82835W108,ARS Pharmaceuticals Inc,,EC,US,2026-01
US0431132085,US0431132085,043113208,ARTESIAN RESOURCES CORPORATION,,EC,US,2026-01
US00218A1051,US00218A1051,00218A105,ASP Isotopes Inc,,EC,US,2026-02
US04649U1025,US04649U1025,04649U102,"ASURE SOFTWARE, INC.",,EC,US,2026-01
US0477261046,US0477261046,047726104,"ATLANTA BRAVES HOLDINGS, INC.",,EC,US,2026-01
US0477263026,US0477263026,047726302,"ATLANTA BRAVES HOLDINGS, INC.",,EC,US,2026-01
US04911A1079,US04911A1079,04911A107,ATLANTIC UNION BANKSHARES CORPORATION,,EC,US,2026-01
US04914Y1029,US04914Y1029,04914Y102,ATLANTICUS HOLDINGS CORPORATION,,EC,US,2026-01
US05356F1057,US05356F1057,05356F105,AVEANNA HEALTHCARE HOLDINGS INC.,,EC,US,2026-01
US76151R2067,US76151R2067,76151R206,"AXIL Brands, Inc.",,EC,US,2025-06
US05478C1053,US05478C1053,05478C105,"AZEK Co., Inc. (The)",,EC,US,2025-06
US0029421007,US0029421007,002942100,"Aardvark Therapeutics, Inc.",,EC,US,2025-06
US00258Y1047,US00258Y1047,00258Y104,Abacus Global Management Inc,,EC,US,2026-02
KR8840090003,KR8840090003,000000000,Access Bio Inc,,EC,US,2026-03
US0048901096,US0048901096,004890109,"Acrivon Therapeutics, Inc.",,EC,US,2025-06
US0050831009,US0050831009,005083100,"Actuate Therapeutics, Inc.",,EC,US,2025-06
US00509G2093,US00509G2093,00509G209,"Acumen Pharmaceuticals, Inc.",,EC,US,2025-06
US00510N1028,US00510N1028,00510N102,Acuren Corp.,,EC,US,2025-06
US0070021086,US0070021086,007002108,"Adicet Bio, Inc.",,EC,US,2025-06
US00791N2018,US00791N2018,00791N201,"Advantage Solutions, Inc.",,EC,US,2026-03
US00776X1090,US00776X1090,00776X109,"Aeluma, Inc.",,EC,US,2025-06
US00809R2022,US00809R2022,00809R202,"Aether Holdings, Inc.",,EC,US,2025-06
US00832E1038,US00832E1038,00832E103,"Affinity Bancshares, Inc.",,EC,US,2025-06
US6121601016,US6121601016,612160101,AirJoule Technologies Corp,,EC,US,2026-02
US0094961002,US0094961002,009496100,AirSculpt Technologies Inc,,EC,US,2026-02
US0089401089,US0089401089,008940108,"Airship AI Holdings, Inc.",,EC,US,2025-06
US00974H1041,US00974H1041,00974H104,"Akoya Biosciences, Inc.",,EC,US,2025-06
US01021M1045,US01021M1045,01021M104,"Aktis Oncology, Inc.",,EC,US,2026-03
US02157E1064,US02157E1064,02157E106,AlTi Global Inc,,EC,US,2026-02
US01438T1060,US01438T1060,01438T106,Aldeyra Therapeutics Inc,,EC,US,2026-01
US0191701095,US0191701095,019170109,"Allied Gaming & Entertainment, Inc.",,EC,US,2025-06
US0197701065,US0197701065,019770106,Allogene Therapeutics Inc,,EC,US,2026-02
US0207721095,US0207721095,020772109,Alpha Pro Tech Ltd.,,EC,US,2025-06
US02080L1026,US02080L1026,02080L102,"Alpha Teknova, Inc.",,EC,US,2025-06
US02083X1037,US02083X1037,02083X103,"Alpine Income Property Trust, Inc.",,EC,US,2025-06
US02157Q1094,US02157Q1094,02157Q109,"Alto Neuroscience, Inc.",,EC,US,2025-06
US0223071020,US0223071020,022307102,Alumis Inc,,EC,US,2026-01
US0231931058,US0231931058,023193105,Ambiq Micro Inc,,EC,US,2026-02
US0234361089,US0234361089,023436108,"Amedisys, Inc.",,EC,US,2025-06
US03074A1025,US03074A1025,03074A102,"AmeriServ Financial, Inc.",,EC,US,2025-06
US02451V3096,US02451V3096,02451V309,American Battery Technology Co,,EC,US,2026-03
US02503H2094,US02503H2094,02503H209,American Infrastructure Corp.,,EC,US,2025-06
US0291741090,US0291741090,029174109,"American Realty Investors, Inc.",,EC,US,2025-06
US03211Q2003,US03211Q2003,03211Q200,"AmpliTech Group, Inc.",,EC,US,2025-06
US03237H1014,US03237H1014,03237H101,Amylyx Pharmaceuticals Inc,,EC,US,2026-01
US03464Y1082,US03464Y1082,03464Y108,"Angel Oak Mortgage REIT, Inc.",,EC,US,2025-06
US0349481095,US0349481095,034948109,Angel Studios Inc,,EC,US,2026-02
US03589W1027,US03589W1027,03589W102,Annexon Inc,,EC,US,2026-01
US03675P1021,US03675P1021,03675P102,Anteris Technologies Global Corp.,,EC,US,2025-06
US03770N1019,US03770N1019,03770N101,Apogee Therapeutics Inc,,EC,US,2026-02
US03843E1047,US03843E1047,03843E104,"Aquestive Therapeutics, Inc.",,EC,US,2025-06
US03969K1088,US03969K1088,03969K108,Arcutis Biotherapeutics Inc,,EC,US,2026-02
US03980N1072,US03980N1072,03980N107,Ardent Health Inc,,EC,US,2026-02
US0400441095,US0400441095,040044109,"Arena Group Holdings, Inc. (The)",,EC,US,2025-06
US04206A1016,US04206A1016,04206A101,Arlo Technologies Inc,,EC,US,2026-02
US0422551095,US0422551095,042255109,Armlogi Holding Corp.,,EC,US,2025-06
US04272N1028,US04272N1028,04272N102,ArriVent BioPharma Inc.,,EC,US,2026-01
US04272H2040,US04272H2040,04272H204,Arrive AI Inc,,EC,US,2026-02
US04302A1043,US04302A1043,04302A104,"Arteris, Inc.",,EC,US,2025-06
US04317A1079,US04317A1079,04317A107,"Artiva Biotherapeutics, Inc.",,EC,US,2025-06
US04335A1051,US04335A1051,04335A105,Arvinas Inc,,EC,US,2026-01
US0441037944,US0441037944,044103794,"Ashford Hospitality Trust, Inc.",,EC,US,2025-06
US0453962070,US0453962070,045396207,"Assembly Biosciences, Inc.",,EC,US,2025-06
US04635X1028,US04635X1028,04635X102,"Astria Therapeutics, Inc.",,EC,US,2025-06
US04683R1068,US04683R1068,04683R106,Atea Pharmaceuticals Inc,,EC,US,2026-01
US0482091008,US0482091008,048209100,Atlantic American Corp.,,EC,US,2025-06
US0485921094,US0485921094,048592109,Atlantic International Corp.,,EC,US,2025-06
US04965B1008,US04965B1008,04965B100,"Atomera, Inc.",,EC,US,2025-06
US04962H5063,US04962H5063,04962H506,"Atossa Therapeutics, Inc.",,EC,US,2025-06
US0504731078,US0504731078,050473107,"Auburn National BanCorp, Inc.",,EC,US,2025-06
US0507342014,US0507342014,050734201,"AudioEye, Inc.",,EC,US,2025-06
US05153U1079,US05153U1079,05153U107,Aura Biosciences Inc,,EC,US,2026-01
US05370A1088,US05370A1088,05370A108,Avidity Biosciences Inc.,,EC,US,2026-01
US05380C1027,US05380C1027,05380C102,"Avita Medical, Inc.",,EC,US,2025-06
US05453N1000,US05453N1000,05453N100,"Aware, Inc.",,EC,US,2025-06
US05463X1063,US05463X1063,05463X106,"AxoGen, Inc.",,EC,US,2025-06
US05945F1030,US05945F1030,05945F103,BANCFIRST CORPORATION,,EC,US,2026-01
US06211J1007,US06211J1007,06211J100,BANK FIRST CORPORATION,,EC,US,2026-01
US0634251021,US0634251021,063425102,BANK OF MARIN BANCORP,,EC,US,2026-01
US06652V2088,US06652V2088,06652V208,BANNER CORPORATION,,EC,US,2026-01
US68622E1047,US68622E1047,68622E104,BARK Inc,,EC,US,2026-02
US0702031040,US0702031040,070203104,"BASSETT FURNITURE INDUSTRIES, INCORPORATED",,EC,US,2026-01
US09077V1008,US09077V1008,09077V100,BIOAGE Labs Inc,,EC,US,2026-01
US05587G2030,US05587G2030,05587G203,BK TECHNOLOGIES CORPORATION,,EC,US,2026-01
US0958251052,US0958251052,095825105,"BLUE RIDGE BANKSHARES, INC.",,EC,US,2026-01
US1030021018,US1030021018,103002101,BOWMAN CONSULTING GROUP LTD.,,EC,US,2026-01
US05601U1051,US05601U1051,05601U105,BRC Inc,,EC,US,2026-02
US0556453035,US0556453035,055645303,BRT Apartments Corp.,,EC,US,2025-06
US12047B1052,US12047B1052,12047B105,BUMBLE INC.,,EC,US,2026-01
US05603E2081,US05603E2081,05603E208,"BV Financial, Inc.",,EC,US,2025-06
US05637B1052,US05637B1052,05637B105,"Backblaze, Inc.",,EC,US,2025-06
US05759B3050,US05759B3050,05759B305,"Bakkt Holdings, Inc.",,EC,US,2025-06
US4702991088,US4702991088,470299108,"Bank of the James Financial Group, Inc.",,EC,US,2025-06
US06643P1049,US06643P1049,06643P104,BankFinancial Corp.,,EC,US,2025-06
US0675322004,US0675322004,067532200,"Barfresh Food Group, Inc.",,EC,US,2025-06
US08205P2092,US08205P2092,08205P209,"Benitec Biopharma, Inc.",,EC,US,2025-06
US08579X1019,US08579X1019,08579X101,Berry Corp.,,EC,US,2025-06
US08659B1026,US08659B1026,08659B102,Beta Bionics Inc,,EC,US,2026-02
US0554771032,US0554771032,055477103,Bicara Therapeutics Inc,,EC,US,2026-01
US09077A1060,US09077A1060,09077A106,"Biomea Fusion, Inc.",,EC,US,2025-06
US0906831039,US0906831039,090683103,Biote Corp.,,EC,US,2025-06
US09203E1055,US09203E1055,09203E105,Black Diamond Therapeutics Inc,,EC,US,2026-01
US0922441029,US0922441029,092244102,Black Rock Coffee Bar Inc,,EC,US,2026-02
US0926671043,US0926671043,092667104,"Blade Air Mobility, Inc.",,EC,US,2025-06
US0929151076,US0929151076,092915107,Blaize Holdings Inc,,EC,US,2026-02
US09352U1088,US09352U1088,09352U108,Blend Labs Inc,,EC,US,2026-02
US09354A1007,US09354A1007,09354A100,Blink Charging Co.,,EC,US,2025-06
US09549B1044,US09549B1044,09549B104,Blue Foundry Bancorp,,EC,US,2025-06
US09631H1005,US09631H1005,09631H100,"Bluerock Homes Trust, Inc.",,EC,US,2025-06
US0972351052,US0972351052,097235105,Bogota Financial Corp.,,EC,US,2025-06
US10170A1007,US10170A1007,10170A100,"Boundless Bio, Inc.",,EC,US,2025-06
US1079241022,US1079241022,107924102,BridgeBio Oncology Therapeutics Inc,,EC,US,2026-02
US96812F1021,US96812F1021,96812F102,"Bridger Aerospace Group Holdings, Inc.",,EC,US,2025-06
US1087631032,US1087631032,108763103,Bridgford Foods Corp.,,EC,US,2025-06
US11373M1071,US11373M1071,11373M107,"Brookline Bancorp, Inc.",,EC,US,2025-06
US12135Y1082,US12135Y1082,12135Y108,Burke & Herbert Financial Services Corp,,EC,US,2026-02
US12430A3005,US12430A3005,12430A300,"BuzzFeed, Inc.",,EC,US,2025-06
US12448X2018,US12448X2018,12448X201,Byrna Technologies Inc,,EC,US,2026-01
US12529R1077,US12529R1077,12529R107,C4 Therapeutics Inc,,EC,US,2026-02
US1282461052,US1282461052,128246105,"CALAVO GROWERS, INC.",,EC,US,2026-01
US13463J1016,US13463J1016,13463J101,CAMP4 Therapeutics Corp.,,EC,US,2025-06
US1439051079,US1439051079,143905107,"CARRIAGE SERVICES, INC.",,EC,US,2026-01
US12514G1085,US12514G1085,12514G108,CDW CORPORATION,,EC,US,2025-10
US15117B2025,US15117B2025,15117B202,"CELLDEX THERAPEUTICS, INC.",,EC,US,2026-01
US12530C1071,US12530C1071,12530C107,"CFSB Bancorp, Inc.",,EC,US,2025-06
US17253J1060,US17253J1060,17253J106,CIPHER MINING INC.,,EC,US,2026-01
US1729221069,US1729221069,172922106,CITIZENS & NORTHERN CORPORATION,,EC,US,2026-01
US1749031043,US1749031043,174903104,"CITIZENS COMMUNITY BANCORP, INC",,EC,US,2026-01
US62548M2098,US62548M2098,62548M209,CLARITEV CORPORATION,,EC,US,2026-01
US9467601053,US9467601053,946760105,"CLIMB GLOBAL SOLUTIONS, INC.",,EC,US,2026-01
US1993331057,US1993331057,199333105,COLUMBUS MCKINNON CORPORATION,,EC,US,2026-01
US2005251036,US2005251036,200525103,"COMMERCE BANCSHARES, INC.",,EC,US,2026-01
US2036681086,US2036681086,203668108,"COMMUNITY HEALTH SYSTEMS, INC.",,EC,US,2026-01
US465CVR0178,US465CVR0178,465CVR017,CONCENTRA BIOSCIENCES CVR,,EC,US,2026-01
US2067041085,US2067041085,206704108,"CONCRETE PUMPING HOLDINGS, INC.",,EC,US,2026-01
US20717M1036,US20717M1036,20717M103,"CONFLUENT, INC.",,EC,US,2025-10
US20848V1052,US20848V1052,20848V105,"CONSENSUS CLOUD SOLUTIONS, INC.",,EC,US,2026-01
US2210061097,US2210061097,221006109,CORVEL CORPORATION,,EC,US,2026-01
US2253101016,US2253101016,225310101,CREDIT ACCEPTANCE CORPORATION,,EC,US,2026-01
US2290503075,US2290503075,229050307,"CRYOPORT, INC.",,EC,US,2026-01
US1263271058,US1263271058,126327105,CS Disco Inc,,EC,US,2026-01
US1263891053,US1263891053,126389105,"CSP, Inc.",,EC,US,2025-06
US1266381052,US1266381052,126638105,CVRx Inc,,EC,US,2026-01
US12674W1099,US12674W1099,12674W109,Cabaletta Bio Inc,,EC,US,2026-01
US1276362076,US1276362076,127636207,"Cadrenal Therapeutics, Inc.",,EC,US,2025-06
US38942Q2021,US38942Q2021,38942Q202,"CalciMedica, Inc.",,EC,US,2025-06
US1314281049,US1314281049,131428104,Calumet Inc,,EC,US,2026-02
US1374041093,US1374041093,137404109,"Candel Therapeutics, Inc.",,EC,US,2025-06
US14154A1025,US14154A1025,14154A102,Cardinal Infrastructure Group Inc,,EC,US,2026-01
US14161W1053,US14161W1053,14161W105,"Cardlytics, Inc.",,EC,US,2025-06
US14179K1016,US14179K1016,14179K101,"Cargo Therapeutics, Inc.",,EC,US,2025-06
US1420381089,US1420381089,142038108,Caribou Biosciences Inc,,EC,US,2026-01
US14280C1053,US14280C1053,14280C105,"Carlsmed, Inc.",,EC,US,2026-03
US14843C1053,US14843C1053,14843C105,Castle Biosciences Inc,,EC,US,2026-01
US14888L1017,US14888L1017,14888L101,"Catalyst Bancorp, Inc.",,EC,US,2025-06
US15102K1007,US15102K1007,15102K100,Celcuity Inc,,EC,US,2026-02
US1511902041,US1511902041,151190204,"Celularity, Inc.",,EC,US,2025-06
US1509641049,US1509641049,150964104,"Cenntro, Inc.",,EC,US,2025-06
US15486W1009,US15486W1009,15486W100,"Central Plains Bancshares, Inc.",,EC,US,2025-06
US15673T1007,US15673T1007,15673T100,"Century Therapeutics, Inc.",,EC,US,2025-06
US15678C1027,US15678C1027,15678C102,Ceribell Inc,,EC,US,2026-02
US15713L1098,US15713L1098,15713L109,"CervoMed, Inc.",,EC,US,2025-06
US15746L1008,US15746L1008,15746L100,"Chain Bridge Bancorp, Inc.",,EC,US,2025-06
US1646511014,US1646511014,164651101,Cherry Hill Mortgage Investment Corp.,,EC,US,2025-06
US1672391026,US1672391026,167239102,"Chicago Atlantic Real Estate Finance, Inc.",,EC,US,2025-06
US17166A1016,US17166A1016,17166A101,"Cibus, Inc.",,EC,US,2025-06
US1717572069,US1717572069,171757206,"Cidara Therapeutics, Inc.",,EC,US,2025-06
US18270D1063,US18270D1063,18270D106,Claros Mortgage Trust Inc,,EC,US,2026-02
US18453H1068,US18453H1068,18453H106,Clear Channel Outdoor Holdings Inc,,EC,US,2026-02
US18507C1036,US18507C1036,18507C103,"ClearPoint Neuro, Inc.",,EC,US,2025-06
US1850631045,US1850631045,185063104,"Clearside Biomedical, Inc.",,EC,US,2025-06
US28658R1068,US28658R1068,28658R106,Climb Bio Inc,,EC,US,2026-01
US18885T3068,US18885T3068,18885T306,"Clipper Realty, Inc.",,EC,US,2025-06
US1897631057,US1897631057,189763105,"Co-Diagnostics, Inc.",,EC,US,2025-06
US19058X2071,US19058X2071,19058X207,"CoastalSouth Bancshares, Inc.",,EC,US,2026-03
US19188U2069,US19188U2069,19188U206,"Coda Octopus Group, Inc.",,EC,US,2025-06
US20563P1012,US20563P1012,20563P101,"CompX International, Inc.",,EC,US,2025-06
US20451Q1040,US20451Q1040,20451Q104,Compass Diversified Holdings,,EC,US,2025-06
US20454B1044,US20454B1044,20454B104,Compass Therapeutics Inc,,EC,US,2026-01
US20460L1044,US20460L1044,20460L104,"Complete Solaria, Inc.",,EC,US,2025-06
US20459V1052,US20459V1052,20459V105,"CompoSecure, Inc.",,EC,US,2025-06
US21217B1008,US21217B1008,21217B100,Contineum Therapeutics Inc,,EC,US,2026-02
US21833P3010,US21833P3010,21833P301,"Corbus Pharmaceuticals Holdings, Inc.",,EC,US,2025-06
US45816D1000,US45816D1000,45816D100,CoreCard Corp.,,EC,US,2025-06
US22207T1016,US22207T1016,22207T101,"Couchbase, Inc.",,EC,US,2025-06
US22407B1089,US22407B1089,22407B108,"Coya Therapeutics, Inc.",,EC,US,2025-06
US2265521078,US2265521078,226552107,"Crexendo, Inc.",,EC,US,2025-06
US2283091005,US2283091005,228309100,"Crown Crafts, Inc.",,EC,US,2025-06
US2300311063,US2300311063,230031106,Cullinan Therapeutics Inc,,EC,US,2026-01
US2307701092,US2307701092,230770109,"Cumberland Pharmaceuticals, Inc.",,EC,US,2025-06
US23130Q1076,US23130Q1076,23130Q107,"CuriosityStream, Inc.",,EC,US,2025-06
US2383371091,US2383371091,238337109,"DAVE & BUSTER'S ENTERTAINMENT, INC.",,EC,US,2026-01
US2333774071,US2333774071,233377407,"DXP ENTERPRISES, INC.",,EC,US,2026-01
US23834J2015,US23834J2015,23834J201,Dave Inc,,EC,US,2026-01
US47100L3015,US47100L3015,47100L301,DeFi Development Corp.,,EC,US,2025-06
US24477E1038,US24477E1038,24477E103,Definitive Healthcare Corp,,EC,US,2026-01
US25056L1035,US25056L1035,25056L103,Design Therapeutics Inc,,EC,US,2026-01
US25381B1017,US25381B1017,25381B101,Digimarc Corp,,EC,US,2026-02
US2546041011,US2546041011,254604101,Disc Medicine Inc,,EC,US,2026-01
US2560861096,US2560861096,256086109,DocGo Inc,,EC,US,2026-02
US26484T1060,US26484T1060,26484T106,"Dun & Bradstreet Holdings, Inc.",,EC,US,2025-06
US2660424076,US2660424076,266042407,"Duos Technologies Group, Inc.",,EC,US,2025-06
US26745T1016,US26745T1016,26745T101,"Dyadic International, Inc.",,EC,US,2025-06
US29788T1034,US29788T1034,29788T103,"E2open Parent Holdings, Inc.",,EC,US,2025-06
US26828M1062,US26828M1062,26828M106,"ECB Bancorp, Inc.",,EC,US,2025-06
US29082K1051,US29082K1051,29082K105,EMBECTA CORP.,,EC,US,2026-01
US29271Q1031,US29271Q1031,29271Q103,ENERGY SERVICES OF AMERICA CORPORATION,,EC,US,2026-01
US29332G1022,US29332G1022,29332G102,"ENHABIT, INC.",,EC,US,2026-01
US29402E1029,US29402E1029,29402E102,ENVELA CORPORATION,,EC,US,2026-01
US29667D1046,US29667D1046,29667D104,"ESSA Bancorp, Inc.",,EC,US,2025-06
US26951R1041,US26951R1041,26951R104,"Eagle Financial Services, Inc.",,EC,US,2025-06
US28036F1057,US28036F1057,28036F105,Edgewise Therapeutics Inc,,EC,US,2026-01
US28623U1016,US28623U1016,28623U101,"Elevation Oncology, Inc.",,EC,US,2025-06
US28657F1030,US28657F1030,28657F103,"Elicio Therapeutics, Inc.",,EC,US,2025-06
US05479K1060,US05479K1060,05479K106,"Elutia, Inc.",,EC,US,2025-06
US29103W1045,US29103W1045,29103W104,Emerald Holding Inc,,EC,US,2026-02
US29337E1029,US29337E1029,29337E102,Enliven Therapeutics Inc,,EC,US,2026-01
US2936681095,US2936681095,293668109,"Enterprise Bancorp, Inc.",,EC,US,2025-06
US29384C1080,US29384C1080,29384C108,Entrada Therapeutics Inc,,EC,US,2026-01
US29415V1098,US29415V1098,29415V109,"Envoy Medical, Inc.",,EC,US,2025-06
US29479A1088,US29479A1088,29479A108,Erasca Inc,,EC,US,2026-01
US2966501049,US2966501049,296650104,Espey Mfg. & Electronics Corp,,EC,US,2026-02
US2975841048,US2975841048,297584104,"Estrella Immunopharma, Inc.",,EC,US,2025-06
US29765A1016,US29765A1016,29765A101,Ethos Technologies Inc,,EC,US,2026-01
US68236V4014,US68236V4014,68236V401,Ethzilla Corp,,EC,US,2026-02
US29772L1089,US29772L1089,29772L108,"Eton Pharmaceuticals, Inc.",,EC,US,2025-06
US29977X1054,US29977X1054,29977X105,EverCommerce Inc,,EC,US,2026-02
US30049H1023,US30049H1023,30049H102,Evolv Technologies Holdings Inc,,EC,US,2026-02
US30054Y1073,US30054Y1073,30054Y107,Evommune Inc,,EC,US,2026-02
US30219Q1067,US30219Q1067,30219Q106,Expensify Inc,,EC,US,2026-02
US30234F1012,US30234F1012,30234F101,Exzeo Group Inc,,EC,US,2026-01
US30779N1054,US30779N1054,30779N105,"FARMERS & MERCHANTS BANCORP, INC.",,EC,US,2026-01
US3116421021,US3116421021,311642102,"FARO Technologies, Inc.",,EC,US,2025-06
US31425A1097,US31425A1097,31425A109,FB Bancorp Inc,,EC,US,2026-01
US31738L2060,US31738L2060,31738L206,FINANCE OF AMERICA COMPANIES INC.,,EC,US,2026-01
US3175854047,US3175854047,317585404,"FINANCIAL INSTITUTIONS, INC.",,EC,US,2026-01
US31846B1089,US31846B1089,31846B108,FIRST ADVANTAGE CORPORATION,,EC,US,2026-01
US3189101062,US3189101062,318910106,FIRST BANCORP,,EC,US,2026-01
US3202181000,US3202181000,320218100,FIRST FINANCIAL CORPORATION,,EC,US,2026-01
US33748L1017,US33748L1017,33748L101,"FIRST WATCH RESTAURANT GROUP, INC.",,EC,US,2026-01
US33833Q1067,US33833Q1067,33833Q106,"FIVE POINT HOLDINGS, LLC",,EC,US,2026-01
US3438731057,US3438731057,343873105,FLUSHING FINANCIAL CORPORATION,,EC,US,2026-01
US3024921039,US3024921039,302492103,FLYWIRE CORPORATION,,EC,US,2026-01
US34986A1043,US34986A1043,34986A104,FORWARD AIR CORPORATION,,EC,US,2026-01
US30292L1070,US30292L1070,30292L107,"FRP HOLDINGS, INC.",,EC,US,2026-01
US30320C3016,US30320C3016,30320C301,"FTC Solar, Inc.",,EC,US,2025-06
US35953D1046,US35953D1046,35953D104,FUBOTV INC.,,EC,US,2026-01
US3061211047,US3061211047,306121104,"Falcon's Beyond Global, Inc.",,EC,US,2026-03
US3119211007,US3119211007,311921100,"Fatpipe, Inc.",,EC,US,2025-06
US31447E1055,US31447E1055,31447E105,"Femasys, Inc.",,EC,US,2025-06
US31573L1052,US31573L1052,31573L105,"Fibrobiologics, Inc.",,EC,US,2025-06
US3169261043,US3169261043,316926104,"Fifth District Bancorp, Inc.",,EC,US,2025-06
US31813A1097,US31813A1097,31813A109,Finwise Bancorp,,EC,US,2025-06
US3179701012,US3179701012,317970101,"Firefly Neuroscience, Inc.",,EC,US,2025-06
US31942S1042,US31942S1042,31942S104,"First Capital, Inc.",,EC,US,2025-06
US31983A1034,US31983A1034,31983A103,First Community Bancshares Inc/VA,,EC,US,2026-02
US33621E1091,US33621E1091,33621E109,"First Savings Financial Group, Inc.",,EC,US,2025-06
US33631F1049,US33631F1049,33631F104,First Seacoast Bancorp,,EC,US,2025-06
US3376551046,US3376551046,337655104,"FiscalNote Holdings, Inc.",,EC,US,2025-06
US34417J2033,US34417J2033,34417J203,"Focus Universal, Inc.",,EC,US,2025-06
US3441741077,US3441741077,344174107,"Foghorn Therapeutics, Inc.",,EC,US,2025-06
US34629L2025,US34629L2025,34629L202,Forge Global Holdings Inc,,EC,US,2026-02
US34962K1007,US34962K1007,34962K100,Fortitude Gold Corp,,EC,US,2026-01
US3516651045,US3516651045,351665104,"Foxx Development Holdings, Inc.",,EC,US,2025-06
US35168W1036,US35168W1036,35168W103,"Fractyl Health, Inc.",,EC,US,2025-06
US3551841022,US3551841022,355184102,Franklin Wireless Corp.,,EC,US,2025-06
US3584351056,US3584351056,358435105,"Friedman Industries, Inc.",,EC,US,2025-06
US35922N1000,US35922N1000,35922N100,"FrontView REIT, Inc.",,EC,US,2025-06
US35909D1090,US35909D1090,35909D109,"Frontier Communications Parent, Inc.",,EC,US,2025-06
US3596161097,US3596161097,359616109,Fulcrum Therapeutics Inc,,EC,US,2026-01
US36166F1003,US36166F1003,36166F100,GBank Financial Holdings Inc,,EC,US,2026-02
US36170N1072,US36170N1072,36170N107,"GCT Semiconductor Holding, Inc.",,EC,US,2025-06
US3686781085,US3686781085,368678108,"GENCOR INDUSTRIES, INC.",,EC,US,2026-01
US37364X1090,US37364X1090,37364X109,GEOSPACE TECHNOLOGIES CORPORATION,,EC,US,2026-01
US37890B1008,US37890B1008,37890B100,"GLOBAL BUSINESS TRAVEL GROUP, INC.",,EC,US,2026-01
US36251C1036,US36251C1036,36251C103,"GMS, Inc.",,EC,US,2025-06
US3847471014,US3847471014,384747101,GRAIL Inc,,EC,US,2026-01
US39304D1028,US39304D1028,39304D102,GREEN DOT CORPORATION,,EC,US,2026-01
US3943571071,US3943571071,394357107,"GREENE COUNTY BANCORP, INC.",,EC,US,2026-01
US39813G1094,US39813G1094,39813G109,"GRID DYNAMICS HOLDINGS, INC.",,EC,US,2026-01
US36241U1060,US36241U1060,36241U106,"GSI Technology, Inc.",,EC,US,2025-06
US36269B1052,US36269B1052,36269B105,"Gain Therapeutics, Inc.",,EC,US,2025-06
US36468G1031,US36468G1031,36468G103,"GameSquare Holdings, Inc.",,EC,US,2025-06
US36870H1032,US36870H1032,36870H103,Genelux Corp.,,EC,US,2025-06
US37148K1007,US37148K1007,37148K100,Generation Bio Co.,,EC,US,2025-06
US37611X2099,US37611X2099,37611X209,Ginkgo Bioworks Holdings Inc,,EC,US,2026-01
US37955N1063,US37955N1063,37955N106,"Global Self Storage, Inc.",,EC,US,2025-06
US3794631024,US3794631024,379463102,"Global Water Resources, Inc.",,EC,US,2025-06
US3830821043,US3830821043,383082104,Gorman-Rupp Co. (The),,EC,US,2026-03
US3968791083,US3968791083,396879108,"Greenwich Lifesciences, Inc.",,EC,US,2025-06
US39854F1012,US39854F1012,39854F101,Grindr Inc,,EC,US,2026-01
US39957D2018,US39957D2018,39957D201,Grove Collaborative Holdings,,EC,US,2025-06
US39986L1098,US39986L1098,39986L109,GrowGeneration Corp.,,EC,US,2025-06
US4007641065,US4007641065,400764106,"Guaranty Bancshares, Inc.",,EC,US,2025-06
US40145W1018,US40145W1018,40145W101,"Guardian Pharmacy Services, Inc.",,EC,US,2026-03
US4023071024,US4023071024,402307102,"Gulf Island Fabrication, Inc.",,EC,US,2025-06
US7843051043,US7843051043,784305104,H2O AMERICA,,EC,US,2026-01
US42722X1063,US42722X1063,42722X106,HERITAGE FINANCIAL CORPORATION,,EC,US,2026-01
US4039491000,US4039491000,403949100,HF SINCLAIR CORPORATION,,EC,US,2026-01
US43538H1032,US43538H1032,43538H103,HOLLEY INC.,,EC,US,2026-01
US4368932004,US4368932004,436893200,"HOME BANCSHARES, INC.",,EC,US,2026-01
US4169061052,US4169061052,416906105,"Harvard Bioscience, Inc.",,EC,US,2025-06
US42238H1086,US42238H1086,42238H108,"HeartBeam, Inc.",,EC,US,2025-06
US42727E1038,US42727E1038,42727E103,"Heritage Global, Inc.",,EC,US,2025-06
US43157M1027,US43157M1027,43157M102,"HilleVax, Inc.",,EC,US,2025-06
US4333131039,US4333131039,433313103,Hinge Health Inc,,EC,US,2026-02
US4335392027,US4335392027,433539202,Hippo Holdings Inc,,EC,US,2026-01
US4335351015,US4335351015,433535101,"HireQuest, Inc.",,EC,US,2025-06
US43708L1089,US43708L1089,43708L108,"Home Federal Bancorp, Inc. of Louisiana",,EC,US,2025-06
US43785V1026,US43785V1026,43785V102,"HomeStreet, Inc.",,EC,US,2025-06
US4383331067,US4383331067,438333106,"Honest Co., Inc. (The)",,EC,US,2025-06
US4390381006,US4390381006,439038100,Hooker Furnishings Corp.,,EC,US,2025-06
US44170P1066,US44170P1066,44170P106,"Hour Loop, Inc.",,EC,US,2025-06
US44486Q1031,US44486Q1031,44486Q103,Humacyte Inc,,EC,US,2026-02
US44862P2083,US44862P2083,44862P208,Hycroft Mining Holding Corp,,EC,US,2026-03
US4491091074,US4491091074,449109107,Hyliion Holdings Corp,,EC,US,2026-01
US44951J1051,US44951J1051,44951J105,"IF Bancorp, Inc.",,EC,US,2025-06
US4538386099,US4538386099,453838609,INDEPENDENT BANK CORPORATION,,EC,US,2026-01
US45569U1016,US45569U1016,45569U101,"INDIE SEMICONDUCTOR, INC.",,EC,US,2026-01
US4571521065,US4571521065,457152106,INGRAM MICRO HOLDING CORPORATION,,EC,US,2025-10
US457CVR0178,US457CVR0178,457CVR017,INHIBRX INC CVR,,EC,US,2026-01
US4611471008,US4611471008,461147100,INTEST CORPORATION,,EC,US,2026-01
US4618041069,US4618041069,461804106,INVESTORS TITLE COMPANY,,EC,US,2026-01
US4510511060,US4510511060,451051106,Ibotta Inc,,EC,US,2026-02
US6458272050,US6458272050,645827205,Idaho Strategic Resources Inc,,EC,US,2026-03
US45175G1085,US45175G1085,45175G108,"Ikena Oncology, Inc.",,EC,US,2025-06
US45258H1068,US45258H1068,45258H106,"Immix Biopharma, Inc.",,EC,US,2025-06
US45254E1073,US45254E1073,45254E107,Immuneering Corp.,,EC,US,2025-06
US4525EP1011,US4525EP1011,4525EP101,"Immunic, Inc.",,EC,US,2025-06
US45257U1088,US45257U1088,45257U108,Immunome Inc,,EC,US,2026-01
US45338U1016,US45338U1016,45338U101,Incora Top Holdco LLC,,EC,US,2026-01
US45674M1018,US45674M1018,45674M101,Informatica Inc,,EC,US,2025-10
US45720N1037,US45720N1037,45720N103,Inhibrx Biosciences Inc.,,EC,US,2026-01
US45782T1051,US45782T1051,45782T105,"Inmune Bio, Inc.",,EC,US,2025-06
US45784A1043,US45784A1043,45784A104,Innovage Holding Corp,,EC,US,2026-02
US45784M1080,US45784M1080,45784M108,Innventure Inc,,EC,US,2026-02
US45790W1080,US45790W1080,45790W108,"Inozyme Pharma, Inc.",,EC,US,2025-06
US45783C2008,US45783C2008,45783C200,Instil Bio Inc,,EC,US,2026-01
US45828L1089,US45828L1089,45828L108,Integral Ad Science Holding Corp.,,EC,US,2025-06
US69764K1060,US69764K1060,69764K106,Intelligent Protection Management Corp.,,EC,US,2025-06
US45825X2045,US45825X2045,45825X204,"Intellinetics, Inc.",,EC,US,2025-06
US00534A1025,US00534A1025,00534A102,Invivyd Inc,,EC,US,2026-01
US46501C1009,US46501C1009,46501C100,"Ispire Technology, Inc.",,EC,US,2025-06
US46578C1080,US46578C1080,46578C108,Ivanhoe Electric Inc,,EC,US,2026-01
US47074L1052,US47074L1052,47074L105,JAMF HOLDING CORP.,,EC,US,2026-01
US46658E1073,US46658E1073,46658E107,JFB Construction Holdings,,EC,US,2025-06
US5784731003,US5784731003,578473100,"JW Mays, Inc.",,EC,US,2025-06
US0080642061,US0080642061,008064206,"Jade Biosciences, Inc.",,EC,US,2025-06
US47103J1051,US47103J1051,47103J105,Janux Therapeutics Inc,,EC,US,2026-01
US4718712023,US4718712023,471871202,"Jasper Therapeutics, Inc.",,EC,US,2025-06
US47632P1012,US47632P1012,47632P101,"Jerash Holdings US, Inc.",,EC,US,2025-06
US47805L1017,US47805L1017,47805L101,"John Marshall Bancorp, Inc.",,EC,US,2025-06
US47973J1025,US47973J1025,47973J102,Joint Corp. (The),,EC,US,2025-06
US48115J1097,US48115J1097,48115J109,Journey Medical Corp.,,EC,US,2025-06
US48716P1084,US48716P1084,48716P108,KEARNY FINANCIAL CORP.,,EC,US,2026-01
US4967191051,US4967191051,496719105,"KINGSTONE COMPANIES, INC.",,EC,US,2026-01
US4988941047,US4988941047,498894104,KNIFE RIVER CORPORATION,,EC,US,2026-01
US7599101026,US7599101026,759910102,"KORU Medical Systems, Inc.",,EC,US,2025-06
US50101L1061,US50101L1061,50101L106,"KRISPY KREME, INC.",,EC,US,2026-01
US4827381017,US4827381017,482738101,"KVH Industries, Inc.",,EC,US,2025-06
US4834971032,US4834971032,483497103,KalVista Pharmaceuticals Inc,,EC,US,2026-02
US4829291065,US4829291065,482929106,"Kalaris Therapeutics, Inc.",,EC,US,2025-06
US4834671061,US4834671061,483467106,Kaltura Inc,,EC,US,2026-02
US4923271013,US4923271013,492327101,Keros Therapeutics Inc,,EC,US,2026-01
US49456W1053,US49456W1053,49456W105,KinderCare Learning Cos Inc,,EC,US,2026-02
US4969042021,US4969042021,496904202,"Kingsway Financial Services, Inc.",,EC,US,2025-06
US49907V2016,US49907V2016,49907V201,"Knightscope, Inc.",,EC,US,2025-06
CA50043K4063,CA50043K4063,50043K406,Kolibri Global Energy Inc,,EC,US,2026-02
US5009461089,US5009461089,500946108,"Korro Bio, Inc.",,EC,US,2025-06
US5006921085,US5006921085,500692108,Koss Corp.,,EC,US,2025-06
US5007541064,US5007541064,500754106,Kraft Heinz Co. (The),,EC,US,2025-12
US5012701026,US5012701026,501270102,Kura Sushi USA Inc,,EC,US,2026-01
US5019761049,US5019761049,501976104,Kyverna Therapeutics Inc,,EC,US,2026-02
US5116561003,US5116561003,511656100,LAKELAND FINANCIAL CORPORATION,,EC,US,2026-01
US5165482036,US5165482036,516548203,"LANTRONIX, INC.",,EC,US,2026-01
US50180M1080,US50180M1080,50180M108,LB Pharmaceuticals Inc,,EC,US,2026-02
US50181P1003,US50181P1003,50181P100,LCNB CORP.,,EC,US,2026-01
US52634L1089,US52634L1089,52634L108,"LENSAR, Inc.",,EC,US,2025-06
US52635N1037,US52635N1037,52635N103,LENZ Therapeutics Inc,,EC,US,2026-01
US5319141090,US5319141090,531914109,"LIFEWAY FOODS, INC.",,EC,US,2026-01
US50736T1025,US50736T1025,50736T102,"Laird Superfood, Inc.",,EC,US,2025-06
US5107001076,US5107001076,510700107,"Lake Shore Bancorp, Inc.",,EC,US,2025-06
US51504L1070,US51504L1070,51504L107,"Landmark Bancorp, Inc.",,EC,US,2025-06
US51654W1018,US51654W1018,51654W101,"Lantern Pharma, Inc.",,EC,US,2025-06
US51655R1014,US51655R1014,51655R101,"LanzaTech Global, Inc.",,EC,US,2025-06
US51807Q1004,US51807Q1004,51807Q100,Laser Photonics Corp.,,EC,US,2025-06
US51819L1070,US51819L1070,51819L107,Latham Group Inc,,EC,US,2026-01
US5237684064,US5237684064,523768406,"Lee Enterprises, Inc.",,EC,US,2025-06
US52474R2076,US52474R2076,52474R207,"Legacy Education, Inc.",,EC,US,2025-06
US5270641096,US5270641096,527064109,"Leslie's, Inc.",,EC,US,2025-06
US52886X1072,US52886X1072,52886X107,Lexeo Therapeutics Inc,,EC,US,2026-01
US5288723027,US5288723027,528872302,Lexicon Pharmaceuticals Inc,,EC,US,2026-02
US53216B1044,US53216B1044,53216B104,"LifeMD, Inc.",,EC,US,2025-06
US5322578056,US5322578056,532257805,"LightPath Technologies, Inc.",,EC,US,2025-06
US5322751042,US5322751042,532275104,Lightwave Logic Inc,,EC,US,2026-02
US53814X1028,US53814X1028,53814X102,"LiveOne, Inc.",,EC,US,2025-06
US54738L1098,US54738L1098,54738L109,Lovesac Co,,EC,US,2026-01
US54948X1090,US54948X1090,54948X109,"Lucid Diagnostics, Inc.",,EC,US,2025-06
US55003A1088,US55003A1088,55003A108,"Lulu's Fashion Lounge Holdings, Inc.",,EC,US,2025-06
US5502491062,US5502491062,550249106,Lumexa Imaging Holdings Inc,,EC,US,2026-01
US5504243032,US5504243032,550424303,"Luminar Technologies, Inc.",,EC,US,2025-06
US55083R2031,US55083R2031,55083R203,Lyell Immunopharma Inc,,EC,US,2026-02
US55234L2043,US55234L2043,55234L204,"Lyra Therapeutics, Inc.",,EC,US,2025-06
US5596631094,US5596631094,559663109,MAGNOLIA OIL & GAS CORPORATION,,EC,US,2026-01
US5526411021,US5526411021,552641102,"MAIA Biotechnology, Inc.",,EC,US,2025-06
US5773451019,US5773451019,577345101,"MAUI LAND & PINEAPPLE COMPANY, INC.",,EC,US,2026-01
US5786051079,US5786051079,578605107,"MAYVILLE ENGINEERING COMPANY, INC",,EC,US,2026-01
US55287L1017,US55287L1017,55287L101,MBX Biosciences Inc,,EC,US,2026-02
US55285N1090,US55285N1090,55285N109,MDB Capital Holdings LLC,,EC,US,2025-06
US5963042040,US5963042040,596304204,MIDDLEFIELD BANC CORP.,,EC,US,2026-01
US5966801087,US5966801087,596680108,MIDDLESEX WATER COMPANY,,EC,US,2026-01
US5985111039,US5985111039,598511103,"MIDWESTONE FINANCIAL GROUP, INC.",,EC,US,2026-01
US6024961012,US6024961012,602496101,"MIMEDX GROUP, INC.",,EC,US,2026-01
US604CVR0279,US604CVR0279,604CVR027,MIRATI THERAPEUTICS CVR,,EC,US,2026-01
US60649T1079,US60649T1079,60649T107,"MISTRAS GROUP, INC.",,EC,US,2026-01
US55318A1088,US55318A1088,55318A108,MNTN Inc,,EC,US,2026-02
US6102361010,US6102361010,610236101,"MONRO, INC.",,EC,US,2026-01
US55977T2087,US55977T2087,55977T208,"Magyar Bancorp, Inc.",,EC,US,2025-06
US56146T1034,US56146T1034,56146T103,"Mama's Creations, Inc.",,EC,US,2025-06
US5628031065,US5628031065,562803106,"Manhattan Bridge Capital, Inc.",,EC,US,2025-06
US56565P1030,US56565P1030,56565P103,MapLight Therapeutics Inc,,EC,US,2026-02
US56600D1072,US56600D1072,56600D107,Maravai LifeSciences Holdings Inc,,EC,US,2026-01
US56624R1086,US56624R1086,56624R108,"Marchex, Inc.",,EC,US,2025-06
US5663301068,US5663301068,566330106,Marcus Corp. (The),,EC,US,2025-06
US57064P2065,US57064P2065,57064P206,"MarketWise, Inc.",,EC,US,2025-06
US5738631077,US5738631077,573863107,"Marwynn Holdings, Inc.",,EC,US,2025-06
US57628N1019,US57628N1019,57628N101,Massimo Group,,EC,US,2025-06
US5787841007,US5787841007,578784100,Maze Therapeutics Inc,,EC,US,2026-02
US58450V1044,US58450V1044,58450V104,MediaAlpha Inc,,EC,US,2026-02
US58468P2065,US58468P2065,58468P206,"MediciNova, Inc.",,EC,US,2025-06
US59045L1061,US59045L1061,59045L106,"Mersana Therapeutics, Inc.",,EC,US,2025-06
US5904791358,US5904791358,590479135,"Mesa Air Group, Inc.",,EC,US,2025-06
US59102M1045,US59102M1045,59102M104,"Metagenomi, Inc.",,EC,US,2025-06
US59267L1070,US59267L1070,59267L107,"Metsera, Inc.",,EC,US,2025-06
US6031701013,US6031701013,603170101,Mineralys Therapeutics Inc,,EC,US,2026-01
US60739N1019,US60739N1019,60739N101,Mobile Infrastructure Corp.,,EC,US,2025-06
US60741F1049,US60741F1049,60741F104,Mobileye Global Inc,,EC,US,2026-01
US60784B1017,US60784B1017,60784B101,"Modiv Industrial, Inc.",,EC,US,2025-06
US60785L2079,US60785L2079,60785L207,"Modular Medical, Inc.",,EC,US,2025-06
US71645N9947,US71645N9947,71645N994,"Motomova, Inc.",,EC,US,2025-06
US6291564077,US6291564077,629156407,"N L INDUSTRIES, INC.",,EC,US,2026-01
US62878D1000,US62878D1000,62878D100,"N-ABLE, INC.",,EC,US,2026-01
US6337071046,US6337071046,633707104,NATIONAL BANK HOLDINGS CORPORATION,,EC,US,2026-01
US6359061008,US6359061008,635906100,NATIONAL HEALTHCARE CORPORATION,,EC,US,2026-01
US63001N1063,US63001N1063,63001N106,NCR ATLEOS CORPORATION,,EC,US,2026-01
US64107A1051,US64107A1051,64107A105,NET Power Inc,,EC,US,2026-01
US009CVR0445,US009CVR0445,009CVR044,NOVO NORDISK CVR,,EC,US,2026-01
US6293JP1094,US6293JP1094,6293JP109,"NSTS Bancorp, Inc.",,EC,US,2025-06
US62945V1098,US62945V1098,62945V109,"NV5 Global, Inc.",,EC,US,2025-06
US49457M1062,US49457M1062,49457M106,Nakamoto Inc,,EC,US,2026-02
US63911H2076,US63911H2076,63911H207,"Nauticus Robotics, Inc.",,EC,US,2025-06
US63909J1088,US63909J1088,63909J108,"Nautilus Biotechnology, Inc.",,EC,US,2025-06
US63942X1063,US63942X1063,63942X106,Navitas Semiconductor Corp,,EC,US,2026-01
US64051A1016,US64051A1016,64051A101,"Neonc Technologies Holdings, Inc.",,EC,US,2025-06
US64051M7092,US64051M7092,64051M709,"Neonode, Inc.",,EC,US,2025-06
US64081V1098,US64081V1098,64081V109,"Nerdy, Inc.",,EC,US,2025-06
US10920V4041,US10920V4041,10920V404,"NeueHealth, Inc.",,EC,US,2025-06
US6409791000,US6409791000,640979100,Neumora Therapeutics Inc,,EC,US,2026-02
US6412881053,US6412881053,641288105,"NeuroPace, Inc.",,EC,US,2025-06
US6443931000,US6443931000,644393100,New Fortress Energy Inc,,EC,US,2026-02
US65250K1051,US65250K1051,65250K105,"Newsmax, Inc.",,EC,US,2025-06
US65342V1017,US65342V1017,65342V101,"Nexpoint Real Estate Finance, Inc.",,EC,US,2025-06
US65343E1082,US65343E1082,65343E108,"NextCure, Inc.",,EC,US,2025-06
US6529411059,US6529411059,652941105,"NextNRG, Inc.",,EC,US,2025-06
US65345N1063,US65345N1063,65345N106,NextNav Inc,,EC,US,2026-02
US65487U1088,US65487U1088,65487U108,"Nkarta, Inc.",,EC,US,2025-06
US6565531042,US6565531042,656553104,"Nortech Systems, Inc.",,EC,US,2025-06
US6658091094,US6658091094,665809109,Northern Technologies International Corp.,,EC,US,2025-06
US67012E1047,US67012E1047,67012E104,"Novusterra, Inc.",,EC,US,2025-06
US67054R2031,US67054R2031,67054R203,"Nukkleus, Inc.",,EC,US,2025-06
US67080N1019,US67080N1019,67080N101,Nuvation Bio Inc,,EC,US,2026-02
US67080T1088,US67080T1088,67080T108,"Nuvectis Pharma, Inc.",,EC,US,2025-06
US88337F1057,US88337F1057,88337F105,ODP Corp. (The),,EC,US,2025-06
US68339B1044,US68339B1044,68339B104,ON24 Inc,,EC,US,2026-01
US68347P1030,US68347P1030,68347P103,"OPAL Fuels, Inc.",,EC,US,2025-06
US68752M1080,US68752M1080,68752M108,ORTHOFIX MEDICAL INC.,,EC,US,2026-01
US68764Y2072,US68764Y2072,68764Y207,"OS Therapies, Inc.",,EC,US,2025-06
US6901452069,US6901452069,690145206,"OUTSET MEDICAL, INC.",,EC,US,2026-01
US67623L3078,US67623L3078,67623L307,"Offerpad Solutions, Inc.",,EC,US,2025-06
US65373A1097,US65373A1097,65373A109,Old Market Capital Corp.,,EC,US,2025-06
US6801941070,US6801941070,680194107,Old Point Financial Corp.,,EC,US,2025-06
US68062P1066,US68062P1066,68062P106,Olema Pharmaceuticals Inc,,EC,US,2026-01
US68134L1098,US68134L1098,68134L109,"Olo, Inc.",,EC,US,2025-06
US68170A1088,US68170A1088,68170A108,Omada Health Inc,,EC,US,2026-02
US68277Q1058,US68277Q1058,68277Q105,"OnKure Therapeutics, Inc.",,EC,US,2025-06
US68236X1000,US68236X1000,68236X100,"Oncology Institute, Inc. (The)",,EC,US,2025-06
US68280L1017,US68280L1017,68280L101,OneWater Marine Inc,,EC,US,2026-01
US6834161019,US6834161019,683416101,"Ooma, Inc.",,EC,US,2025-06
US68373J1043,US68373J1043,68373J104,Open Lending Corp,,EC,US,2026-02
US68386H1032,US68386H1032,68386H103,"OppFi, Inc.",,EC,US,2025-06
US68401U2042,US68401U2042,68401U204,OptimizeRx Corp,,EC,US,2026-01
US68572M1062,US68572M1062,68572M106,Orchestra BioMed Holdings Inc,,EC,US,2026-02
US68629Y1038,US68629Y1038,68629Y103,Orion Properties Inc,,EC,US,2026-02
US6876041087,US6876041087,687604108,Oruka Therapeutics Inc,,EC,US,2026-01
US68989M2026,US68989M2026,68989M202,Ouster Inc,,EC,US,2026-01
US69120X2062,US69120X2062,69120X206,"Owlet, Inc.",,EC,US,2025-06
US7444132044,US7444132044,744413204,"P3 Health Partners, Inc.",,EC,US,2025-06
US7006581075,US7006581075,700658107,PARK NATIONAL CORPORATION,,EC,US,2026-01
US69318V1035,US69318V1035,69318V103,"PB Bankshares, Inc.",,EC,US,2025-06
US69329Y1047,US69329Y1047,69329Y104,"PDL BioPharma, Inc.",,EC,US,2026-03
US7097891011,US7097891011,709789101,PEOPLES BANCORP INC.,,EC,US,2026-01
US71385M1071,US71385M1071,71385M107,"PERIMETER SOLUTIONS, INC.",,EC,US,2026-01
US71601V1052,US71601V1052,71601V105,"PETCO HEALTH AND WELLNESS COMPANY, INC.",,EC,US,2026-01
US71742Q1067,US71742Q1067,71742Q106,PHIBRO ANIMAL HEALTH CORPORATION,,EC,US,2026-01
US69353Y1038,US69353Y1038,69353Y103,"PMV Pharmaceuticals, Inc.",,EC,US,2025-06
US7323441060,US7323441060,732344106,"PONCE FINANCIAL GROUP, INC.",,EC,US,2026-01
US73931J1097,US73931J1097,73931J109,"POWERFLEET, INC.",,EC,US,2026-01
US7438681014,US7438681014,743868101,"PROVIDENT FINANCIAL HOLDINGS, INC.",,EC,US,2026-01
US6936911071,US6936911071,693691107,"PSQ Holdings, Inc.",,EC,US,2025-06
US74467Q1031,US74467Q1031,74467Q103,"PUBMATIC, INC.",,EC,US,2026-01
US69478X1054,US69478X1054,69478X105,"Pacific Premier Bancorp, Inc.",,EC,US,2025-06
US80359A2050,US80359A2050,80359A205,Palladyne AI Corp.,,EC,US,2025-06
US6979471090,US6979471090,697947109,Palvella Therapeutics Inc.,,EC,US,2026-01
US7027121000,US7027121000,702712100,"Passage Bio, Inc.",,EC,US,2025-06
US70451A1043,US70451A1043,70451A104,"Paysign, Inc.",,EC,US,2025-06
US7084301032,US7084301032,708430103,"Penns Woods Bancorp, Inc.",,EC,US,2025-06
US7133171055,US7133171055,713317105,PepGen Inc,,EC,US,2026-01
US71377E1055,US71377E1055,71377E105,"Performant Healthcare, Inc.",,EC,US,2025-06
CA71677J1012,CA71677J1012,71677J101,PetroTal Corp,,EC,US,2026-02
NAME:PFIZER_INC,,,Pfizer Inc,,EC,US,2026-03
US71722W1071,US71722W1071,71722W107,Phathom Pharmaceuticals Inc,,EC,US,2026-02
NL0015073TP4,NL0015073TP4,000000000,PicS NV,,EC,US,2026-01
US72016P1057,US72016P1057,72016P105,"Piedmont Lithium, Inc.",,EC,US,2025-06
US7201902068,US7201902068,720190206,Piedmont Office Realty Trust Inc,,EC,US,2026-02
US72346Q1040,US72346Q1040,72346Q104,Pinnacle Financial Partners In,,EC,US,2025-12
US7235611065,US7235611065,723561106,"Pioneer Bancorp, Inc.",,EC,US,2025-06
US72814N1046,US72814N1046,72814N104,"PlayAGS, Inc.",,EC,US,2025-06
US72814P1093,US72814P1093,72814P109,"Playboy, Inc.",,EC,US,2025-06
US72815G1085,US72815G1085,72815G108,"Playstudios, Inc.",,EC,US,2025-06
US7296401026,US7296401026,729640102,"Plymouth Industrial REIT, Inc.",,EC,US,2025-06
US22275C1053,US22275C1053,22275C105,"PodcastOne, Inc.",,EC,US,2025-06
US73642K1060,US73642K1060,73642K106,Portillo's Inc,,EC,US,2026-02
US73754Y1001,US73754Y1001,73754Y100,Potbelly Corp.,,EC,US,2025-06
US7402944000,US7402944000,740294400,"Precision Optics Corp., Inc.",,EC,US,2025-06
US74065P1012,US74065P1012,74065P101,"Prelude Therapeutics, Inc.",,EC,US,2025-06
US74051N1028,US74051N1028,74051N102,"Premier, Inc.",,EC,US,2025-06
US74291D1046,US74291D1046,74291D104,ProKidney Corp,,EC,US,2026-02
US74317M1045,US74317M1045,74317M104,Proficient Auto Logistics Inc,,EC,US,2026-02
US74383L1052,US74383L1052,74383L105,"Provident Bancorp, Inc.",,EC,US,2025-06
US7444302084,US7444302084,744430208,"Public Policy Holding Co., Inc.",,EC,US,2026-03
US7462283034,US7462283034,746228303,Pure Cycle Corp,,EC,US,2026-01
US74640Y1064,US74640Y1064,74640Y106,Purple Innovation Inc,,EC,US,2026-02
US7473241013,US7473241013,747324101,"Pyxis Oncology, Inc.",,EC,US,2025-06
US7473011093,US7473011093,747301109,"QUAD/GRAPHICS, INC.",,EC,US,2026-01
US74767V1098,US74767V1098,74767V109,QUANTUMSCAPE CORPORATION,,EC,US,2026-01
US2197981051,US2197981051,219798105,QUIDELORTHO CORPORATION,,EC,US,2026-01
US74766Q1013,US74766Q1013,74766Q101,Quanterix Corp,,EC,US,2026-02
US74766W1080,US74766W1080,74766W108,Quantum Computing Inc,,EC,US,2026-02
US22053A1079,US22053A1079,22053A107,"Quince Therapeutics, Inc.",,EC,US,2025-06
CA74880P1045,CA74880P1045,74880P104,Quipt Home Medical Corp,,EC,US,2026-02
US7493604000,US7493604000,749360400,"R C M TECHNOLOGIES, INC.",,EC,US,2026-01
US75524B1044,US75524B1044,75524B104,RBC BEARINGS INCORPORATED,,EC,US,2026-01
US76029L1008,US76029L1008,76029L100,REPAY HOLDINGS CORPORATION,,EC,US,2026-01
US7602812049,US7602812049,760281204,"REPUBLIC BANCORP, INC.",,EC,US,2026-01
CUSIP:761CVR042,N/A,761CVR042,RESOLUTE FST CVR,,EC,US,2026-01
US7616241052,US7616241052,761624105,REX AMERICAN RESOURCES CORPORATION,,EC,US,2026-01
US7620931029,US7620931029,762093102,"RHINEBECK BANCORP, INC.",,EC,US,2026-01
US7631651079,US7631651079,763165107,"RICHARDSON ELECTRONICS, LTD.",,EC,US,2026-01
US76525P1003,US76525P1003,76525P100,"RICHMOND MUTUAL BANCORPORATION, INC.",,EC,US,2026-01
US76674Q1076,US76674Q1076,76674Q107,"RIMINI STREET, INC.",,EC,US,2026-01
US7710491033,US7710491033,771049103,ROBLOX CORPORATION,,EC,US,2026-01
US7731211089,US7731211089,773121108,ROCKET LAB CORPORATION,,EC,US,2026-01
US7501021056,US7501021056,750102105,Rackspace Technology Inc,,EC,US,2026-02
US8068821060,US8068821060,806882106,"Radius Recycling, Inc.",,EC,US,2025-06
US75062E1064,US75062E1064,75062E106,"Rafael Holdings, Inc.",,EC,US,2025-06
US75080J1034,US75080J1034,75080J103,"Rain Enhancement Technologies Holdco, Inc.",,EC,US,2025-06
US75120L1008,US75120L1008,75120L100,Rallybio Corp.,,EC,US,2025-06
US7530181004,US7530181004,753018100,"Rani Therapeutics Holdings, Inc.",,EC,US,2025-06
US75340L1044,US75340L1044,75340L104,"Rapid Micro Biosystems, Inc.",,EC,US,2025-06
US75383L1026,US75383L1026,75383L102,Rapport Therapeutics Inc,,EC,US,2026-02
US7541981095,US7541981095,754198109,"Rave Restaurant Group, Inc.",,EC,US,2025-06
US7589322061,US7589322061,758932206,Regis Corp.,,EC,US,2025-06
US00887A2042,US00887A2042,00887A204,"Rein Therapeutics, Inc.",,EC,US,2025-06
US75943R1023,US75943R1023,75943R102,Relay Therapeutics Inc,,EC,US,2026-01
US29350E1047,US29350E1047,29350E104,"Renovaro, Inc.",,EC,US,2025-06
US7609111072,US7609111072,760911107,"Research Frontiers, Inc.",,EC,US,2025-06
US76119X1054,US76119X1054,76119X105,"Reservoir Media, Inc.",,EC,US,2025-06
US76134H1014,US76134H1014,76134H101,"Resolute Holdings Management, Inc.",,EC,US,2025-06
US76129W1053,US76129W1053,76129W105,"Retractable Technologies, Inc.",,EC,US,2025-06
US78349D1072,US78349D1072,78349D107,RxSight Inc,,EC,US,2026-02
US7838591011,US7838591011,783859101,"S & T BANCORP, INC.",,EC,US,2026-01
US78397T2024,US78397T2024,78397T202,"SAB Biotherapeutics, Inc.",,EC,US,2025-06
US80004C2008,US80004C2008,80004C200,SANDISK CORP,,EC,US,2026-03
US80303D3052,US80303D3052,80303D305,"SANUWAVE Health, Inc.",,EC,US,2025-06
US73245B1070,US73245B1070,73245B107,"SBC Medical Group Holdings, Inc.",,EC,US,2025-06
US8070661058,US8070661058,807066105,SCHOLASTIC CORPORATION,,EC,US,2026-01
US8147853092,US8147853092,814785309,SECURITY NATIONAL FINANCIAL CORPORATION,,EC,US,2026-01
US81619Q1058,US81619Q1058,81619Q105,SELECT MEDICAL HOLDINGS CORPORATION,,EC,US,2026-01
US8170705011,US8170705011,817070501,SENECA FOODS CORPORATION,,EC,US,2026-01
US8292141053,US8292141053,829214105,"SIMULATIONS PLUS, INC.",,EC,US,2026-01
US83066P3091,US83066P3091,83066P309,SKILLSOFT CORP.,,EC,US,2026-01
US78471E1055,US78471E1055,78471E105,SKYX Platforms Corp.,,EC,US,2025-06
US83193G1076,US83193G1076,83193G107,SMARTRENT INC,,EC,US,2026-02
US83444M1018,US83444M1018,83444M101,SOLVENTUM CORPORATION,,EC,US,2026-01
US85227J1060,US85227J1060,85227J106,"SR Bancorp, Inc.",,EC,US,2025-06
CUSIP:784ESC014,,784ESC014,"SRAX, Inc.",,EC,US,2025-06
US85917W1027,US85917W1027,85917W102,STERLING BANCORP INC MI,,EC,US,2026-01
CUSIP:786CVR019,N/A,786CVR019,SUPERNUS PHARMACEUTICALS CVR,,EC,US,2026-01
US78501P2039,US78501P2039,78501P203,SWK HOLDINGS CORPORATION,,EC,US,2026-01
US8713321029,US8713321029,871332102,SYLVAMO CORPORATION,,EC,US,2026-01
US78574H1041,US78574H1041,78574H104,Sable Offshore Corp,,EC,US,2026-02
US78590A1097,US78590A1097,78590A109,Sachem Capital Corp.,,EC,US,2025-06
US78642D1019,US78642D1019,78642D101,"Safe Pro Group, Inc.",,EC,US,2025-06
US7865983008,US7865983008,786598300,"Saga Communications, Inc.",,EC,US,2025-06
US7995661045,US7995661045,799566104,Sana Biotechnology Inc,,EC,US,2026-01
US79957L1008,US79957L1008,79957L100,"Sanara Medtech, Inc.",,EC,US,2025-06
US80401C1009,US80401C1009,80401C100,"Satellogic, Inc.",,EC,US,2025-06
US80810D1037,US80810D1037,80810D103,Schrodinger Inc,,EC,US,2026-01
US80880W2052,US80880W2052,80880W205,Scilex Holding Co,,EC,US,2026-01
US81578P1066,US81578P1066,81578P106,"Seer, Inc.",,EC,US,2025-06
US81726A2096,US81726A2096,81726A209,"Senti Biosciences, Inc.",,EC,US,2025-06
US81734D1046,US81734D1046,81734D104,Septerna Inc,,EC,US,2026-02
US81749D1072,US81749D1072,81749D107,"Sera Prognostics, Inc.",,EC,US,2025-06
US81758H1068,US81758H1068,81758H106,Serve Robotics Inc,,EC,US,2026-02
US82024L1035,US82024L1035,82024L103,"Shattuck Labs, Inc.",,EC,US,2025-06
US82455M1099,US82455M1099,82455M109,Shimmick Corp.,,EC,US,2025-06
US82537J1088,US82537J1088,82537J108,"Shoulder Innovations, Inc.",,EC,US,2026-03
US8256981031,US8256981031,825698103,"Shyft Group, Inc. (The)",,EC,US,2025-06
US82657M1053,US82657M1053,82657M105,Sight Sciences Inc,,EC,US,2026-02
US8283591092,US8283591092,828359109,Silvercrest Asset Management Group Inc,,EC,US,2026-01
US82900L1026,US82900L1026,82900L102,Simply Good Foods Co. (The),,EC,US,2025-06
US8294011080,US8294011080,829401108,Sionna Therapeutics Inc,,EC,US,2026-02
US82983N1081,US82983N1081,82983N108,Sitio Royalties Corp.,,EC,US,2025-06
US83067L2088,US83067L2088,83067L208,"Skillz, Inc.",,EC,US,2025-06
US83085C1071,US83085C1071,83085C107,Sky Harbour Group Corp.,,EC,US,2025-06
US8321561032,US8321561032,832156103,Smith-Midland Corp.,,EC,US,2025-06
US6300791018,US6300791018,630079101,"Solesence, Inc.",,EC,US,2025-06
US83422E2046,US83422E2046,83422E204,Solid Biosciences Inc,,EC,US,2026-01
US83422N1054,US83422N1054,83422N105,Solid Power Inc,,EC,US,2026-01
US83542D3008,US83542D3008,83542D300,"Sonder Holdings, Inc.",,EC,US,2025-06
US8354831088,US8354831088,835483108,Sono-Tek Corp.,,EC,US,2025-06
US83607A1007,US83607A1007,83607A100,"Sound Financial Bancorp, Inc.",,EC,US,2025-06
US8404411097,US8404411097,840441109,SouthState Corp.,,EC,US,2025-06
US8438783073,US8438783073,843878307,"Southern States Bancshares, Inc.",,EC,US,2025-06
US84445C1009,US84445C1009,84445C100,Southland Holdings Inc,,EC,US,2026-02
US8472151005,US8472151005,847215100,SpartanNash Co.,,EC,US,2025-06
US84757T1051,US84757T1051,84757T105,"Spectral AI, Inc.",,EC,US,2025-06
US8485741099,US8485741099,848574109,"Spirit AeroSystems Holdings, Inc.",,EC,US,2025-06
US84863V1017,US84863V1017,84863V101,Spirit Aviation Holdings Inc,,EC,US,2026-03
US85209W1099,US85209W1099,85209W109,Sprout Social Inc,,EC,US,2026-02
US85236P1012,US85236P1012,85236P101,"Stabilis Solutions, Inc.",,EC,US,2025-06
US8581552036,US8581552036,858155203,"Steelcase, Inc.",,EC,US,2025-06
US8631821019,US8631821019,863182101,"Strawberry Fields REIT, Inc.",,EC,US,2025-06
US8629453007,US8629453007,862945300,"Strive, Inc.",,EC,US,2026-03
US86384P1093,US86384P1093,86384P109,Stubhub Holdings Inc,,EC,US,2026-02
US59982U2006,US59982U2006,59982U200,Sui Group Holdings Ltd,,EC,US,2026-02
US8662642037,US8662642037,866264203,Summit State Bank,,EC,US,2025-06
US8679811021,US8679811021,867981102,"Sunrise Realty Trust, Inc.",,EC,US,2025-06
US8689272032,US8689272032,868927203,"Surf Air Mobility, Inc.",,EC,US,2025-06
US8688731004,US8688731004,868873100,"Surmodics, Inc.",,EC,US,2025-06
US86889P2083,US86889P2083,86889P208,"Surrozen, Inc.",,EC,US,2025-06
US8693671021,US8693671021,869367102,"Sutro Biopharma, Inc.",,EC,US,2025-06
US87169M1053,US87169M1053,87169M105,"Syntec Optics Holdings, Inc.",,EC,US,2025-06
US8716551069,US8716551069,871655106,"Sypris Solutions, Inc.",,EC,US,2025-06
US87200P2083,US87200P2083,87200P208,"System1, Inc.",,EC,US,2025-06
US87969B1017,US87969B1017,87969B101,TELOS CORPORATION,,EC,US,2026-01
US87240R1077,US87240R1077,87240R107,TFS FINANCIAL CORPORATION,,EC,US,2026-01
US92846Q1076,US92846Q1076,92846Q107,"THE VITA COCO COMPANY, INC.",,EC,US,2026-01
US9871841089,US9871841089,987184108,THE YORK WATER COMPANY,,EC,US,2026-01
US88427A1079,US88427A1079,88427A107,THIRD HARMONIC BIO INC,,EC,US,2026-01
US8860292064,US8860292064,886029206,"THRYV HOLDINGS, INC.",,EC,US,2026-01
US8870981011,US8870981011,887098101,"TIMBERLAND BANCORP, INC.",,EC,US,2026-01
US87266M1071,US87266M1071,87266M107,TPG RE Finance Trust Inc,,EC,US,2026-02
US89531P1057,US89531P1057,89531P105,"TREX COMPANY, INC.",,EC,US,2026-01
US8983492047,US8983492047,898349204,TRUSTCO BANK CORP N Y,,EC,US,2026-01
US87288V1017,US87288V1017,87288V101,"TSS, Inc.",,EC,US,2025-06
US89854M1018,US89854M1018,89854M101,"TScan Therapeutics, Inc.",,EC,US,2025-06
US87427V1035,US87427V1035,87427V103,Talkspace Inc,,EC,US,2026-01
US87583X1090,US87583X1090,87583X109,Tango Therapeutics Inc,,EC,US,2026-01
US87650L1035,US87650L1035,87650L103,Tarsus Pharmaceuticals Inc,,EC,US,2026-02
US8776191061,US8776191061,877619106,Taysha Gene Therapies Inc,,EC,US,2026-01
US69002R1032,US69002R1032,69002R103,Teads Holding Co.,,EC,US,2025-06
US8787392005,US8787392005,878739200,TechPrecision Corp.,,EC,US,2025-06
US8789721086,US8789721086,878972108,"Tectonic Therapeutic, Inc.",,EC,US,2025-06
US8723811084,US8723811084,872381108,"Tela Bio, Inc.",,EC,US,2025-06
US87975F1049,US87975F1049,87975F104,"Telomir Pharmaceuticals, Inc.",,EC,US,2025-06
US87990A1060,US87990A1060,87990A106,"Tenaya Therapeutics, Inc.",,EC,US,2025-06
US8808811074,US8808811074,880881107,Terns Pharmaceuticals Inc,,EC,US,2026-01
US8814541020,US8814541020,881454102,Terrestrial Energy Inc,,EC,US,2026-02
US88165K1016,US88165K1016,88165K101,"Tevogen Bio Holdings, Inc.",,EC,US,2025-06
US88165K2006,US88165K2006,88165K200,"Tevogen Bio Holdings, Inc.",,EC,US,2026-03
US88231Q1085,US88231Q1085,88231Q108,"Texas Community Bancshares, Inc.",,EC,US,2025-06
US88556E1029,US88556E1029,88556E102,ThredUp Inc,,EC,US,2026-02
US88604J1034,US88604J1034,88604J103,Thumzup Media Corp.,,EC,US,2025-06
US88675P1030,US88675P1030,88675P103,"Tigo Energy, Inc.",,EC,US,2025-06
US8868851028,US8868851028,886885102,"Tilly's, Inc.",,EC,US,2025-06
US89142B1070,US89142B1070,89142B107,Torrid Holdings Inc,,EC,US,2026-02
US89157D1054,US89157D1054,89157D105,"Tourmaline Bio, Inc.",,EC,US,2025-06
US8922311019,US8922311019,892231101,"Townsquare Media, Inc.",,EC,US,2025-06
US89269P1030,US89269P1030,89269P103,Traeger Inc,,EC,US,2026-02
US89269P2020,US89269P2020,89269P202,"Traeger, Inc.",,EC,US,2026-03
US8929181035,US8929181035,892918103,"TransAct Technologies, Inc.",,EC,US,2025-06
US89422G1076,US89422G1076,89422G107,Travere Therapeutics Inc,,EC,US,2026-01
US89455T1097,US89455T1097,89455T109,Treace Medical Concepts Inc,,EC,US,2026-02
US89532M1018,US89532M1018,89532M101,Trevi Therapeutics Inc,,EC,US,2026-02
US89680M1018,US89680M1018,89680M101,"TriSalus Life Sciences, Inc.",,EC,US,2025-06
US8959701017,US8959701017,895970101,"Triller Group, Inc.",,EC,US,2025-06
US8989201038,US8989201038,898920103,"TuHURA Biosciences, Inc.",,EC,US,2025-06
US90240B1061,US90240B1061,90240B106,Tyra Biosciences Inc,,EC,US,2026-01
US9099071071,US9099071071,909907107,"UNITED BANKSHARES, INC.",,EC,US,2026-01
US9132591077,US9132591077,913259107,UNITIL CORPORATION,,EC,US,2026-01
US91347P1057,US91347P1057,91347P105,UNIVERSAL DISPLAY CORPORATION,,EC,US,2025-10
US9118053076,US9118053076,911805307,US Energy Corp.,,EC,US,2025-06
US90291W1080,US90291W1080,90291W108,"US Goldmining, Inc.",,EC,US,2025-06
US91733P1075,US91733P1075,91733P107,USA Rare Earth Inc,,EC,US,2026-02
US9099111091,US9099111091,909911109,"United Bancorp, Inc.",,EC,US,2025-06
US9114601035,US9114601035,911460103,United Security Bancshares,,EC,US,2025-06
US9115491030,US9115491030,911549103,United States Antimony Corp,,EC,US,2026-03
US9105711082,US9105711082,910571108,"United-Guardian, Inc.",,EC,US,2025-06
US91532F1021,US91532F1021,91532F102,"Unusual Machines, Inc.",,EC,US,2025-06
US91678A1079,US91678A1079,91678A107,Upstream Bio Inc,,EC,US,2026-01
US9173131080,US9173131080,917313108,"Usio, Inc.",,EC,US,2025-06
US92511U1025,US92511U1025,92511U102,VERRA MOBILITY CORPORATION,,EC,US,2026-01
CUSIP:925CVR011,,925CVR011,VERVE THERAPEUTICS INC (CVR),,EC,US,2026-01
US29430C1027,US29430C1027,29430C102,VESTIS CORPORATION,,EC,US,2026-01
US9276511097,US9276511097,927651109,VIRCO MFG CORPORATION,,EC,US,2026-01
US92854T2096,US92854T2096,92854T209,VIVID SEATS INC.,,EC,US,2026-01
US9204371002,US9204371002,920437100,"Value Line, Inc.",,EC,US,2025-06
US6934891226,US6934891226,693489122,"Veea, Inc.",,EC,US,2025-06
US92332V1070,US92332V1070,92332V107,Ventyx Biosciences Inc,,EC,US,2026-01
US92333E1047,US92333E1047,92333E104,Venu Holding Corp,,EC,US,2026-02
US92337R1014,US92337R1014,92337R101,Vera Therapeutics Inc,,EC,US,2026-02
US9233721060,US9233721060,923372106,"Verde Clean Fuels, Inc.",,EC,US,2025-06
US9234511080,US9234511080,923451108,"Veritex Holdings, Inc.",,EC,US,2025-06
US92536C1036,US92536C1036,92536C103,"Veru, Inc.",,EC,US,2025-06
US92539P1012,US92539P1012,92539P101,"Verve Therapeutics, Inc.",,EC,US,2025-06
US92557A1016,US92557A1016,92557A101,"Viant Technology, Inc.",,EC,US,2025-06
US92561V2088,US92561V2088,92561V208,"Vicarious Surgical, Inc.",,EC,US,2025-06
US92673K1088,US92673K1088,92673K108,"Vigil Neuroscience, Inc.",,EC,US,2025-06
US92719V1008,US92719V1008,92719V100,"Vimeo, Inc.",,EC,US,2025-06
US92766K4031,US92766K4031,92766K403,Virgin Galactic Holdings Inc,,EC,US,2026-02
US92840H4002,US92840H4002,92840H400,"Vistagen Therapeutics, Inc.",,EC,US,2025-06
US92854B1098,US92854B1098,92854B109,"Vivani Medical, Inc.",,EC,US,2025-06
US92854T1007,US92854T1007,92854T100,"Vivid Seats, Inc.",,EC,US,2025-06
US92918V3078,US92918V3078,92918V307,"Vroom, Inc.",,EC,US,2025-06
US9570901036,US9570901036,957090103,WESTAMERICA BANCORPORATION,,EC,US,2026-01
US92971A1097,US92971A1097,92971A109,"WM Technology, Inc.",,EC,US,2025-06
US9814191048,US9814191048,981419104,WORLD ACCEPTANCE CORPORATION,,EC,US,2026-01
US9314271084,US9314271084,931427108,"Walgreens Boots Alliance, Inc.",,EC,US,2025-06
US9470021018,US9470021018,947002101,Wealthfront Corp,,EC,US,2026-01
US94724R1086,US94724R1086,94724R108,Weave Communications Inc,,EC,US,2026-02
US94845U1051,US94845U1051,94845U105,Webtoon Entertainment Inc,,EC,US,2026-02
US95075A1079,US95075A1079,95075A107,"Werewolf Therapeutics, Inc.",,EC,US,2025-06
US96145W1036,US96145W1036,96145W103,Westrock Coffee Co,,EC,US,2026-02
US9617651040,US9617651040,961765104,"Westwood Holdings Group, Inc.",,EC,US,2025-06
US96328L2051,US96328L2051,96328L205,Wheels Up Experience Inc,,EC,US,2026-02
US96327X2009,US96327X2009,96327X200,"Where Food Comes From, Inc.",,EC,US,2025-06
US9742501029,US9742501029,974250102,Winmark Corp,,EC,US,2026-02
US98212N1072,US98212N1072,98212N107,"Wrap Technologies, Inc.",,EC,US,2025-06
US98400V1017,US98400V1017,98400V101,"XBP Europe Holdings, Inc.",,EC,US,2025-06
US98400U1034,US98400U1034,98400U103,"XCF Global, Inc.",,EC,US,2026-03
US98422E1038,US98422E1038,98422E103,"XERIS BIOPHARMA HOLDINGS, INC.",,EC,US,2026-01
US98419J2069,US98419J2069,98419J206,XOMA ROYALTY CORPORATION,,EC,US,2026-01
US98423B3069,US98423B3069,98423B306,"Xos, Inc.",,EC,US,2025-06
US98423J1016,US98423J1016,98423J101,Xperi Inc,,EC,US,2026-01
US98422X1019,US98422X1019,98422X101,Xponential Fitness Inc,,EC,US,2026-02
US9842411095,US9842411095,984241109,"Y-mAbs Therapeutics, Inc.",,EC,US,2025-06
US9897011071,US9897011071,989701107,"ZIONS BANCORPORATION, NATIONAL ASSOCIATION",,EC,US,2026-01
US98937L1052,US98937L1052,98937L105,Zenas Biopharma Inc,,EC,US,2026-02
US98943L1070,US98943L1070,98943L107,"Zentalis Pharmaceuticals, Inc.",,EC,US,2025-06
US98944F1093,US98944F1093,98944F109,Zeo Energy Corp.,,EC,US,2025-06
US98955K1043,US98955K1043,98955K104,Zevia PBC,,EC,US,2025-06
US98888T1079,US98888T1079,98888T107,"Zimvie, Inc.",,EC,US,2025-06
US98980W1071,US98980W1071,98980W107,"Zspace, Inc.",,EC,US,2025-06
US98985Y1082,US98985Y1082,98985Y108,Zymeworks Inc,,EC,US,2026-01
US98986M1036,US98986M1036,98986M103,"Zynex, Inc.",,EC,US,2025-06
US0021202025,US0021202025,002120202,"aTyr Pharma, Inc.",,EC,US,2025-06
US00857U1079,US00857U1079,00857U107,agilon health Inc,,EC,US,2026-02
US00857U2069,US00857U2069,00857U206,"agilon health, Inc.",,EC,US,2026-03
US00152K2006,US00152K2006,00152K200,aka Brands Holding Corp.,,EC,US,2025-06
US28225C8064,US28225C8064,28225C806,eGain Corp.,,EC,US,2025-06
US4618741098,US4618741098,461874109,"eXoZymes, Inc.",,EC,US,2025-06
US29415J1060,US29415J1060,29415J106,enVVeno Medical Corp.,,EC,US,2025-06
US3439281078,US3439281078,343928107,"flyExclusive, Inc.",,EC,US,2026-03
US35953D4016,US35953D4016,35953D401,"fuboTV, Inc.",,EC,US,2026-03
US44934S2068,US44934S2068,44934S206,"iCAD, Inc.",,EC,US,2025-06
US45174J5092,US45174J5092,45174J509,iHeartMedia Inc,,EC,US,2026-02
US46565G1040,US46565G1040,46565G104,"iTeos Therapeutics, Inc.",,EC,US,2025-06
US65487K1007,US65487K1007,65487K100,nLIGHT Inc,,EC,US,2026-01
VGG1110E1079,VGG1110E1079,000000000,Biohaven Ltd,,EC,VG,2026-02
VGG2662B1031,VGG2662B1031,N/A,Critical Metals Corp.,,EC,VG,2025-06
VGG6483G2099,VGG6483G2099,N/A,"Newegg Commerce, Inc.",,EC,VG,2025-06
VGG7606H1082,VGG7606H1082,N/A,"Roadzen, Inc.",,EC,VG,2025-06
VGG9833A1049,VGG9833A1049,G9833A104,Xinyi Energy Holdings Ltd.,,EC,VG,2026-02
ZAE000177218,ZAE000177218,N/A,Attacq Ltd,,EC,ZA,2026-01
ZAE000083648,ZAE000083648,000000000,Impala Platinum Holdings Ltd,,EC,ZA,2026-01
ZAE000026480,ZAE000026480,000000000,Remgro Ltd,,EC,ZA,2026-01
ZAE000203238,ZAE000203238,N/A,SA Corporate Real Estate Ltd,,EC,ZA,2026-01
CLP8716X1082,CLP8716X1082,000000000,Sociedad Quimica y Minera de Chile SA,,EP,CL,2026-01
COTK7PA00028,COTK7PA00028,000000000,Grupo Cibest SA,,EP,CO,2026-01
IT0003497176,IT0003497176,000000000,Telecom Italia SpA/Milano,,EP,IT,2026-03
"NAME:SFR-NUMERICABLE_(YPSO,_ALTICE_FRANCE)",,,"SFR-Numericable (YPSO, Altice France)",,LON,FR,2025-11
US02376CBS35,US02376CBS35,02376CBS3,"AAdvantage Loyality IP Ltd. (American Airlines, Inc.)",,LON,KY,2025-11
XAL2465BAW62,XAL2465BAW62,L2465BAW6,Alpha Topco Ltd. (Delta 2 (Lux) S.a.r.l.),,LON,LU,2025-11
US03836BAH24,US03836BAH24,03836BAH2,"Ascensus Group Holdings, Inc.",,LON,US,2025-11
US92943EAG17,US92943EAG17,92943EAG1,Boost Newco Borrower LLC (WorldPay),,LON,US,2025-11
US72431HAD26,US72431HAD26,72431HAD2,"Cornerstone Building Brands, Inc.",,LON,US,2025-11
US60753DAC83,US60753DAC83,60753DAC8,Modena Buyer LLC (End User Computing),,LON,US,2025-11
US71913BAK89,US71913BAK89,71913BAK8,Phoenix Guarantor Inc. (BrightSpring Health Services),,LON,US,2025-11
NAME:PROAMPAC_PG_BORROWER_LLC,,,Proampac PG Borrower LLC,,LON,US,2026-02
US81881KAC36,US81881KAC36,81881KAC3,SAKS GLOBAL ENTERPRISES LLC,,LON,US,2026-02
US81881KAG40,US81881KAG40,81881KAG4,SAKS GLOBAL ENTERPRISES LLC,,LON,US,2026-02
US81881KAB52,US81881KAB52,81881KAB5,SAKS Global Enterprises LLC,,LON,US,2026-02
XAG9368PBC77,XAG9368PBC77,G9368PBC7,Virgin Media 02 - LG,,LON,US,2025-11
XAG9368PBH64,XAG9368PBH64,G9368PBH6,Virgin Media 02 - LG,,LON,US,2025-11
XAN9833RAJ85,XAN9833RAJ85,N9833RAJ8,Ziggo Vodafone - LG,,LON,US,2025-11
ES06670509S9,ES06670509S9,000000000,ACS Actividades de Construccion y Servicios SA,,OTHER,ES,2026-01
US69269L1044,US69269L1044,69269L104,Ozon Holdings PLC,,OTHER,RU,2026-02
TH0068010R15,TH0068010R15,N/A,TMBTHANACHART BANK PUBLIC COMPANY LIMITED,,OTHER,TH,2026-02
CUSIP:009CVR044,,009CVR044,"Akero Therapeutics, Inc.",,OTHER,US,2026-03
US007CVR0124,US007CVR0124,007CVR012,Contra Aduro Biotech I,,OTHER,US,2025-06
US452CVR0124,US452CVR0124,452CVR012,"Contra CVR Catalyst, CVR",,OTHER,US,2025-06
US169CVR0169,US169CVR0169,169CVR016,Contra Chinook Therape,,OTHER,US,2025-06
US203CVR0142,US203CVR0142,203CVR014,Contra Communications,,OTHER,US,2025-06
US400CVR0150,US400CVR0150,N/A,"Oncternal Therapeutics, Inc.",,OTHER,US,2025-06
US684CVR0124,US684CVR0124,684CVR012,"Optinose, Inc.",,OTHER,US,2025-06
US737CVR0196,US737CVR0196,737CVR019,POSEIDA THERAPEUTICS INC RTS,,OTHER,US,2026-01
US74350P6916,US74350P6916,74350P691,ProShares GENIUS Money Market ETF,,OTHER,US,2026-02
US925CVR0115,US925CVR0115,925CVR011,VERVE THERAPEUTICS INC RTS,,OTHER,US,2026-01
US4642876555,US4642876555,464287655,iShares Trust,,OTHER,US,2025-06
US89112B2363,US89112B2363,89112B236,Toronto-Dominion Bank (The),,SN,CA,2025-12
US09656M2402,US09656M2402,09656M240,BNP Paribas Issuance BV,,SN,NL,2026-03
US09656M2659,US09656M2659,09656M265,BNP Paribas Issuance BV,,SN,NL,2026-03
US09656M2816,US09656M2816,09656M281,BNP Paribas Issuance BV,,SN,NL,2026-03
US09656M3236,US09656M3236,09656M323,BNP Paribas Issuance BV,,SN,NL,2026-03
US09656M3319,US09656M3319,09656M331,BNP Paribas Issuance BV,,SN,NL,2026-03
US09656M3491,US09656M3491,09656M349,BNP Paribas Issuance BV,,SN,NL,2026-03
US09656M3566,US09656M3566,09656M356,BNP Paribas Issuance BV,,SN,NL,2026-03
US09656M5132,US09656M5132,09656M513,BNP Paribas Issuance BV,,SN,NL,2025-12
US09656M5215,US09656M5215,09656M521,BNP Paribas Issuance BV,,SN,NL,2025-12
US09656M2576,US09656M2576,09656M257,BNP Paribas Issuance BV,,SN,US,2026-03
US09656M4895,US09656M4895,09656M489,BNP Paribas Issuance BV,,SN,US,2025-12
US09710Q4192,US09710Q4192,09710Q419,BofA Finance LLC,,SN,US,2026-03
US09710Q4689,US09710Q4689,09710Q468,BofA Finance LLC,,SN,US,2025-12
US17333P3385,US17333P3385,17333P338,"Citigroup Global Markets Holdings, Inc.",,SN,US,2025-12
US17333P3799,US17333P3799,17333P379,"Citigroup Global Markets Holdings, Inc.",,SN,US,2025-12
US17333Q1206,US17333Q1206,17333Q120,"Citigroup Global Markets Holdings, Inc.",,SN,US,2026-03
US17333Q5678,US17333Q5678,17333Q567,"Citigroup Global Markets Holdings, Inc.",,SN,US,2026-03
US17333Q7732,US17333Q7732,17333Q773,"Citigroup Global Markets Holdings, Inc.",,SN,US,2026-03
US61778W3907,US61778W3907,61778W390,Morgan Stanley Finance LLC,,SN,US,2025-12
US61778W7478,US61778W7478,61778W747,Morgan Stanley Finance LLC,,SN,US,2025-12
US61780F3854,US61780F3854,61780F385,Morgan Stanley Finance LLC,,SN,US,2026-03
US61780M1743,US61780M1743,61780M174,Morgan Stanley Finance LLC,,SN,US,2026-03
US61780M5058,US61780M5058,61780M505,Morgan Stanley Finance LLC,,SN,US,2026-03
NAME:CANADIAN_DOLLAR,,,Canadian Dollar,,STIV,CA,2026-03
US032556NJ70,US032556NJ70,032556NJ7,Anaheim Housing & Public Improvements Authority,,STIV,US,2025-11
US04048RAB24,US04048RAB24,04048RAB2,Arizona Board of Regents,,STIV,US,2026-02
US04048RXJ03,US04048RXJ03,04048RXJ0,Arizona Board of Regents,,STIV,US,2025-11
US07133AJB98,US07133AJB98,07133AJB9,Battery Park City Authority,,STIV,US,2025-11
US09248U8412,US09248U8412,09248U841,BlackRock Liquidity Funds,,STIV,US,2025-11
US1966307T89,US1966307T89,1966307T8,City of Colorado Springs Utilities System,,STIV,US,2025-11
US44244CN944,US44244CN944,44244CN94,City of Houston Combined Utility System,,STIV,US,2025-11
US64966KTD53,US64966KTD53,64966KTD5,City of New York,,STIV,US,2025-11
US64966LU414,US64966LU414,64966LU41,City of New York,,STIV,US,2025-11
US64966MGC73,US64966MGC73,64966MGC7,City of New York,,STIV,US,2025-11
US64966MSD29,US64966MSD29,64966MSD2,City of New York,,STIV,US,2026-02
US64966SNL69,US64966SNL69,64966SNL6,City of New York,,STIV,US,2025-11
US812643ZK32,US812643ZK32,812643ZK3,City of Seattle,,STIV,US,2025-11
US20775DL756,US20775DL756,20775DL75,Connecticut State Health & Educational Facilities Authority,,STIV,US,2026-02
US20775DTS17,US20775DTS17,20775DTS1,Connecticut State Health & Educational Facilities Authority,,STIV,US,2025-11
US20775DTU62,US20775DTU62,20775DTU6,Connecticut State Health & Educational Facilities Authority,,STIV,US,2026-02
US20775DZL99,US20775DZL99,20775DZL9,Connecticut State Health & Educational Facilities Authority,,STIV,US,2025-11
US495290ET12,US495290ET12,495290ET1,County of King,,STIV,US,2025-11
US495290GX06,US495290GX06,495290GX0,County of King,,STIV,US,2025-11
CUSIP:23320U405,N/A,23320U405,DIMENSIONAL FUND ADVISORS LP,,STIV,US,2026-01
CUSIP:S99991620,,S99991620,DREYFUS,,STIV,US,2026-01
NAME:DREYFUS_GOVERNMENT_CASH_MANAGE,,,DREYFUS GOVERNMENT CASH MANAGE,,STIV,US,2026-01
US254845UH17,US254845UH17,254845UH1,District of Columbia Water & Sewer Authority,,STIV,US,2025-11
US254845VV91,US254845VV91,254845VV9,District of Columbia Water & Sewer Authority,,STIV,US,2025-11
US650035MJ48,US650035MJ48,650035MJ4,Empire State Development Corp.,,STIV,US,2025-11
US31607A7037,US31607A7037,31607A703,FIDELITY COLCHESTER STR TR MONEY MKT GOV PORT,,STIV,US,2026-02
US31846V3362,US31846V3362,31846V336,First American Government Obli,,STIV,US,2026-02
CUSIP:31846V336,,31846V336,First American Government Obligations Fund,,STIV,US,2026-03
NAME:GOLDMAN_FINANCIAL,,,GOLDMAN FINANCIAL,,STIV,US,2026-01
NAME:GOLDMAN_SACHS_LIQ_ES_FD_A,,,GOLDMAN SACHS LIQ ES FD A,,STIV,US,2026-01
US38141W3236,US38141W3236,38141W323,Goldman Sachs Financial Square Treasury Obligations Fund,,STIV,US,2025-10
CUSIP:825252885,,825252885,INVESCO GOVT AND AGCY LEX,,STIV,US,2026-02
US8252528851,US8252528851,825252885,Invesco Government & Agency Portfolio,,STIV,US,2026-01
NAME:INVESCO_PRIVATE_GOVERNMENT_FUND,,,Invesco Private Government Fund,,STIV,US,2026-01
NAME:INVESCO_PRIVATE_PRIME_FUND,,,Invesco Private Prime Fund,,STIV,US,2026-01
US46613PVV56,US46613PVV56,46613PVV5,JEA Water & Sewer System,,STIV,US,2025-11
US46613PVY95,US46613PVY95,46613PVY9,JEA Water & Sewer System,,STIV,US,2025-11
US46637K8449,US46637K8449,46637K844,JPMorgan Prime Money Market Fund,,STIV,US,2026-03
CUSIP:46645V642,N/A,46645V642,JPMorgan Securities Lending Money Market Fund,,STIV,US,2025-12
US542691HU77,US542691HU77,542691HU7,Long Island Power Authority,,STIV,US,2025-11
US542691LG38,US542691LG38,542691LG3,Long Island Power Authority,,STIV,US,2025-11
US57583RWB76,US57583RWB76,57583RWB7,Massachusetts Development Finance Agency,,STIV,US,2026-02
US57563CBF86,US57563CBF86,57563CBF8,Massachusetts Transportation Trust Fund Metropolitan Highway System,,STIV,US,2025-11
US59261A3T29,US59261A3T29,59261A3T2,Metropolitan Transportation Authority,,STIV,US,2025-11
US59261AM532,US59261AM532,59261AM53,Metropolitan Transportation Authority,,STIV,US,2025-11
US59261AWK95,US59261AWK95,59261AWK9,Metropolitan Transportation Authority,,STIV,US,2025-11
US64972F2H85,US64972F2H85,64972F2H8,New York City Municipal Water Finance Authority,,STIV,US,2026-02
US64972FX277,US64972FX277,64972FX27,New York City Municipal Water Finance Authority,,STIV,US,2025-11
US64972GC857,US64972GC857,64972GC85,New York City Municipal Water Finance Authority,,STIV,US,2025-11
US64972GDC50,US64972GDC50,64972GDC5,New York City Municipal Water Finance Authority,,STIV,US,2025-11
US64972GJN51,US64972GJN51,64972GJN5,New York City Municipal Water Finance Authority,,STIV,US,2025-11
US64972GRG19,US64972GRG19,64972GRG1,New York City Municipal Water Finance Authority,,STIV,US,2025-11
US64971XKS61,US64971XKS61,64971XKS6,New York City Transitional Finance Authority Future Tax Secured,,STIV,US,2025-11
US677632P395,US677632P395,677632P39,Ohio State University (The),,STIV,US,2025-11
US677632R946,US677632R946,677632R94,Ohio State University (The),,STIV,US,2026-02
US7092248P76,US7092248P76,7092248P7,Pennsylvania Turnpike Commission,,STIV,US,2025-11
US709224M309,US709224M309,709224M30,Pennsylvania Turnpike Commission,,STIV,US,2025-11
US709225AA45,US709225AA45,709225AA4,Pennsylvania Turnpike Commission,,STIV,US,2025-11
US709225SU17,US709225SU17,709225SU1,Pennsylvania Turnpike Commission,,STIV,US,2026-02
US735439NE76,US735439NE76,735439NE7,Port of Tacoma,,STIV,US,2025-11
US79642GTU66,US79642GTU66,79642GTU6,San Antonio Water System,,STIV,US,2026-02
US837151WN58,US837151WN58,837151WN5,South Carolina Public Service Authority,,STIV,US,2025-11
US842475M859,US842475M859,842475M85,Southern California Public Power Authority,,STIV,US,2026-02
NAME:STATE_STREET_NAVIGATOR_SECURITIES_LENDING_TRUST_-_STATE_STREET_NAVIGATOR_SECURIT,,,State Street Navigator Securities Lending Trust - State Street Navigator Securities Lending Government Money Market Portfolio,,STIV,US,2026-02
US89602RFX89,US89602RFX89,89602RFX8,Triborough Bridge & Tunnel Authority,,STIV,US,2025-11
US89602RKE44,US89602RKE44,89602RKE4,Triborough Bridge & Tunnel Authority,,STIV,US,2025-11
US89602RPH20,US89602RPH20,89602RPH2,Triborough Bridge & Tunnel Authority,,STIV,US,2026-02
US91412GSG19,US91412GSG19,91412GSG1,University of California,,STIV,US,2026-02
US91412GSK21,US91412GSK21,91412GSK2,University of California,,STIV,US,2025-11
US914455LR99,US914455LR99,914455LR9,University of Michigan,,STIV,US,2025-11
NAME:VANGUARD_CMT_FUNDS-VANGUARD_MARKET_LIQUIDITY_FUND,,,Vanguard Cmt Funds-Vanguard Market Liquidity Fund,,STIV,US,2025-12
US940158HR25,US940158HR25,940158HR2,Washington Suburban Sanitary Commission,,STIV,US,2025-11
US940158HT80,US940158HT80,940158HT8,Washington Suburban Sanitary Commission,,STIV,US,2025-11
